Command line invocation:
    /Applications/Xcode.app/Contents/Developer/usr/bin/xcodebuild -project "/Users/roeylibfeld/Documents/KARI Creatives/DaBin/native/DaBin.xcodeproj" -scheme DaBin -configuration Release -destination generic/platform=macOS -derivedDataPath "/Users/roeylibfeld/Documents/KARI Creatives/DaBin/native/build/store-projects-verified-20261005T125220Z/derived-data" -disableAutomaticPackageResolution CODE_SIGNING_ALLOWED=NO CODE_SIGNING_REQUIRED=NO CODE_SIGN_IDENTITY= ARCHS=arm64 ONLY_ACTIVE_ARCH=NO SWIFT_ACTIVE_COMPILATION_CONDITIONS= "INFOPLIST_FILE=/Users/roeylibfeld/Documents/KARI Creatives/DaBin/native/build/store-projects-verified-20261005T125220Z/Store-Info.plist" build

Build settings from command line:
    ARCHS = arm64
    CODE_SIGN_IDENTITY = 
    CODE_SIGNING_ALLOWED = NO
    CODE_SIGNING_REQUIRED = NO
    INFOPLIST_FILE = /Users/roeylibfeld/Documents/KARI Creatives/DaBin/native/build/store-projects-verified-20261005T125220Z/Store-Info.plist
    ONLY_ACTIVE_ARCH = NO
    SWIFT_ACTIVE_COMPILATION_CONDITIONS = 

note: Using codesigning identity override: 
ComputePackagePrebuildTargetDependencyGraph

Prepare packages

CreateBuildRequest

SendProjectDescription

CreateBuildOperation

ComputeTargetDependencyGraph
note: Building targets in dependency order
note: Target dependency graph (1 target)
    Target 'DaBin' in project 'DaBin' (no dependencies)

GatherProvisioningInputs

CreateBuildDescription

ExecuteExternalTool /Applications/Xcode.app/Contents/Developer/Toolchains/XcodeDefault.xctoolchain/usr/bin/clang -v -E -dM -isysroot /Applications/Xcode.app/Contents/Developer/Platforms/MacOSX.platform/Developer/SDKs/MacOSX27.0.sdk -x c -c /dev/null

ExecuteExternalTool /Applications/Xcode.app/Contents/Developer/Toolchains/XcodeDefault.xctoolchain/usr/bin/swiftc --version

ExecuteExternalTool /Applications/Xcode.app/Contents/Developer/Toolchains/XcodeDefault.xctoolchain/usr/bin/ld -version_details

Build description signature: 19d8ea4167c084d9ce3ec5849834021f
Build description path: /Users/roeylibfeld/Documents/KARI Creatives/DaBin/native/build/store-projects-verified-20261005T125220Z/derived-data/Build/Intermediates.noindex/XCBuildData/19d8ea4167c084d9ce3ec5849834021f.xcbuilddata
CreateBuildDirectory /Users/roeylibfeld/Documents/KARI\ Creatives/DaBin/native/build/store-projects-verified-20261005T125220Z/derived-data/ModuleCache.noindex
    cd /Users/roeylibfeld/Documents/KARI\ Creatives/DaBin/native/DaBin.xcodeproj
    builtin-create-build-directory /Users/roeylibfeld/Documents/KARI\ Creatives/DaBin/native/build/store-projects-verified-20261005T125220Z/derived-data/ModuleCache.noindex

CreateBuildDirectory /Users/roeylibfeld/Documents/KARI\ Creatives/DaBin/native/build/store-projects-verified-20261005T125220Z/derived-data/CompilationCache.noindex
    cd /Users/roeylibfeld/Documents/KARI\ Creatives/DaBin/native/DaBin.xcodeproj
    builtin-create-build-directory /Users/roeylibfeld/Documents/KARI\ Creatives/DaBin/native/build/store-projects-verified-20261005T125220Z/derived-data/CompilationCache.noindex

CreateBuildDirectory /Users/roeylibfeld/Documents/KARI\ Creatives/DaBin/native/build/store-projects-verified-20261005T125220Z/derived-data/SDKExplicitPrecompiledModules
    cd /Users/roeylibfeld/Documents/KARI\ Creatives/DaBin/native/DaBin.xcodeproj
    builtin-create-build-directory /Users/roeylibfeld/Documents/KARI\ Creatives/DaBin/native/build/store-projects-verified-20261005T125220Z/derived-data/SDKExplicitPrecompiledModules

ClangStatCache /Applications/Xcode.app/Contents/Developer/Toolchains/XcodeDefault.xctoolchain/usr/bin/clang-stat-cache /Applications/Xcode.app/Contents/Developer/Platforms/MacOSX.platform/Developer/SDKs/MacOSX27.0.sdk /Users/roeylibfeld/Documents/KARI\ Creatives/DaBin/native/build/store-projects-verified-20261005T125220Z/derived-data/SDKStatCaches.noindex/macosx27.0-26A425-7231f6df4def33e022ae2eb8f782df1a.sdkstatcache
    cd /Users/roeylibfeld/Documents/KARI\ Creatives/DaBin/native/DaBin.xcodeproj
    /Applications/Xcode.app/Contents/Developer/Toolchains/XcodeDefault.xctoolchain/usr/bin/clang-stat-cache /Applications/Xcode.app/Contents/Developer/Platforms/MacOSX.platform/Developer/SDKs/MacOSX27.0.sdk -o /Users/roeylibfeld/Documents/KARI\ Creatives/DaBin/native/build/store-projects-verified-20261005T125220Z/derived-data/SDKStatCaches.noindex/macosx27.0-26A425-7231f6df4def33e022ae2eb8f782df1a.sdkstatcache

CreateBuildDirectory /Users/roeylibfeld/Documents/KARI\ Creatives/DaBin/native/build/store-projects-verified-20261005T125220Z/derived-data/Build/Products
    cd /Users/roeylibfeld/Documents/KARI\ Creatives/DaBin/native/DaBin.xcodeproj
    builtin-create-build-directory /Users/roeylibfeld/Documents/KARI\ Creatives/DaBin/native/build/store-projects-verified-20261005T125220Z/derived-data/Build/Products

CreateBuildDirectory /Users/roeylibfeld/Documents/KARI\ Creatives/DaBin/native/build/store-projects-verified-20261005T125220Z/derived-data/Build/Intermediates.noindex
    cd /Users/roeylibfeld/Documents/KARI\ Creatives/DaBin/native/DaBin.xcodeproj
    builtin-create-build-directory /Users/roeylibfeld/Documents/KARI\ Creatives/DaBin/native/build/store-projects-verified-20261005T125220Z/derived-data/Build/Intermediates.noindex

CreateBuildDirectory /Users/roeylibfeld/Documents/KARI\ Creatives/DaBin/native/build/store-projects-verified-20261005T125220Z/derived-data/Build/Products/Release
    cd /Users/roeylibfeld/Documents/KARI\ Creatives/DaBin/native/DaBin.xcodeproj
    builtin-create-build-directory /Users/roeylibfeld/Documents/KARI\ Creatives/DaBin/native/build/store-projects-verified-20261005T125220Z/derived-data/Build/Products/Release

CreateBuildDirectory /Users/roeylibfeld/Documents/KARI\ Creatives/DaBin/native/build/store-projects-verified-20261005T125220Z/derived-data/Build/Intermediates.noindex/ExplicitPrecompiledModules
    cd /Users/roeylibfeld/Documents/KARI\ Creatives/DaBin/native/DaBin.xcodeproj
    builtin-create-build-directory /Users/roeylibfeld/Documents/KARI\ Creatives/DaBin/native/build/store-projects-verified-20261005T125220Z/derived-data/Build/Intermediates.noindex/ExplicitPrecompiledModules

CreateBuildDirectory /Users/roeylibfeld/Documents/KARI\ Creatives/DaBin/native/build/store-projects-verified-20261005T125220Z/derived-data/Build/Intermediates.noindex/SwiftExplicitPrecompiledModules
    cd /Users/roeylibfeld/Documents/KARI\ Creatives/DaBin/native/DaBin.xcodeproj
    builtin-create-build-directory /Users/roeylibfeld/Documents/KARI\ Creatives/DaBin/native/build/store-projects-verified-20261005T125220Z/derived-data/Build/Intermediates.noindex/SwiftExplicitPrecompiledModules

CreateBuildDirectory /Users/roeylibfeld/Documents/KARI\ Creatives/DaBin/native/build/store-projects-verified-20261005T125220Z/derived-data/Build/Intermediates.noindex/PrecompiledHeaders
    cd /Users/roeylibfeld/Documents/KARI\ Creatives/DaBin/native/DaBin.xcodeproj
    builtin-create-build-directory /Users/roeylibfeld/Documents/KARI\ Creatives/DaBin/native/build/store-projects-verified-20261005T125220Z/derived-data/Build/Intermediates.noindex/PrecompiledHeaders

CreateBuildDirectory /Users/roeylibfeld/Documents/KARI\ Creatives/DaBin/native/build/store-projects-verified-20261005T125220Z/derived-data/Build/Intermediates.noindex/EagerLinkingTBDs/Release
    cd /Users/roeylibfeld/Documents/KARI\ Creatives/DaBin/native/DaBin.xcodeproj
    builtin-create-build-directory /Users/roeylibfeld/Documents/KARI\ Creatives/DaBin/native/build/store-projects-verified-20261005T125220Z/derived-data/Build/Intermediates.noindex/EagerLinkingTBDs/Release

WriteAuxiliaryFile /Users/roeylibfeld/Documents/KARI\ Creatives/DaBin/native/build/store-projects-verified-20261005T125220Z/derived-data/Build/Intermediates.noindex/DaBin.build/Release/DaBin-3054bc69c6cf927e91acad80e75a3dd3-VFS/all-product-headers.yaml
    cd /Users/roeylibfeld/Documents/KARI\ Creatives/DaBin/native/DaBin.xcodeproj
    write-file /Users/roeylibfeld/Documents/KARI\ Creatives/DaBin/native/build/store-projects-verified-20261005T125220Z/derived-data/Build/Intermediates.noindex/DaBin.build/Release/DaBin-3054bc69c6cf927e91acad80e75a3dd3-VFS/all-product-headers.yaml

WriteAuxiliaryFile /Users/roeylibfeld/Documents/KARI\ Creatives/DaBin/native/build/store-projects-verified-20261005T125220Z/derived-data/Build/Intermediates.noindex/DaBin.build/Release/DaBin.build/DaBin-own-target-headers.hmap (in target 'DaBin' from project 'DaBin')
    cd /Users/roeylibfeld/Documents/KARI\ Creatives/DaBin/native
    write-file /Users/roeylibfeld/Documents/KARI\ Creatives/DaBin/native/build/store-projects-verified-20261005T125220Z/derived-data/Build/Intermediates.noindex/DaBin.build/Release/DaBin.build/DaBin-own-target-headers.hmap

WriteAuxiliaryFile /Users/roeylibfeld/Documents/KARI\ Creatives/DaBin/native/build/store-projects-verified-20261005T125220Z/derived-data/Build/Intermediates.noindex/DaBin.build/Release/DaBin.build/DaBin-generated-files.hmap (in target 'DaBin' from project 'DaBin')
    cd /Users/roeylibfeld/Documents/KARI\ Creatives/DaBin/native
    write-file /Users/roeylibfeld/Documents/KARI\ Creatives/DaBin/native/build/store-projects-verified-20261005T125220Z/derived-data/Build/Intermediates.noindex/DaBin.build/Release/DaBin.build/DaBin-generated-files.hmap

WriteAuxiliaryFile /Users/roeylibfeld/Documents/KARI\ Creatives/DaBin/native/build/store-projects-verified-20261005T125220Z/derived-data/Build/Intermediates.noindex/DaBin.build/Release/DaBin.build/DaBin.DependencyStaticMetadataFileList (in target 'DaBin' from project 'DaBin')
    cd /Users/roeylibfeld/Documents/KARI\ Creatives/DaBin/native
    write-file /Users/roeylibfeld/Documents/KARI\ Creatives/DaBin/native/build/store-projects-verified-20261005T125220Z/derived-data/Build/Intermediates.noindex/DaBin.build/Release/DaBin.build/DaBin.DependencyStaticMetadataFileList

WriteAuxiliaryFile /Users/roeylibfeld/Documents/KARI\ Creatives/DaBin/native/build/store-projects-verified-20261005T125220Z/derived-data/Build/Intermediates.noindex/DaBin.build/Release/DaBin.build/DaBin.DependencyMetadataFileList (in target 'DaBin' from project 'DaBin')
    cd /Users/roeylibfeld/Documents/KARI\ Creatives/DaBin/native
    write-file /Users/roeylibfeld/Documents/KARI\ Creatives/DaBin/native/build/store-projects-verified-20261005T125220Z/derived-data/Build/Intermediates.noindex/DaBin.build/Release/DaBin.build/DaBin.DependencyMetadataFileList

WriteAuxiliaryFile /Users/roeylibfeld/Documents/KARI\ Creatives/DaBin/native/build/store-projects-verified-20261005T125220Z/derived-data/Build/Intermediates.noindex/DaBin.build/Release/DaBin.build/DaBin-all-target-headers.hmap (in target 'DaBin' from project 'DaBin')
    cd /Users/roeylibfeld/Documents/KARI\ Creatives/DaBin/native
    write-file /Users/roeylibfeld/Documents/KARI\ Creatives/DaBin/native/build/store-projects-verified-20261005T125220Z/derived-data/Build/Intermediates.noindex/DaBin.build/Release/DaBin.build/DaBin-all-target-headers.hmap

WriteAuxiliaryFile /Users/roeylibfeld/Documents/KARI\ Creatives/DaBin/native/build/store-projects-verified-20261005T125220Z/derived-data/Build/Intermediates.noindex/DaBin.build/Release/DaBin.build/DaBin-all-non-framework-target-headers.hmap (in target 'DaBin' from project 'DaBin')
    cd /Users/roeylibfeld/Documents/KARI\ Creatives/DaBin/native
    write-file /Users/roeylibfeld/Documents/KARI\ Creatives/DaBin/native/build/store-projects-verified-20261005T125220Z/derived-data/Build/Intermediates.noindex/DaBin.build/Release/DaBin.build/DaBin-all-non-framework-target-headers.hmap

WriteAuxiliaryFile /Users/roeylibfeld/Documents/KARI\ Creatives/DaBin/native/build/store-projects-verified-20261005T125220Z/derived-data/Build/Intermediates.noindex/DaBin.build/Release/DaBin.build/DaBin-project-headers.hmap (in target 'DaBin' from project 'DaBin')
    cd /Users/roeylibfeld/Documents/KARI\ Creatives/DaBin/native
    write-file /Users/roeylibfeld/Documents/KARI\ Creatives/DaBin/native/build/store-projects-verified-20261005T125220Z/derived-data/Build/Intermediates.noindex/DaBin.build/Release/DaBin.build/DaBin-project-headers.hmap

WriteAuxiliaryFile /Users/roeylibfeld/Documents/KARI\ Creatives/DaBin/native/build/store-projects-verified-20261005T125220Z/derived-data/Build/Intermediates.noindex/DaBin.build/Release/DaBin.build/DaBin.hmap (in target 'DaBin' from project 'DaBin')
    cd /Users/roeylibfeld/Documents/KARI\ Creatives/DaBin/native
    write-file /Users/roeylibfeld/Documents/KARI\ Creatives/DaBin/native/build/store-projects-verified-20261005T125220Z/derived-data/Build/Intermediates.noindex/DaBin.build/Release/DaBin.build/DaBin.hmap

WriteAuxiliaryFile /Users/roeylibfeld/Documents/KARI\ Creatives/DaBin/native/build/store-projects-verified-20261005T125220Z/derived-data/Build/Intermediates.noindex/DaBin.build/Release/DaBin.build/Objects-normal/arm64/DaBin.LinkFileList (in target 'DaBin' from project 'DaBin')
    cd /Users/roeylibfeld/Documents/KARI\ Creatives/DaBin/native
    write-file /Users/roeylibfeld/Documents/KARI\ Creatives/DaBin/native/build/store-projects-verified-20261005T125220Z/derived-data/Build/Intermediates.noindex/DaBin.build/Release/DaBin.build/Objects-normal/arm64/DaBin.LinkFileList

WriteAuxiliaryFile /Users/roeylibfeld/Documents/KARI\ Creatives/DaBin/native/build/store-projects-verified-20261005T125220Z/derived-data/Build/Intermediates.noindex/DaBin.build/Release/DaBin.build/Objects-normal/arm64/DaBin_const_extract_protocols.json (in target 'DaBin' from project 'DaBin')
    cd /Users/roeylibfeld/Documents/KARI\ Creatives/DaBin/native
    write-file /Users/roeylibfeld/Documents/KARI\ Creatives/DaBin/native/build/store-projects-verified-20261005T125220Z/derived-data/Build/Intermediates.noindex/DaBin.build/Release/DaBin.build/Objects-normal/arm64/DaBin_const_extract_protocols.json

WriteAuxiliaryFile /Users/roeylibfeld/Documents/KARI\ Creatives/DaBin/native/build/store-projects-verified-20261005T125220Z/derived-data/Build/Intermediates.noindex/DaBin.build/Release/DaBin.build/Objects-normal/arm64/DaBin-OutputFileMap.json (in target 'DaBin' from project 'DaBin')
    cd /Users/roeylibfeld/Documents/KARI\ Creatives/DaBin/native
    write-file /Users/roeylibfeld/Documents/KARI\ Creatives/DaBin/native/build/store-projects-verified-20261005T125220Z/derived-data/Build/Intermediates.noindex/DaBin.build/Release/DaBin.build/Objects-normal/arm64/DaBin-OutputFileMap.json

WriteAuxiliaryFile /Users/roeylibfeld/Documents/KARI\ Creatives/DaBin/native/build/store-projects-verified-20261005T125220Z/derived-data/Build/Intermediates.noindex/DaBin.build/Release/DaBin.build/Objects-normal/arm64/DaBin.SwiftFileList (in target 'DaBin' from project 'DaBin')
    cd /Users/roeylibfeld/Documents/KARI\ Creatives/DaBin/native
    write-file /Users/roeylibfeld/Documents/KARI\ Creatives/DaBin/native/build/store-projects-verified-20261005T125220Z/derived-data/Build/Intermediates.noindex/DaBin.build/Release/DaBin.build/Objects-normal/arm64/DaBin.SwiftFileList

WriteAuxiliaryFile /Users/roeylibfeld/Documents/KARI\ Creatives/DaBin/native/build/store-projects-verified-20261005T125220Z/derived-data/Build/Intermediates.noindex/DaBin.build/Release/DaBin.build/Objects-normal/arm64/DaBin.SwiftConstValuesFileList (in target 'DaBin' from project 'DaBin')
    cd /Users/roeylibfeld/Documents/KARI\ Creatives/DaBin/native
    write-file /Users/roeylibfeld/Documents/KARI\ Creatives/DaBin/native/build/store-projects-verified-20261005T125220Z/derived-data/Build/Intermediates.noindex/DaBin.build/Release/DaBin.build/Objects-normal/arm64/DaBin.SwiftConstValuesFileList

MkDir /Users/roeylibfeld/Documents/KARI\ Creatives/DaBin/native/build/store-projects-verified-20261005T125220Z/derived-data/Build/Products/Release/DaBin.app/Contents/Resources (in target 'DaBin' from project 'DaBin')
    cd /Users/roeylibfeld/Documents/KARI\ Creatives/DaBin/native
    /bin/mkdir -p /Users/roeylibfeld/Documents/KARI\ Creatives/DaBin/native/build/store-projects-verified-20261005T125220Z/derived-data/Build/Products/Release/DaBin.app/Contents/Resources

MkDir /Users/roeylibfeld/Documents/KARI\ Creatives/DaBin/native/build/store-projects-verified-20261005T125220Z/derived-data/Build/Products/Release/DaBin.app/Contents/MacOS (in target 'DaBin' from project 'DaBin')
    cd /Users/roeylibfeld/Documents/KARI\ Creatives/DaBin/native
    /bin/mkdir -p /Users/roeylibfeld/Documents/KARI\ Creatives/DaBin/native/build/store-projects-verified-20261005T125220Z/derived-data/Build/Products/Release/DaBin.app/Contents/MacOS

MkDir /Users/roeylibfeld/Documents/KARI\ Creatives/DaBin/native/build/store-projects-verified-20261005T125220Z/derived-data/Build/Products/Release/DaBin.app/Contents (in target 'DaBin' from project 'DaBin')
    cd /Users/roeylibfeld/Documents/KARI\ Creatives/DaBin/native
    /bin/mkdir -p /Users/roeylibfeld/Documents/KARI\ Creatives/DaBin/native/build/store-projects-verified-20261005T125220Z/derived-data/Build/Products/Release/DaBin.app/Contents

MkDir /Users/roeylibfeld/Documents/KARI\ Creatives/DaBin/native/build/store-projects-verified-20261005T125220Z/derived-data/Build/Products/Release/DaBin.app (in target 'DaBin' from project 'DaBin')
    cd /Users/roeylibfeld/Documents/KARI\ Creatives/DaBin/native
    /bin/mkdir -p /Users/roeylibfeld/Documents/KARI\ Creatives/DaBin/native/build/store-projects-verified-20261005T125220Z/derived-data/Build/Products/Release/DaBin.app

CpResource /Users/roeylibfeld/Documents/KARI\ Creatives/DaBin/native/build/store-projects-verified-20261005T125220Z/derived-data/Build/Products/Release/DaBin.app/Contents/Resources/robot.svg /Users/roeylibfeld/Documents/KARI\ Creatives/DaBin/native/Resources/robot.svg (in target 'DaBin' from project 'DaBin')
    cd /Users/roeylibfeld/Documents/KARI\ Creatives/DaBin/native
    builtin-copy -exclude .DS_Store -exclude CVS -exclude .svn -exclude .git -exclude .hg -strip-unsigned-binaries -strip-deterministic -strip-tool /Applications/Xcode.app/Contents/Developer/Toolchains/XcodeDefault.xctoolchain/usr/bin/strip -resolve-src-symlinks /Users/roeylibfeld/Documents/KARI\ Creatives/DaBin/native/Resources/robot.svg /Users/roeylibfeld/Documents/KARI\ Creatives/DaBin/native/build/store-projects-verified-20261005T125220Z/derived-data/Build/Products/Release/DaBin.app/Contents/Resources

CpResource /Users/roeylibfeld/Documents/KARI\ Creatives/DaBin/native/build/store-projects-verified-20261005T125220Z/derived-data/Build/Products/Release/DaBin.app/Contents/Resources/PrivacyPolicy.md /Users/roeylibfeld/Documents/KARI\ Creatives/DaBin/native/Resources/PrivacyPolicy.md (in target 'DaBin' from project 'DaBin')
    cd /Users/roeylibfeld/Documents/KARI\ Creatives/DaBin/native
    builtin-copy -exclude .DS_Store -exclude CVS -exclude .svn -exclude .git -exclude .hg -strip-unsigned-binaries -strip-deterministic -strip-tool /Applications/Xcode.app/Contents/Developer/Toolchains/XcodeDefault.xctoolchain/usr/bin/strip -resolve-src-symlinks /Users/roeylibfeld/Documents/KARI\ Creatives/DaBin/native/Resources/PrivacyPolicy.md /Users/roeylibfeld/Documents/KARI\ Creatives/DaBin/native/build/store-projects-verified-20261005T125220Z/derived-data/Build/Products/Release/DaBin.app/Contents/Resources

CpResource /Users/roeylibfeld/Documents/KARI\ Creatives/DaBin/native/build/store-projects-verified-20261005T125220Z/derived-data/Build/Products/Release/DaBin.app/Contents/Resources/PrivacyInfo.xcprivacy /Users/roeylibfeld/Documents/KARI\ Creatives/DaBin/native/Resources/PrivacyInfo.xcprivacy (in target 'DaBin' from project 'DaBin')
    cd /Users/roeylibfeld/Documents/KARI\ Creatives/DaBin/native
    builtin-copy -exclude .DS_Store -exclude CVS -exclude .svn -exclude .git -exclude .hg -strip-unsigned-binaries -strip-deterministic -strip-tool /Applications/Xcode.app/Contents/Developer/Toolchains/XcodeDefault.xctoolchain/usr/bin/strip -resolve-src-symlinks /Users/roeylibfeld/Documents/KARI\ Creatives/DaBin/native/Resources/PrivacyInfo.xcprivacy /Users/roeylibfeld/Documents/KARI\ Creatives/DaBin/native/build/store-projects-verified-20261005T125220Z/derived-data/Build/Products/Release/DaBin.app/Contents/Resources

ProcessInfoPlistFile /Users/roeylibfeld/Documents/KARI\ Creatives/DaBin/native/build/store-projects-verified-20261005T125220Z/derived-data/Build/Products/Release/DaBin.app/Contents/Info.plist /Users/roeylibfeld/Documents/KARI\ Creatives/DaBin/native/build/store-projects-verified-20261005T125220Z/Store-Info.plist (in target 'DaBin' from project 'DaBin')
    cd /Users/roeylibfeld/Documents/KARI\ Creatives/DaBin/native
    builtin-infoPlistUtility /Users/roeylibfeld/Documents/KARI\ Creatives/DaBin/native/build/store-projects-verified-20261005T125220Z/Store-Info.plist -producttype com.apple.product-type.application -genpkginfo /Users/roeylibfeld/Documents/KARI\ Creatives/DaBin/native/build/store-projects-verified-20261005T125220Z/derived-data/Build/Products/Release/DaBin.app/Contents/PkgInfo -expandbuildsettings -platform macosx -o /Users/roeylibfeld/Documents/KARI\ Creatives/DaBin/native/build/store-projects-verified-20261005T125220Z/derived-data/Build/Products/Release/DaBin.app/Contents/Info.plist

CpResource /Users/roeylibfeld/Documents/KARI\ Creatives/DaBin/native/build/store-projects-verified-20261005T125220Z/derived-data/Build/Products/Release/DaBin.app/Contents/Resources/AppIcon.icns /Users/roeylibfeld/Documents/KARI\ Creatives/DaBin/native/Resources/AppIcon.icns (in target 'DaBin' from project 'DaBin')
    cd /Users/roeylibfeld/Documents/KARI\ Creatives/DaBin/native
    builtin-copy -exclude .DS_Store -exclude CVS -exclude .svn -exclude .git -exclude .hg -strip-unsigned-binaries -strip-deterministic -strip-tool /Applications/Xcode.app/Contents/Developer/Toolchains/XcodeDefault.xctoolchain/usr/bin/strip -resolve-src-symlinks /Users/roeylibfeld/Documents/KARI\ Creatives/DaBin/native/Resources/AppIcon.icns /Users/roeylibfeld/Documents/KARI\ Creatives/DaBin/native/build/store-projects-verified-20261005T125220Z/derived-data/Build/Products/Release/DaBin.app/Contents/Resources

SwiftDriver DaBin normal arm64 com.apple.xcode.tools.swift.compiler (in target 'DaBin' from project 'DaBin')
    cd /Users/roeylibfeld/Documents/KARI\ Creatives/DaBin/native
    builtin-SwiftDriver -- /Applications/Xcode.app/Contents/Developer/Toolchains/XcodeDefault.xctoolchain/usr/bin/swiftc -module-name DaBin -O -whole-module-optimization @/Users/roeylibfeld/Documents/KARI\ Creatives/DaBin/native/build/store-projects-verified-20261005T125220Z/derived-data/Build/Intermediates.noindex/DaBin.build/Release/DaBin.build/Objects-normal/arm64/DaBin.SwiftFileList -enable-bare-slash-regex -enable-experimental-feature DebugDescriptionMacro -sdk /Applications/Xcode.app/Contents/Developer/Platforms/MacOSX.platform/Developer/SDKs/MacOSX27.0.sdk -target arm64-apple-macos14.0 -g -module-cache-path /Users/roeylibfeld/Documents/KARI\ Creatives/DaBin/native/build/store-projects-verified-20261005T125220Z/derived-data/ModuleCache.noindex -Xfrontend -serialize-debugging-options -warnings-as-errors -swift-version 5 -I /Users/roeylibfeld/Documents/KARI\ Creatives/DaBin/native/build/store-projects-verified-20261005T125220Z/derived-data/Build/Products/Release -F /Users/roeylibfeld/Documents/KARI\ Creatives/DaBin/native/build/store-projects-verified-20261005T125220Z/derived-data/Build/Products/Release -c -num-threads 15 -Xcc -ivfsstatcache -Xcc /Users/roeylibfeld/Documents/KARI\ Creatives/DaBin/native/build/store-projects-verified-20261005T125220Z/derived-data/SDKStatCaches.noindex/macosx27.0-26A425-7231f6df4def33e022ae2eb8f782df1a.sdkstatcache -output-file-map /Users/roeylibfeld/Documents/KARI\ Creatives/DaBin/native/build/store-projects-verified-20261005T125220Z/derived-data/Build/Intermediates.noindex/DaBin.build/Release/DaBin.build/Objects-normal/arm64/DaBin-OutputFileMap.json -save-temps -no-color-diagnostics -explicit-module-build -module-cache-path /Users/roeylibfeld/Documents/KARI\ Creatives/DaBin/native/build/store-projects-verified-20261005T125220Z/derived-data/Build/Intermediates.noindex/SwiftExplicitPrecompiledModules -clang-scanner-module-cache-path /Users/roeylibfeld/Documents/KARI\ Creatives/DaBin/native/build/store-projects-verified-20261005T125220Z/derived-data/ModuleCache.noindex -sdk-module-cache-path /Users/roeylibfeld/Documents/KARI\ Creatives/DaBin/native/build/store-projects-verified-20261005T125220Z/derived-data/SDKExplicitPrecompiledModules -emit-dependencies -emit-module -emit-module-path /Users/roeylibfeld/Documents/KARI\ Creatives/DaBin/native/build/store-projects-verified-20261005T125220Z/derived-data/Build/Intermediates.noindex/DaBin.build/Release/DaBin.build/Objects-normal/arm64/DaBin.swiftmodule -serialize-diagnostics -dependency-scan-serialize-diagnostics-path /Users/roeylibfeld/Documents/KARI\ Creatives/DaBin/native/build/store-projects-verified-20261005T125220Z/derived-data/Build/Intermediates.noindex/DaBin.build/Release/DaBin.build/Objects-normal/arm64/DaBin-dependency-scan.dia -validate-clang-modules-once -clang-build-session-file /Users/roeylibfeld/Documents/KARI\ Creatives/DaBin/native/build/store-projects-verified-20261005T125220Z/derived-data/ModuleCache.noindex/Session.modulevalidation -Xcc -fmodules-prune-interval\=86400 -Xcc -fmodules-prune-after\=345600 -emit-const-values -const-gather-protocols-list /Users/roeylibfeld/Documents/KARI\ Creatives/DaBin/native/build/store-projects-verified-20261005T125220Z/derived-data/Build/Intermediates.noindex/DaBin.build/Release/DaBin.build/Objects-normal/arm64/DaBin_const_extract_protocols.json -Xcc -iquote -Xcc /Users/roeylibfeld/Documents/KARI\ Creatives/DaBin/native/build/store-projects-verified-20261005T125220Z/derived-data/Build/Intermediates.noindex/DaBin.build/Release/DaBin.build/DaBin-generated-files.hmap -Xcc -I/Users/roeylibfeld/Documents/KARI\ Creatives/DaBin/native/build/store-projects-verified-20261005T125220Z/derived-data/Build/Intermediates.noindex/DaBin.build/Release/DaBin.build/DaBin-own-target-headers.hmap -Xcc -I/Users/roeylibfeld/Documents/KARI\ Creatives/DaBin/native/build/store-projects-verified-20261005T125220Z/derived-data/Build/Intermediates.noindex/DaBin.build/Release/DaBin.build/DaBin-all-target-headers.hmap -Xcc -iquote -Xcc /Users/roeylibfeld/Documents/KARI\ Creatives/DaBin/native/build/store-projects-verified-20261005T125220Z/derived-data/Build/Intermediates.noindex/DaBin.build/Release/DaBin.build/DaBin-project-headers.hmap -Xcc -I/Users/roeylibfeld/Documents/KARI\ Creatives/DaBin/native/build/store-projects-verified-20261005T125220Z/derived-data/Build/Products/Release/include -Xcc -I/Users/roeylibfeld/Documents/KARI\ Creatives/DaBin/native/build/store-projects-verified-20261005T125220Z/derived-data/Build/Intermediates.noindex/DaBin.build/Release/DaBin.build/DerivedSources-normal/arm64 -Xcc -I/Users/roeylibfeld/Documents/KARI\ Creatives/DaBin/native/build/store-projects-verified-20261005T125220Z/derived-data/Build/Intermediates.noindex/DaBin.build/Release/DaBin.build/DerivedSources/arm64 -Xcc -I/Users/roeylibfeld/Documents/KARI\ Creatives/DaBin/native/build/store-projects-verified-20261005T125220Z/derived-data/Build/Intermediates.noindex/DaBin.build/Release/DaBin.build/DerivedSources -emit-objc-header -emit-objc-header-path /Users/roeylibfeld/Documents/KARI\ Creatives/DaBin/native/build/store-projects-verified-20261005T125220Z/derived-data/Build/Intermediates.noindex/DaBin.build/Release/DaBin.build/Objects-normal/arm64/DaBin-Swift.h -working-directory /Users/roeylibfeld/Documents/KARI\ Creatives/DaBin/native -no-emit-module-separately-wmo

SwiftDriver\ Compilation DaBin normal arm64 com.apple.xcode.tools.swift.compiler (in target 'DaBin' from project 'DaBin')
    cd /Users/roeylibfeld/Documents/KARI\ Creatives/DaBin/native
    builtin-Swift-Compilation -- /Applications/Xcode.app/Contents/Developer/Toolchains/XcodeDefault.xctoolchain/usr/bin/swiftc -module-name DaBin -O -whole-module-optimization @/Users/roeylibfeld/Documents/KARI\ Creatives/DaBin/native/build/store-projects-verified-20261005T125220Z/derived-data/Build/Intermediates.noindex/DaBin.build/Release/DaBin.build/Objects-normal/arm64/DaBin.SwiftFileList -enable-bare-slash-regex -enable-experimental-feature DebugDescriptionMacro -sdk /Applications/Xcode.app/Contents/Developer/Platforms/MacOSX.platform/Developer/SDKs/MacOSX27.0.sdk -target arm64-apple-macos14.0 -g -module-cache-path /Users/roeylibfeld/Documents/KARI\ Creatives/DaBin/native/build/store-projects-verified-20261005T125220Z/derived-data/ModuleCache.noindex -Xfrontend -serialize-debugging-options -warnings-as-errors -swift-version 5 -I /Users/roeylibfeld/Documents/KARI\ Creatives/DaBin/native/build/store-projects-verified-20261005T125220Z/derived-data/Build/Products/Release -F /Users/roeylibfeld/Documents/KARI\ Creatives/DaBin/native/build/store-projects-verified-20261005T125220Z/derived-data/Build/Products/Release -c -num-threads 15 -Xcc -ivfsstatcache -Xcc /Users/roeylibfeld/Documents/KARI\ Creatives/DaBin/native/build/store-projects-verified-20261005T125220Z/derived-data/SDKStatCaches.noindex/macosx27.0-26A425-7231f6df4def33e022ae2eb8f782df1a.sdkstatcache -output-file-map /Users/roeylibfeld/Documents/KARI\ Creatives/DaBin/native/build/store-projects-verified-20261005T125220Z/derived-data/Build/Intermediates.noindex/DaBin.build/Release/DaBin.build/Objects-normal/arm64/DaBin-OutputFileMap.json -save-temps -no-color-diagnostics -explicit-module-build -module-cache-path /Users/roeylibfeld/Documents/KARI\ Creatives/DaBin/native/build/store-projects-verified-20261005T125220Z/derived-data/Build/Intermediates.noindex/SwiftExplicitPrecompiledModules -clang-scanner-module-cache-path /Users/roeylibfeld/Documents/KARI\ Creatives/DaBin/native/build/store-projects-verified-20261005T125220Z/derived-data/ModuleCache.noindex -sdk-module-cache-path /Users/roeylibfeld/Documents/KARI\ Creatives/DaBin/native/build/store-projects-verified-20261005T125220Z/derived-data/SDKExplicitPrecompiledModules -emit-dependencies -emit-module -emit-module-path /Users/roeylibfeld/Documents/KARI\ Creatives/DaBin/native/build/store-projects-verified-20261005T125220Z/derived-data/Build/Intermediates.noindex/DaBin.build/Release/DaBin.build/Objects-normal/arm64/DaBin.swiftmodule -serialize-diagnostics -dependency-scan-serialize-diagnostics-path /Users/roeylibfeld/Documents/KARI\ Creatives/DaBin/native/build/store-projects-verified-20261005T125220Z/derived-data/Build/Intermediates.noindex/DaBin.build/Release/DaBin.build/Objects-normal/arm64/DaBin-dependency-scan.dia -validate-clang-modules-once -clang-build-session-file /Users/roeylibfeld/Documents/KARI\ Creatives/DaBin/native/build/store-projects-verified-20261005T125220Z/derived-data/ModuleCache.noindex/Session.modulevalidation -Xcc -fmodules-prune-interval\=86400 -Xcc -fmodules-prune-after\=345600 -emit-const-values -const-gather-protocols-list /Users/roeylibfeld/Documents/KARI\ Creatives/DaBin/native/build/store-projects-verified-20261005T125220Z/derived-data/Build/Intermediates.noindex/DaBin.build/Release/DaBin.build/Objects-normal/arm64/DaBin_const_extract_protocols.json -Xcc -iquote -Xcc /Users/roeylibfeld/Documents/KARI\ Creatives/DaBin/native/build/store-projects-verified-20261005T125220Z/derived-data/Build/Intermediates.noindex/DaBin.build/Release/DaBin.build/DaBin-generated-files.hmap -Xcc -I/Users/roeylibfeld/Documents/KARI\ Creatives/DaBin/native/build/store-projects-verified-20261005T125220Z/derived-data/Build/Intermediates.noindex/DaBin.build/Release/DaBin.build/DaBin-own-target-headers.hmap -Xcc -I/Users/roeylibfeld/Documents/KARI\ Creatives/DaBin/native/build/store-projects-verified-20261005T125220Z/derived-data/Build/Intermediates.noindex/DaBin.build/Release/DaBin.build/DaBin-all-target-headers.hmap -Xcc -iquote -Xcc /Users/roeylibfeld/Documents/KARI\ Creatives/DaBin/native/build/store-projects-verified-20261005T125220Z/derived-data/Build/Intermediates.noindex/DaBin.build/Release/DaBin.build/DaBin-project-headers.hmap -Xcc -I/Users/roeylibfeld/Documents/KARI\ Creatives/DaBin/native/build/store-projects-verified-20261005T125220Z/derived-data/Build/Products/Release/include -Xcc -I/Users/roeylibfeld/Documents/KARI\ Creatives/DaBin/native/build/store-projects-verified-20261005T125220Z/derived-data/Build/Intermediates.noindex/DaBin.build/Release/DaBin.build/DerivedSources-normal/arm64 -Xcc -I/Users/roeylibfeld/Documents/KARI\ Creatives/DaBin/native/build/store-projects-verified-20261005T125220Z/derived-data/Build/Intermediates.noindex/DaBin.build/Release/DaBin.build/DerivedSources/arm64 -Xcc -I/Users/roeylibfeld/Documents/KARI\ Creatives/DaBin/native/build/store-projects-verified-20261005T125220Z/derived-data/Build/Intermediates.noindex/DaBin.build/Release/DaBin.build/DerivedSources -emit-objc-header -emit-objc-header-path /Users/roeylibfeld/Documents/KARI\ Creatives/DaBin/native/build/store-projects-verified-20261005T125220Z/derived-data/Build/Intermediates.noindex/DaBin.build/Release/DaBin.build/Objects-normal/arm64/DaBin-Swift.h -working-directory /Users/roeylibfeld/Documents/KARI\ Creatives/DaBin/native -no-emit-module-separately-wmo

SwiftExplicitDependencyGeneratePcm arm64 /Users/roeylibfeld/Documents/KARI\ Creatives/DaBin/native/build/store-projects-verified-20261005T125220Z/derived-data/SDKExplicitPrecompiledModules/_SwiftConcurrencyShims-133T2WE7LS1MEBK3SM1ZN8BNI.pcm

SwiftExplicitDependencyGeneratePcm arm64 /Users/roeylibfeld/Documents/KARI\ Creatives/DaBin/native/build/store-projects-verified-20261005T125220Z/derived-data/SDKExplicitPrecompiledModules/ptrcheck-5F1NT5BDJWEQ0OOIURMPX8KQJ.pcm

SwiftExplicitDependencyGeneratePcm arm64 /Users/roeylibfeld/Documents/KARI\ Creatives/DaBin/native/build/store-projects-verified-20261005T125220Z/derived-data/SDKExplicitPrecompiledModules/_Builtin_stdarg-B6WYXINNMWAJQCSMD5V7S64WT.pcm

SwiftExplicitDependencyGeneratePcm arm64 /Users/roeylibfeld/Documents/KARI\ Creatives/DaBin/native/build/store-projects-verified-20261005T125220Z/derived-data/SDKExplicitPrecompiledModules/_AvailabilityInternal-7RNBTX5EMWIQ73XCXITD6TIJX.pcm

SwiftExplicitDependencyGeneratePcm arm64 /Users/roeylibfeld/Documents/KARI\ Creatives/DaBin/native/build/store-projects-verified-20261005T125220Z/derived-data/SDKExplicitPrecompiledModules/_Builtin_stddef-AWJDYP6PMWF55P5JUGEHXYUFL.pcm

SwiftExplicitDependencyGeneratePcm arm64 /Users/roeylibfeld/Documents/KARI\ Creatives/DaBin/native/build/store-projects-verified-20261005T125220Z/derived-data/SDKExplicitPrecompiledModules/_Builtin_stdbool-37UP3CYTP0VCJGDSM8YALSZNK.pcm

SwiftExplicitDependencyGeneratePcm arm64 /Users/roeylibfeld/Documents/KARI\ Creatives/DaBin/native/build/store-projects-verified-20261005T125220Z/derived-data/SDKExplicitPrecompiledModules/_Builtin_float-651FJ3321JJ8GDTFHOXS88HRI.pcm

SwiftExplicitDependencyGeneratePcm arm64 /Users/roeylibfeld/Documents/KARI\ Creatives/DaBin/native/build/store-projects-verified-20261005T125220Z/derived-data/SDKExplicitPrecompiledModules/SwiftShims-6RZ79AGJCCB4V2J5G05ODX43X.pcm

SwiftExplicitDependencyGeneratePcm arm64 /Users/roeylibfeld/Documents/KARI\ Creatives/DaBin/native/build/store-projects-verified-20261005T125220Z/derived-data/SDKExplicitPrecompiledModules/ptrauth-24I4NW98UKTA6JLX8DVSIT3Y7.pcm

SwiftExplicitDependencyGeneratePcm arm64 /Users/roeylibfeld/Documents/KARI\ Creatives/DaBin/native/build/store-projects-verified-20261005T125220Z/derived-data/SDKExplicitPrecompiledModules/DeveloperToolsSupport-B8JXY80K6QT97J33E7OBDKA03.pcm

SwiftExplicitDependencyGeneratePcm arm64 /Users/roeylibfeld/Documents/KARI\ Creatives/DaBin/native/build/store-projects-verified-20261005T125220Z/derived-data/SDKExplicitPrecompiledModules/_DarwinFoundation1-1SEMTW4GAHA80POM2WS4G6LYS.pcm

SwiftExplicitDependencyGeneratePcm arm64 /Users/roeylibfeld/Documents/KARI\ Creatives/DaBin/native/build/store-projects-verified-20261005T125220Z/derived-data/SDKExplicitPrecompiledModules/ExtensionFoundation-BD8V2GYLKYDQY01JYKOW7SHYD.pcm

SwiftExplicitDependencyGeneratePcm arm64 /Users/roeylibfeld/Documents/KARI\ Creatives/DaBin/native/build/store-projects-verified-20261005T125220Z/derived-data/SDKExplicitPrecompiledModules/_Builtin_limits-3TDOBPNHX5L6I1EHWN0EXAXYY.pcm

SwiftExplicitDependencyGeneratePcm arm64 /Users/roeylibfeld/Documents/KARI\ Creatives/DaBin/native/build/store-projects-verified-20261005T125220Z/derived-data/SDKExplicitPrecompiledModules/_DarwinFoundation2-BJDZCNKQ1VKYG62J8Q1U32WWN.pcm

SwiftExplicitDependencyGeneratePcm arm64 /Users/roeylibfeld/Documents/KARI\ Creatives/DaBin/native/build/store-projects-verified-20261005T125220Z/derived-data/SDKExplicitPrecompiledModules/_Builtin_stdint-18NI7ZNYX46R6GQK16B8XION1.pcm

SwiftExplicitDependencyGeneratePcm arm64 /Users/roeylibfeld/Documents/KARI\ Creatives/DaBin/native/build/store-projects-verified-20261005T125220Z/derived-data/SDKExplicitPrecompiledModules/sys_types-8CXKA99950XGTWFBH0VAVKVI4.pcm

SwiftExplicitDependencyGeneratePcm arm64 /Users/roeylibfeld/Documents/KARI\ Creatives/DaBin/native/build/store-projects-verified-20261005T125220Z/derived-data/SDKExplicitPrecompiledModules/string_h-88K3GN6P10GW7WAXAVSYT0KVH.pcm

SwiftExplicitDependencyGeneratePcm arm64 /Users/roeylibfeld/Documents/KARI\ Creatives/DaBin/native/build/store-projects-verified-20261005T125220Z/derived-data/SDKExplicitPrecompiledModules/_Builtin_tgmath-D5UFC2P9KX0KS2BVTADUIDW9S.pcm

SwiftExplicitDependencyGeneratePcm arm64 /Users/roeylibfeld/Documents/KARI\ Creatives/DaBin/native/build/store-projects-verified-20261005T125220Z/derived-data/SDKExplicitPrecompiledModules/_Builtin_intrinsics-55KQMOUYB2DS5CUFSKX1CHDIK.pcm

SwiftExplicitDependencyGeneratePcm arm64 /Users/roeylibfeld/Documents/KARI\ Creatives/DaBin/native/build/store-projects-verified-20261005T125220Z/derived-data/SDKExplicitPrecompiledModules/libDER-8GVUZUHF2LGFYI8Q6QXZCC4OI.pcm

SwiftExplicitDependencyGeneratePcm arm64 /Users/roeylibfeld/Documents/KARI\ Creatives/DaBin/native/build/store-projects-verified-20261005T125220Z/derived-data/SDKExplicitPrecompiledModules/_Builtin_stdatomic-37CMFFON5H5YJ065QBEP4M1H1.pcm

SwiftExplicitDependencyGeneratePcm arm64 /Users/roeylibfeld/Documents/KARI\ Creatives/DaBin/native/build/store-projects-verified-20261005T125220Z/derived-data/SDKExplicitPrecompiledModules/_DarwinFoundation3-AFQP12JTGYH90U84AWO70L7YF.pcm

SwiftExplicitDependencyGeneratePcm arm64 /Users/roeylibfeld/Documents/KARI\ Creatives/DaBin/native/build/store-projects-verified-20261005T125220Z/derived-data/SDKExplicitPrecompiledModules/zlib-1QK9CVWZ6M1QIXHCWRZOLL5E3.pcm

SwiftExplicitDependencyGeneratePcm arm64 /Users/roeylibfeld/Documents/KARI\ Creatives/DaBin/native/build/store-projects-verified-20261005T125220Z/derived-data/SDKExplicitPrecompiledModules/_Builtin_inttypes-C8A877FRL359IFYD1HH2XOXAY.pcm

SwiftExplicitDependencyGeneratePcm arm64 /Users/roeylibfeld/Documents/KARI\ Creatives/DaBin/native/build/store-projects-verified-20261005T125220Z/derived-data/SDKExplicitPrecompiledModules/Darwin-2CNGTQR5BN7M7126GWVD4YW6N.pcm

SwiftExplicitDependencyGeneratePcm arm64 /Users/roeylibfeld/Documents/KARI\ Creatives/DaBin/native/build/store-projects-verified-20261005T125220Z/derived-data/SDKExplicitPrecompiledModules/simd-1US1DQRVEYU48RG9LGAZ3JHN4.pcm

SwiftExplicitDependencyGeneratePcm arm64 /Users/roeylibfeld/Documents/KARI\ Creatives/DaBin/native/build/store-projects-verified-20261005T125220Z/derived-data/SDKExplicitPrecompiledModules/CUPS-2YYVI46RJ39GGJIOZHTONZQ51.pcm

SwiftExplicitDependencyGeneratePcm arm64 /Users/roeylibfeld/Documents/KARI\ Creatives/DaBin/native/build/store-projects-verified-20261005T125220Z/derived-data/SDKExplicitPrecompiledModules/libkern-8COW9I3P63LWCA67ECKMFLSZU.pcm

SwiftExplicitDependencyGeneratePcm arm64 /Users/roeylibfeld/Documents/KARI\ Creatives/DaBin/native/build/store-projects-verified-20261005T125220Z/derived-data/SDKExplicitPrecompiledModules/launch-COU8EXA06O6MHW7XWWO0T2FSQ.pcm

SwiftExplicitDependencyGeneratePcm arm64 /Users/roeylibfeld/Documents/KARI\ Creatives/DaBin/native/build/store-projects-verified-20261005T125220Z/derived-data/SDKExplicitPrecompiledModules/Compression-75UZMYSXNXU6U1B8XYPHCF5H7.pcm

SwiftExplicitDependencyGeneratePcm arm64 /Users/roeylibfeld/Documents/KARI\ Creatives/DaBin/native/build/store-projects-verified-20261005T125220Z/derived-data/SDKExplicitPrecompiledModules/MachO-82YN134CJFFSJXPE2O8U3GEAO.pcm

SwiftExplicitDependencyGeneratePcm arm64 /Users/roeylibfeld/Documents/KARI\ Creatives/DaBin/native/build/store-projects-verified-20261005T125220Z/derived-data/SDKExplicitPrecompiledModules/Spatial-3NUNVU6VRJ57RYIQVU8OXLM6S.pcm

SwiftExplicitDependencyGeneratePcm arm64 /Users/roeylibfeld/Documents/KARI\ Creatives/DaBin/native/build/store-projects-verified-20261005T125220Z/derived-data/SDKExplicitPrecompiledModules/ObjectiveC-4CYRDBEQ0NLYSPDOCMNOHP3IS.pcm

SwiftExplicitDependencyGeneratePcm arm64 /Users/roeylibfeld/Documents/KARI\ Creatives/DaBin/native/build/store-projects-verified-20261005T125220Z/derived-data/SDKExplicitPrecompiledModules/os_object-1NF07RRUMDH1E5GRY3E4YVTZX.pcm

SwiftExplicitDependencyGeneratePcm arm64 /Users/roeylibfeld/Documents/KARI\ Creatives/DaBin/native/build/store-projects-verified-20261005T125220Z/derived-data/SDKExplicitPrecompiledModules/os_workgroup-4NZQ48B4NZ6JO56L9Q4HZF8EQ.pcm

SwiftExplicitDependencyGeneratePcm arm64 /Users/roeylibfeld/Documents/KARI\ Creatives/DaBin/native/build/store-projects-verified-20261005T125220Z/derived-data/SDKExplicitPrecompiledModules/Dispatch-2OX79I910YX34G6SD1LJMEBQX.pcm

SwiftExplicitDependencyGeneratePcm arm64 /Users/roeylibfeld/Documents/KARI\ Creatives/DaBin/native/build/store-projects-verified-20261005T125220Z/derived-data/SDKExplicitPrecompiledModules/CoreFoundation-DYZ34MENUDTSOUPYPTKPZTZ0U.pcm

SwiftExplicitDependencyGeneratePcm arm64 /Users/roeylibfeld/Documents/KARI\ Creatives/DaBin/native/build/store-projects-verified-20261005T125220Z/derived-data/SDKExplicitPrecompiledModules/dnssd-856YNDXDCERWD2H8U2JFNED43.pcm

SwiftExplicitDependencyGeneratePcm arm64 /Users/roeylibfeld/Documents/KARI\ Creatives/DaBin/native/build/store-projects-verified-20261005T125220Z/derived-data/SDKExplicitPrecompiledModules/XPC-BE0NE5PQXMIC3EDLPREC5OVPE.pcm

SwiftExplicitDependencyGeneratePcm arm64 /Users/roeylibfeld/Documents/KARI\ Creatives/DaBin/native/build/store-projects-verified-20261005T125220Z/derived-data/SDKExplicitPrecompiledModules/os-4T7A556Q9P3X7WWCNZFFEW2KJ.pcm

SwiftExplicitDependencyGeneratePcm arm64 /Users/roeylibfeld/Documents/KARI\ Creatives/DaBin/native/build/store-projects-verified-20261005T125220Z/derived-data/SDKExplicitPrecompiledModules/ColorSync-DGZSDH5G8N42GHGGVE3KVQG0K.pcm

SwiftExplicitDependencyGeneratePcm arm64 /Users/roeylibfeld/Documents/KARI\ Creatives/DaBin/native/build/store-projects-verified-20261005T125220Z/derived-data/SDKExplicitPrecompiledModules/CFNetwork-8LODZQCJEJZNSVPIQL5I7K1KQ.pcm

SwiftExplicitDependencyGeneratePcm arm64 /Users/roeylibfeld/Documents/KARI\ Creatives/DaBin/native/build/store-projects-verified-20261005T125220Z/derived-data/SDKExplicitPrecompiledModules/Security-6NXX3NLADYEFY0WSLHEWDYSOX.pcm

SwiftExplicitDependencyGeneratePcm arm64 /Users/roeylibfeld/Documents/KARI\ Creatives/DaBin/native/build/store-projects-verified-20261005T125220Z/derived-data/SDKExplicitPrecompiledModules/CoreAudioTypes-BXWWMLAA3QPAWGXU0GEKNE27G.pcm

SwiftExplicitDependencyGeneratePcm arm64 /Users/roeylibfeld/Documents/KARI\ Creatives/DaBin/native/build/store-projects-verified-20261005T125220Z/derived-data/SDKExplicitPrecompiledModules/IOKit-6GP47JBP6R4HMJXC25A4KDDOZ.pcm

SwiftExplicitDependencyGeneratePcm arm64 /Users/roeylibfeld/Documents/KARI\ Creatives/DaBin/native/build/store-projects-verified-20261005T125220Z/derived-data/SDKExplicitPrecompiledModules/DiskArbitration-NZ6IZHDIKR2ECOXFUPDADTK9.pcm

SwiftExplicitDependencyGeneratePcm arm64 /Users/roeylibfeld/Documents/KARI\ Creatives/DaBin/native/build/store-projects-verified-20261005T125220Z/derived-data/SDKExplicitPrecompiledModules/CoreGraphics-J52H2SDAXTAWE4BD78MZOGVG.pcm

SwiftExplicitDependencyGeneratePcm arm64 /Users/roeylibfeld/Documents/KARI\ Creatives/DaBin/native/build/store-projects-verified-20261005T125220Z/derived-data/SDKExplicitPrecompiledModules/CoreServices-ELRQ1GEIWNUBXFIR2SIIQW3FL.pcm

SwiftExplicitDependencyGeneratePcm arm64 /Users/roeylibfeld/Documents/KARI\ Creatives/DaBin/native/build/store-projects-verified-20261005T125220Z/derived-data/SDKExplicitPrecompiledModules/CoreText-BWJ2B6HO2CUL5WCDATLYH87X8.pcm

SwiftExplicitDependencyGeneratePcm arm64 /Users/roeylibfeld/Documents/KARI\ Creatives/DaBin/native/build/store-projects-verified-20261005T125220Z/derived-data/SDKExplicitPrecompiledModules/ImageIO-99SUDKPULD3B64DXB8C0SG6A3.pcm

SwiftExplicitDependencyGeneratePcm arm64 /Users/roeylibfeld/Documents/KARI\ Creatives/DaBin/native/build/store-projects-verified-20261005T125220Z/derived-data/SDKExplicitPrecompiledModules/Foundation-2C87WSC5D845U3XDQAZC1PKFB.pcm

SwiftExplicitDependencyGeneratePcm arm64 /Users/roeylibfeld/Documents/KARI\ Creatives/DaBin/native/build/store-projects-verified-20261005T125220Z/derived-data/SDKExplicitPrecompiledModules/CoreTransferable-D9X47AUZYPQLNZ7DLWN6NL5QQ.pcm

SwiftExplicitDependencyGeneratePcm arm64 /Users/roeylibfeld/Documents/KARI\ Creatives/DaBin/native/build/store-projects-verified-20261005T125220Z/derived-data/SDKExplicitPrecompiledModules/Network-AXO1HHVYSX7FD4553SLM182LI.pcm

SwiftExplicitDependencyGeneratePcm arm64 /Users/roeylibfeld/Documents/KARI\ Creatives/DaBin/native/build/store-projects-verified-20261005T125220Z/derived-data/SDKExplicitPrecompiledModules/CoreData-E18ITIXCN4OTKNIRVNM8BZ13R.pcm

SwiftExplicitDependencyGeneratePcm arm64 /Users/roeylibfeld/Documents/KARI\ Creatives/DaBin/native/build/store-projects-verified-20261005T125220Z/derived-data/SDKExplicitPrecompiledModules/ApplicationServices-7B3YDRCDIP33P2VDIKDWUK5WF.pcm

SwiftExplicitDependencyGeneratePcm arm64 /Users/roeylibfeld/Documents/KARI\ Creatives/DaBin/native/build/store-projects-verified-20261005T125220Z/derived-data/SDKExplicitPrecompiledModules/DataDetection-954JGHDQ4LN7MOPTB5GKB4VR1.pcm

SwiftExplicitDependencyGeneratePcm arm64 /Users/roeylibfeld/Documents/KARI\ Creatives/DaBin/native/build/store-projects-verified-20261005T125220Z/derived-data/SDKExplicitPrecompiledModules/IOSurface-7KCT6LNV3GZ78ZOD5AFCCS9MO.pcm

SwiftExplicitDependencyGeneratePcm arm64 /Users/roeylibfeld/Documents/KARI\ Creatives/DaBin/native/build/store-projects-verified-20261005T125220Z/derived-data/SDKExplicitPrecompiledModules/UniformTypeIdentifiers-D1LAVT9JIMEEVDADWAAJU3WT3.pcm

SwiftExplicitDependencyGeneratePcm arm64 /Users/roeylibfeld/Documents/KARI\ Creatives/DaBin/native/build/store-projects-verified-20261005T125220Z/derived-data/SDKExplicitPrecompiledModules/LocalAuthentication-5JLVBAGN6DB6TAZNAFTHWOP7B.pcm

SwiftExplicitDependencyGeneratePcm arm64 /Users/roeylibfeld/Documents/KARI\ Creatives/DaBin/native/build/store-projects-verified-20261005T125220Z/derived-data/SDKExplicitPrecompiledModules/CoreAudio-6P2U2L6PRC7ICI18O4TYDNDKY.pcm

SwiftExplicitDependencyGeneratePcm arm64 /Users/roeylibfeld/Documents/KARI\ Creatives/DaBin/native/build/store-projects-verified-20261005T125220Z/derived-data/SDKExplicitPrecompiledModules/OSLog-8H24BHJ2Q7DA98XRVY6HHEO2S.pcm

SwiftExplicitDependencyGeneratePcm arm64 /Users/roeylibfeld/Documents/KARI\ Creatives/DaBin/native/build/store-projects-verified-20261005T125220Z/derived-data/SDKExplicitPrecompiledModules/Accessibility-ADHX01FC27ETKXK8UAQMDUBD8.pcm

SwiftExplicitDependencyGeneratePcm arm64 /Users/roeylibfeld/Documents/KARI\ Creatives/DaBin/native/build/store-projects-verified-20261005T125220Z/derived-data/SDKExplicitPrecompiledModules/Symbols-160BKE1LJODRE7K60RUJEC968.pcm

SwiftExplicitDependencyGeneratePcm arm64 /Users/roeylibfeld/Documents/KARI\ Creatives/DaBin/native/build/store-projects-verified-20261005T125220Z/derived-data/SDKExplicitPrecompiledModules/UserNotifications-C7HJYWXDF0H57F5EUDNU01V80.pcm

SwiftExplicitDependencyGeneratePcm arm64 /Users/roeylibfeld/Documents/KARI\ Creatives/DaBin/native/build/store-projects-verified-20261005T125220Z/derived-data/SDKExplicitPrecompiledModules/CoreMIDI-AAF624KK97DMU5MQ1FVYOIVAT.pcm

SwiftExplicitDependencyGeneratePcm arm64 /Users/roeylibfeld/Documents/KARI\ Creatives/DaBin/native/build/store-projects-verified-20261005T125220Z/derived-data/SDKExplicitPrecompiledModules/QuickLookThumbnailing-D9GIDBV5U52UKNTEW70MNLRU3.pcm

SwiftExplicitDependencyGeneratePcm arm64 /Users/roeylibfeld/Documents/KARI\ Creatives/DaBin/native/build/store-projects-verified-20261005T125220Z/derived-data/SDKExplicitPrecompiledModules/Metal-DU0RT991O0X9HVDVYVXNJG8Y8.pcm

SwiftExplicitDependencyGeneratePcm arm64 /Users/roeylibfeld/Documents/KARI\ Creatives/DaBin/native/build/store-projects-verified-20261005T125220Z/derived-data/SDKExplicitPrecompiledModules/OpenGL-DI2U9NDSA0ROWBHNAYJLD437U.pcm

SwiftExplicitDependencyGeneratePcm arm64 /Users/roeylibfeld/Documents/KARI\ Creatives/DaBin/native/build/store-projects-verified-20261005T125220Z/derived-data/SDKExplicitPrecompiledModules/Carbon-2B2FO4T8TGPUEELXMMZETI8WR.pcm

SwiftExplicitDependencyGeneratePcm arm64 /Users/roeylibfeld/Documents/KARI\ Creatives/DaBin/native/build/store-projects-verified-20261005T125220Z/derived-data/SDKExplicitPrecompiledModules/QuickLook-7VBJBWN4XKBJLPC5AITWXCGLP.pcm

SwiftExplicitDependencyGeneratePcm arm64 /Users/roeylibfeld/Documents/KARI\ Creatives/DaBin/native/build/store-projects-verified-20261005T125220Z/derived-data/SDKExplicitPrecompiledModules/CoreVideo-EQTG4B3QV5QMQRFEW0XPJV666.pcm

SwiftExplicitDependencyGeneratePcm arm64 /Users/roeylibfeld/Documents/KARI\ Creatives/DaBin/native/build/store-projects-verified-20261005T125220Z/derived-data/SDKExplicitPrecompiledModules/AudioToolbox-MT889M4J8PQP7ZO9W5BMLADG.pcm

SwiftExplicitDependencyGeneratePcm arm64 /Users/roeylibfeld/Documents/KARI\ Creatives/DaBin/native/build/store-projects-verified-20261005T125220Z/derived-data/SDKExplicitPrecompiledModules/QuartzCore-A85GG72JK78WHG9KJAPAUB4SM.pcm

SwiftExplicitDependencyGeneratePcm arm64 /Users/roeylibfeld/Documents/KARI\ Creatives/DaBin/native/build/store-projects-verified-20261005T125220Z/derived-data/SDKExplicitPrecompiledModules/CoreImage-4K94KZLJI4PE8MRHCRHADNCUD.pcm

SwiftExplicitDependencyGeneratePcm arm64 /Users/roeylibfeld/Documents/KARI\ Creatives/DaBin/native/build/store-projects-verified-20261005T125220Z/derived-data/SDKExplicitPrecompiledModules/Accelerate-EEYFLY3NWFOSXTCQOKT1TQ8AD.pcm

SwiftExplicitDependencyGeneratePcm arm64 /Users/roeylibfeld/Documents/KARI\ Creatives/DaBin/native/build/store-projects-verified-20261005T125220Z/derived-data/SDKExplicitPrecompiledModules/CoreML-UV56LHKT8B15519AXQGMD7LI.pcm

SwiftExplicitDependencyGeneratePcm arm64 /Users/roeylibfeld/Documents/KARI\ Creatives/DaBin/native/build/store-projects-verified-20261005T125220Z/derived-data/SDKExplicitPrecompiledModules/CoreMedia-42W34VPQCK4KNVDIFC6Q5IAOO.pcm

SwiftExplicitDependencyGeneratePcm arm64 /Users/roeylibfeld/Documents/KARI\ Creatives/DaBin/native/build/store-projects-verified-20261005T125220Z/derived-data/SDKExplicitPrecompiledModules/SwiftUICore-5IDJDG9TND7RP3SXXGGZNZH7K.pcm

SwiftExplicitDependencyGeneratePcm arm64 /Users/roeylibfeld/Documents/KARI\ Creatives/DaBin/native/build/store-projects-verified-20261005T125220Z/derived-data/SDKExplicitPrecompiledModules/VideoToolbox-1ZIHXBFH5AZKZM87PD5GHZRT0.pcm

SwiftExplicitDependencyGeneratePcm arm64 /Users/roeylibfeld/Documents/KARI\ Creatives/DaBin/native/build/store-projects-verified-20261005T125220Z/derived-data/SDKExplicitPrecompiledModules/Vision-CXTAEU0HIAO1GIIBSW6JAGMEW.pcm

SwiftExplicitDependencyGeneratePcm arm64 /Users/roeylibfeld/Documents/KARI\ Creatives/DaBin/native/build/store-projects-verified-20261005T125220Z/derived-data/SDKExplicitPrecompiledModules/AppKit-ROI3TJAD39BPVHE4540YWYIR.pcm

SwiftExplicitDependencyGeneratePcm arm64 /Users/roeylibfeld/Documents/KARI\ Creatives/DaBin/native/build/store-projects-verified-20261005T125220Z/derived-data/SDKExplicitPrecompiledModules/AVFAudio-4F9D8AZJV6ZOH2QLJI3DX6KBU.pcm

SwiftExplicitDependencyGeneratePcm arm64 /Users/roeylibfeld/Documents/KARI\ Creatives/DaBin/native/build/store-projects-verified-20261005T125220Z/derived-data/SDKExplicitPrecompiledModules/MediaToolbox-E2K7LME4RXSQ1XA4HXTO8Z0PU.pcm

SwiftExplicitDependencyGeneratePcm arm64 /Users/roeylibfeld/Documents/KARI\ Creatives/DaBin/native/build/store-projects-verified-20261005T125220Z/derived-data/SDKExplicitPrecompiledModules/AVFoundation-58HJZY0NBH4K78M99JDHQSFD8.pcm

SwiftExplicitDependencyGeneratePcm arm64 /Users/roeylibfeld/Documents/KARI\ Creatives/DaBin/native/build/store-projects-verified-20261005T125220Z/derived-data/SDKExplicitPrecompiledModules/SwiftUI-8C2E14RL2RZCWY8FE08H24R4R.pcm

SwiftExplicitDependencyGeneratePcm arm64 /Users/roeylibfeld/Documents/KARI\ Creatives/DaBin/native/build/store-projects-verified-20261005T125220Z/derived-data/SDKExplicitPrecompiledModules/Cocoa-6XGB7ZBWS4BC9A1TY6UXD2YJ0.pcm

SwiftExplicitDependencyGeneratePcm arm64 /Users/roeylibfeld/Documents/KARI\ Creatives/DaBin/native/build/store-projects-verified-20261005T125220Z/derived-data/SDKExplicitPrecompiledModules/LinkPresentation-HCL93U58W7Y8LTT260D1VACU.pcm

SwiftExplicitDependencyGeneratePcm arm64 /Users/roeylibfeld/Documents/KARI\ Creatives/DaBin/native/build/store-projects-verified-20261005T125220Z/derived-data/SDKExplicitPrecompiledModules/PDFKit-7A2PDF0ZSCY0QGTDSNDWZJ6X4.pcm

SwiftExplicitDependencyGeneratePcm arm64 /Users/roeylibfeld/Documents/KARI\ Creatives/DaBin/native/build/store-projects-verified-20261005T125220Z/derived-data/SDKExplicitPrecompiledModules/AVKit-3L4QYVPVYI22IVLZECS031TDD.pcm

SwiftExplicitDependencyGeneratePcm arm64 /Users/roeylibfeld/Documents/KARI\ Creatives/DaBin/native/build/store-projects-verified-20261005T125220Z/derived-data/SDKExplicitPrecompiledModules/QuickLookUI-5HLVCP2O4CBMH0VAXUVJSXVOM.pcm

SwiftCompile normal arm64 Compiling\ AccessibilityAnnouncement.swift,\ AppDelegate.swift,\ AppState.swift,\ ApplicationCoordinator.swift,\ ApplicationMenu.swift,\ ArchiveBackup.swift,\ AutoCaptureFingerprint.swift,\ AutoCaptureRobotCelebration.swift,\ AutoCaptureRobotPresenter.swift,\ AutoCaptureService.swift,\ AutoCaptureSettings.swift,\ AutoCaptureSignMotion.swift,\ AutoCaptureSignRouting.swift,\ AutoCaptureSignView.swift,\ AutoRecordIndicator.swift,\ BoardComponents.swift,\ BoardResizeGeometry.swift,\ BoardView.swift,\ BoardWindowChrome.swift,\ BoredRobotView.swift,\ BuddyControls.swift,\ CaptureAnnotations.swift,\ CaptureCardGroup.swift,\ CaptureCards.swift,\ CaptureClipboard.swift,\ CaptureCopyButton.swift,\ CaptureDetailPanels.swift,\ CaptureExtendedCanvas.swift,\ CaptureExtendedWindow.swift,\ CaptureFilterStrip.swift,\ CaptureInboxActions.swift,\ CapturePresentation.swift,\ CapturePreviews.swift,\ CaptureProvenance.swift,\ CaptureRemoval.swift,\ CaptureRepository.swift,\ CaptureSourceView.swift,\ CaptureStore.swift,\ CaptureTrailView.swift,\ ClipboardRetentionService.swift,\ ClipboardRetentionSettings.swift,\ CollectionPreviewMosaic.swift,\ ContentIndexService.swift,\ CornerController.swift,\ DaBinLogo.swift,\ DaBinMain.swift,\ DailyArchive.swift,\ DailyCaptureView.swift,\ DailyScreen.swift,\ DayExport.swift,\ DayExportUI.swift,\ DetailScreen.swift,\ Domain.swift,\ DraftArchive.swift,\ ExplorerItems.swift,\ ExplorerQuery.swift,\ ExplorerScreen.swift,\ ExplorerTransfer.swift,\ ExplorerViewport.swift,\ FittedPDFPreview.swift,\ GroupedCaptureCard.swift,\ HourlyCaptureCard.swift,\ HourlyCaptureFeed.swift,\ HoverTooltips.swift,\ InboxScreen.swift,\ InputService.swift,\ IslandRobotChoreography.swift,\ LibraryScreen.swift,\ LocalDOCXTextExtractor.swift,\ NativeContentDrag.swift,\ NavigationHistory.swift,\ NewNoteScreen.swift,\ OriginalFileStorage.swift,\ PreviewRequest.swift,\ PreviewService.swift,\ PrivacyInformation.swift,\ ProjectFileArchive.swift,\ ProjectPickerView.swift,\ ProjectWorkspaceCard.swift,\ ProjectWorkspaceExport.swift,\ ProjectWorkspaceState.swift,\ ProjectWorkspaceTasks.swift,\ ProjectWorkspaceView.swift,\ QuickAccess.swift,\ QuietOrbitGeometry.swift,\ QuietOrbitVisualStyle.swift,\ ReminderAlertCoordinator.swift,\ ReminderClockEditor.swift,\ ReminderLifecycle.swift,\ ReminderSchedule.swift,\ ReminderService.swift,\ RemindersScreen.swift,\ RobotAppFrameView.swift,\ RobotCharacterView.swift,\ RobotLifecycle.swift,\ RobotMotion.swift,\ RobotPlacementSettings.swift,\ RobotProjectSignView.swift,\ RobotView.swift,\ ScratchpadView.swift,\ ScreenshotFolderMonitor.swift,\ SearchColumnViewport.swift,\ SearchDateBoard.swift,\ SearchResultCard.swift,\ SearchScreen.swift,\ SettingsScreen.swift,\ ShelfCaptureController.swift,\ ShelfExport.swift,\ SoftwareUpdateService.swift,\ StatusBarController.swift,\ TaskAttachmentsView.swift,\ TaskEditorScreen.swift,\ TaskFocusControls.swift,\ TaskFocusSession.swift,\ TaskPlanning.swift,\ TaskPlanningEditor.swift,\ TaskTimerAlarmMotion.swift,\ TaskTimerRobotPresenter.swift,\ TaskTimerRobotView.swift,\ ThemeSettings.swift,\ TimelineCalendarPicker.swift,\ TodayPlanningScreen.swift,\ TodayTaskCard.swift,\ TransientMessagePresentation.swift,\ TrashScreen.swift,\ UpdateHandoff.swift,\ WeeklyDateSelection.swift,\ WeeklyScopeActions.swift,\ WeeklyScreen.swift,\ WindowDragHandle.swift,\ WorkspaceClipboard.swift,\ WorkspaceInput.swift,\ WorkspaceItemCard.swift,\ WorkspaceQuery.swift,\ WorkspaceStore.swift,\ WorkspaceZoom.swift,\ WorkspaceZoomLayout.swift,\ WorkspaceZoomScrollAnchor.swift /Users/roeylibfeld/Documents/KARI\ Creatives/DaBin/native/Sources/DaBin/AccessibilityAnnouncement.swift /Users/roeylibfeld/Documents/KARI\ Creatives/DaBin/native/Sources/DaBin/AppDelegate.swift /Users/roeylibfeld/Documents/KARI\ Creatives/DaBin/native/Sources/DaBin/AppState.swift /Users/roeylibfeld/Documents/KARI\ Creatives/DaBin/native/Sources/DaBin/ApplicationCoordinator.swift /Users/roeylibfeld/Documents/KARI\ Creatives/DaBin/native/Sources/DaBin/ApplicationMenu.swift /Users/roeylibfeld/Documents/KARI\ Creatives/DaBin/native/Sources/DaBin/ArchiveBackup.swift /Users/roeylibfeld/Documents/KARI\ Creatives/DaBin/native/Sources/DaBin/AutoCaptureFingerprint.swift /Users/roeylibfeld/Documents/KARI\ Creatives/DaBin/native/Sources/DaBin/AutoCaptureRobotCelebration.swift /Users/roeylibfeld/Documents/KARI\ Creatives/DaBin/native/Sources/DaBin/AutoCaptureRobotPresenter.swift /Users/roeylibfeld/Documents/KARI\ Creatives/DaBin/native/Sources/DaBin/AutoCaptureService.swift /Users/roeylibfeld/Documents/KARI\ Creatives/DaBin/native/Sources/DaBin/AutoCaptureSettings.swift /Users/roeylibfeld/Documents/KARI\ Creatives/DaBin/native/Sources/DaBin/AutoCaptureSignMotion.swift /Users/roeylibfeld/Documents/KARI\ Creatives/DaBin/native/Sources/DaBin/AutoCaptureSignRouting.swift /Users/roeylibfeld/Documents/KARI\ Creatives/DaBin/native/Sources/DaBin/AutoCaptureSignView.swift /Users/roeylibfeld/Documents/KARI\ Creatives/DaBin/native/Sources/DaBin/AutoRecordIndicator.swift /Users/roeylibfeld/Documents/KARI\ Creatives/DaBin/native/Sources/DaBin/BoardComponents.swift /Users/roeylibfeld/Documents/KARI\ Creatives/DaBin/native/Sources/DaBin/BoardResizeGeometry.swift /Users/roeylibfeld/Documents/KARI\ Creatives/DaBin/native/Sources/DaBin/BoardView.swift /Users/roeylibfeld/Documents/KARI\ Creatives/DaBin/native/Sources/DaBin/BoardWindowChrome.swift /Users/roeylibfeld/Documents/KARI\ Creatives/DaBin/native/Sources/DaBin/BoredRobotView.swift /Users/roeylibfeld/Documents/KARI\ Creatives/DaBin/native/Sources/DaBin/BuddyControls.swift /Users/roeylibfeld/Documents/KARI\ Creatives/DaBin/native/Sources/DaBin/CaptureAnnotations.swift /Users/roeylibfeld/Documents/KARI\ Creatives/DaBin/native/Sources/DaBin/CaptureCardGroup.swift /Users/roeylibfeld/Documents/KARI\ Creatives/DaBin/native/Sources/DaBin/CaptureCards.swift /Users/roeylibfeld/Documents/KARI\ Creatives/DaBin/native/Sources/DaBin/CaptureClipboard.swift /Users/roeylibfeld/Documents/KARI\ Creatives/DaBin/native/Sources/DaBin/CaptureCopyButton.swift /Users/roeylibfeld/Documents/KARI\ Creatives/DaBin/native/Sources/DaBin/CaptureDetailPanels.swift /Users/roeylibfeld/Documents/KARI\ Creatives/DaBin/native/Sources/DaBin/CaptureExtendedCanvas.swift /Users/roeylibfeld/Documents/KARI\ Creatives/DaBin/native/Sources/DaBin/CaptureExtendedWindow.swift /Users/roeylibfeld/Documents/KARI\ Creatives/DaBin/native/Sources/DaBin/CaptureFilterStrip.swift /Users/roeylibfeld/Documents/KARI\ Creatives/DaBin/native/Sources/DaBin/CaptureInboxActions.swift /Users/roeylibfeld/Documents/KARI\ Creatives/DaBin/native/Sources/DaBin/CapturePresentation.swift /Users/roeylibfeld/Documents/KARI\ Creatives/DaBin/native/Sources/DaBin/CapturePreviews.swift /Users/roeylibfeld/Documents/KARI\ Creatives/DaBin/native/Sources/DaBin/CaptureProvenance.swift /Users/roeylibfeld/Documents/KARI\ Creatives/DaBin/native/Sources/DaBin/CaptureRemoval.swift /Users/roeylibfeld/Documents/KARI\ Creatives/DaBin/native/Sources/DaBin/CaptureRepository.swift /Users/roeylibfeld/Documents/KARI\ Creatives/DaBin/native/Sources/DaBin/CaptureSourceView.swift /Users/roeylibfeld/Documents/KARI\ Creatives/DaBin/native/Sources/DaBin/CaptureStore.swift /Users/roeylibfeld/Documents/KARI\ Creatives/DaBin/native/Sources/DaBin/CaptureTrailView.swift /Users/roeylibfeld/Documents/KARI\ Creatives/DaBin/native/Sources/DaBin/ClipboardRetentionService.swift /Users/roeylibfeld/Documents/KARI\ Creatives/DaBin/native/Sources/DaBin/ClipboardRetentionSettings.swift /Users/roeylibfeld/Documents/KARI\ Creatives/DaBin/native/Sources/DaBin/CollectionPreviewMosaic.swift /Users/roeylibfeld/Documents/KARI\ Creatives/DaBin/native/Sources/DaBin/ContentIndexService.swift /Users/roeylibfeld/Documents/KARI\ Creatives/DaBin/native/Sources/DaBin/CornerController.swift /Users/roeylibfeld/Documents/KARI\ Creatives/DaBin/native/Sources/DaBin/DaBinLogo.swift /Users/roeylibfeld/Documents/KARI\ Creatives/DaBin/native/Sources/DaBin/DaBinMain.swift /Users/roeylibfeld/Documents/KARI\ Creatives/DaBin/native/Sources/DaBin/DailyArchive.swift /Users/roeylibfeld/Documents/KARI\ Creatives/DaBin/native/Sources/DaBin/DailyCaptureView.swift /Users/roeylibfeld/Documents/KARI\ Creatives/DaBin/native/Sources/DaBin/DailyScreen.swift /Users/roeylibfeld/Documents/KARI\ Creatives/DaBin/native/Sources/DaBin/DayExport.swift /Users/roeylibfeld/Documents/KARI\ Creatives/DaBin/native/Sources/DaBin/DayExportUI.swift /Users/roeylibfeld/Documents/KARI\ Creatives/DaBin/native/Sources/DaBin/DetailScreen.swift /Users/roeylibfeld/Documents/KARI\ Creatives/DaBin/native/Sources/DaBin/Domain.swift /Users/roeylibfeld/Documents/KARI\ Creatives/DaBin/native/Sources/DaBin/DraftArchive.swift /Users/roeylibfeld/Documents/KARI\ Creatives/DaBin/native/Sources/DaBin/ExplorerItems.swift /Users/roeylibfeld/Documents/KARI\ Creatives/DaBin/native/Sources/DaBin/ExplorerQuery.swift /Users/roeylibfeld/Documents/KARI\ Creatives/DaBin/native/Sources/DaBin/ExplorerScreen.swift /Users/roeylibfeld/Documents/KARI\ Creatives/DaBin/native/Sources/DaBin/ExplorerTransfer.swift /Users/roeylibfeld/Documents/KARI\ Creatives/DaBin/native/Sources/DaBin/ExplorerViewport.swift /Users/roeylibfeld/Documents/KARI\ Creatives/DaBin/native/Sources/DaBin/FittedPDFPreview.swift /Users/roeylibfeld/Documents/KARI\ Creatives/DaBin/native/Sources/DaBin/GroupedCaptureCard.swift /Users/roeylibfeld/Documents/KARI\ Creatives/DaBin/native/Sources/DaBin/HourlyCaptureCard.swift /Users/roeylibfeld/Documents/KARI\ Creatives/DaBin/native/Sources/DaBin/HourlyCaptureFeed.swift /Users/roeylibfeld/Documents/KARI\ Creatives/DaBin/native/Sources/DaBin/HoverTooltips.swift /Users/roeylibfeld/Documents/KARI\ Creatives/DaBin/native/Sources/DaBin/InboxScreen.swift /Users/roeylibfeld/Documents/KARI\ Creatives/DaBin/native/Sources/DaBin/InputService.swift /Users/roeylibfeld/Documents/KARI\ Creatives/DaBin/native/Sources/DaBin/IslandRobotChoreography.swift /Users/roeylibfeld/Documents/KARI\ Creatives/DaBin/native/Sources/DaBin/LibraryScreen.swift /Users/roeylibfeld/Documents/KARI\ Creatives/DaBin/native/Sources/DaBin/LocalDOCXTextExtractor.swift /Users/roeylibfeld/Documents/KARI\ Creatives/DaBin/native/Sources/DaBin/NativeContentDrag.swift /Users/roeylibfeld/Documents/KARI\ Creatives/DaBin/native/Sources/DaBin/NavigationHistory.swift /Users/roeylibfeld/Documents/KARI\ Creatives/DaBin/native/Sources/DaBin/NewNoteScreen.swift /Users/roeylibfeld/Documents/KARI\ Creatives/DaBin/native/Sources/DaBin/OriginalFileStorage.swift /Users/roeylibfeld/Documents/KARI\ Creatives/DaBin/native/Sources/DaBin/PreviewRequest.swift /Users/roeylibfeld/Documents/KARI\ Creatives/DaBin/native/Sources/DaBin/PreviewService.swift /Users/roeylibfeld/Documents/KARI\ Creatives/DaBin/native/Sources/DaBin/PrivacyInformation.swift /Users/roeylibfeld/Documents/KARI\ Creatives/DaBin/native/Sources/DaBin/ProjectFileArchive.swift /Users/roeylibfeld/Documents/KARI\ Creatives/DaBin/native/Sources/DaBin/ProjectPickerView.swift /Users/roeylibfeld/Documents/KARI\ Creatives/DaBin/native/Sources/DaBin/ProjectWorkspaceCard.swift /Users/roeylibfeld/Documents/KARI\ Creatives/DaBin/native/Sources/DaBin/ProjectWorkspaceExport.swift /Users/roeylibfeld/Documents/KARI\ Creatives/DaBin/native/Sources/DaBin/ProjectWorkspaceState.swift /Users/roeylibfeld/Documents/KARI\ Creatives/DaBin/native/Sources/DaBin/ProjectWorkspaceTasks.swift /Users/roeylibfeld/Documents/KARI\ Creatives/DaBin/native/Sources/DaBin/ProjectWorkspaceView.swift /Users/roeylibfeld/Documents/KARI\ Creatives/DaBin/native/Sources/DaBin/QuickAccess.swift /Users/roeylibfeld/Documents/KARI\ Creatives/DaBin/native/Sources/DaBin/QuietOrbitGeometry.swift /Users/roeylibfeld/Documents/KARI\ Creatives/DaBin/native/Sources/DaBin/QuietOrbitVisualStyle.swift /Users/roeylibfeld/Documents/KARI\ Creatives/DaBin/native/Sources/DaBin/ReminderAlertCoordinator.swift /Users/roeylibfeld/Documents/KARI\ Creatives/DaBin/native/Sources/DaBin/ReminderClockEditor.swift /Users/roeylibfeld/Documents/KARI\ Creatives/DaBin/native/Sources/DaBin/ReminderLifecycle.swift /Users/roeylibfeld/Documents/KARI\ Creatives/DaBin/native/Sources/DaBin/ReminderSchedule.swift /Users/roeylibfeld/Documents/KARI\ Creatives/DaBin/native/Sources/DaBin/ReminderService.swift /Users/roeylibfeld/Documents/KARI\ Creatives/DaBin/native/Sources/DaBin/RemindersScreen.swift /Users/roeylibfeld/Documents/KARI\ Creatives/DaBin/native/Sources/DaBin/RobotAppFrameView.swift /Users/roeylibfeld/Documents/KARI\ Creatives/DaBin/native/Sources/DaBin/RobotCharacterView.swift /Users/roeylibfeld/Documents/KARI\ Creatives/DaBin/native/Sources/DaBin/RobotLifecycle.swift /Users/roeylibfeld/Documents/KARI\ Creatives/DaBin/native/Sources/DaBin/RobotMotion.swift /Users/roeylibfeld/Documents/KARI\ Creatives/DaBin/native/Sources/DaBin/RobotPlacementSettings.swift /Users/roeylibfeld/Documents/KARI\ Creatives/DaBin/native/Sources/DaBin/RobotProjectSignView.swift /Users/roeylibfeld/Documents/KARI\ Creatives/DaBin/native/Sources/DaBin/RobotView.swift /Users/roeylibfeld/Documents/KARI\ Creatives/DaBin/native/Sources/DaBin/ScratchpadView.swift /Users/roeylibfeld/Documents/KARI\ Creatives/DaBin/native/Sources/DaBin/ScreenshotFolderMonitor.swift /Users/roeylibfeld/Documents/KARI\ Creatives/DaBin/native/Sources/DaBin/SearchColumnViewport.swift /Users/roeylibfeld/Documents/KARI\ Creatives/DaBin/native/Sources/DaBin/SearchDateBoard.swift /Users/roeylibfeld/Documents/KARI\ Creatives/DaBin/native/Sources/DaBin/SearchResultCard.swift /Users/roeylibfeld/Documents/KARI\ Creatives/DaBin/native/Sources/DaBin/SearchScreen.swift /Users/roeylibfeld/Documents/KARI\ Creatives/DaBin/native/Sources/DaBin/SettingsScreen.swift /Users/roeylibfeld/Documents/KARI\ Creatives/DaBin/native/Sources/DaBin/ShelfCaptureController.swift /Users/roeylibfeld/Documents/KARI\ Creatives/DaBin/native/Sources/DaBin/ShelfExport.swift /Users/roeylibfeld/Documents/KARI\ Creatives/DaBin/native/Sources/DaBin/SoftwareUpdateService.swift /Users/roeylibfeld/Documents/KARI\ Creatives/DaBin/native/Sources/DaBin/StatusBarController.swift /Users/roeylibfeld/Documents/KARI\ Creatives/DaBin/native/Sources/DaBin/TaskAttachmentsView.swift /Users/roeylibfeld/Documents/KARI\ Creatives/DaBin/native/Sources/DaBin/TaskEditorScreen.swift /Users/roeylibfeld/Documents/KARI\ Creatives/DaBin/native/Sources/DaBin/TaskFocusControls.swift /Users/roeylibfeld/Documents/KARI\ Creatives/DaBin/native/Sources/DaBin/TaskFocusSession.swift /Users/roeylibfeld/Documents/KARI\ Creatives/DaBin/native/Sources/DaBin/TaskPlanning.swift /Users/roeylibfeld/Documents/KARI\ Creatives/DaBin/native/Sources/DaBin/TaskPlanningEditor.swift /Users/roeylibfeld/Documents/KARI\ Creatives/DaBin/native/Sources/DaBin/TaskTimerAlarmMotion.swift /Users/roeylibfeld/Documents/KARI\ Creatives/DaBin/native/Sources/DaBin/TaskTimerRobotPresenter.swift /Users/roeylibfeld/Documents/KARI\ Creatives/DaBin/native/Sources/DaBin/TaskTimerRobotView.swift /Users/roeylibfeld/Documents/KARI\ Creatives/DaBin/native/Sources/DaBin/ThemeSettings.swift /Users/roeylibfeld/Documents/KARI\ Creatives/DaBin/native/Sources/DaBin/TimelineCalendarPicker.swift /Users/roeylibfeld/Documents/KARI\ Creatives/DaBin/native/Sources/DaBin/TodayPlanningScreen.swift /Users/roeylibfeld/Documents/KARI\ Creatives/DaBin/native/Sources/DaBin/TodayTaskCard.swift /Users/roeylibfeld/Documents/KARI\ Creatives/DaBin/native/Sources/DaBin/TransientMessagePresentation.swift /Users/roeylibfeld/Documents/KARI\ Creatives/DaBin/native/Sources/DaBin/TrashScreen.swift /Users/roeylibfeld/Documents/KARI\ Creatives/DaBin/native/Sources/DaBin/UpdateHandoff.swift /Users/roeylibfeld/Documents/KARI\ Creatives/DaBin/native/Sources/DaBin/WeeklyDateSelection.swift /Users/roeylibfeld/Documents/KARI\ Creatives/DaBin/native/Sources/DaBin/WeeklyScopeActions.swift /Users/roeylibfeld/Documents/KARI\ Creatives/DaBin/native/Sources/DaBin/WeeklyScreen.swift /Users/roeylibfeld/Documents/KARI\ Creatives/DaBin/native/Sources/DaBin/WindowDragHandle.swift /Users/roeylibfeld/Documents/KARI\ Creatives/DaBin/native/Sources/DaBin/WorkspaceClipboard.swift /Users/roeylibfeld/Documents/KARI\ Creatives/DaBin/native/Sources/DaBin/WorkspaceInput.swift /Users/roeylibfeld/Documents/KARI\ Creatives/DaBin/native/Sources/DaBin/WorkspaceItemCard.swift /Users/roeylibfeld/Documents/KARI\ Creatives/DaBin/native/Sources/DaBin/WorkspaceQuery.swift /Users/roeylibfeld/Documents/KARI\ Creatives/DaBin/native/Sources/DaBin/WorkspaceStore.swift /Users/roeylibfeld/Documents/KARI\ Creatives/DaBin/native/Sources/DaBin/WorkspaceZoom.swift /Users/roeylibfeld/Documents/KARI\ Creatives/DaBin/native/Sources/DaBin/WorkspaceZoomLayout.swift /Users/roeylibfeld/Documents/KARI\ Creatives/DaBin/native/Sources/DaBin/WorkspaceZoomScrollAnchor.swift /Applications/Xcode.app/Contents/Developer/Toolchains/XcodeDefault.xctoolchain/usr/lib/swift/macosx/prebuilt-modules/27.0/VideoToolbox.swiftmodule/arm64e-apple-macos.swiftmodule /Applications/Xcode.app/Contents/Developer/Toolchains/XcodeDefault.xctoolchain/usr/lib/swift/macosx/prebuilt-modules/27.0/_StringProcessing.swiftmodule/arm64e-apple-macos.swiftmodule /Applications/Xcode.app/Contents/Developer/Toolchains/XcodeDefault.xctoolchain/usr/lib/swift/macosx/prebuilt-modules/27.0/simd.swiftmodule/arm64e-apple-macos.swiftmodule /Applications/Xcode.app/Contents/Developer/Toolchains/XcodeDefault.xctoolchain/usr/lib/swift/macosx/prebuilt-modules/27.0/CoreAudio.swiftmodule/arm64e-apple-macos.swiftmodule /Applications/Xcode.app/Contents/Developer/Toolchains/XcodeDefault.xctoolchain/usr/lib/swift/macosx/prebuilt-modules/27.0/Spatial.swiftmodule/arm64e-apple-macos.swiftmodule /Applications/Xcode.app/Contents/Developer/Toolchains/XcodeDefault.xctoolchain/usr/lib/swift/macosx/prebuilt-modules/27.0/AVKit.swiftmodule/arm64e-apple-macos.swiftmodule /Applications/Xcode.app/Contents/Developer/Toolchains/XcodeDefault.xctoolchain/usr/lib/swift/macosx/prebuilt-modules/27.0/SwiftUICore.swiftmodule/arm64e-apple-macos.swiftmodule /Applications/Xcode.app/Contents/Developer/Toolchains/XcodeDefault.xctoolchain/usr/lib/swift/macosx/prebuilt-modules/27.0/Accelerate.swiftmodule/arm64e-apple-macos.swiftmodule /Applications/Xcode.app/Contents/Developer/Toolchains/XcodeDefault.xctoolchain/usr/lib/swift/macosx/prebuilt-modules/27.0/LightweightCodeRequirements.swiftmodule/arm64e-apple-macos.swiftmodule /Applications/Xcode.app/Contents/Developer/Toolchains/XcodeDefault.xctoolchain/usr/lib/swift/macosx/prebuilt-modules/27.0/PDFKit.swiftmodule/arm64e-apple-macos.swiftmodule /Applications/Xcode.app/Contents/Developer/Toolchains/XcodeDefault.xctoolchain/usr/lib/swift/macosx/prebuilt-modules/27.0/AVFAudio.swiftmodule/arm64e-apple-macos.swiftmodule /Applications/Xcode.app/Contents/Developer/Toolchains/XcodeDefault.xctoolchain/usr/lib/swift/macosx/prebuilt-modules/27.0/IOKit.swiftmodule/arm64e-apple-macos.swiftmodule /Applications/Xcode.app/Contents/Developer/Toolchains/XcodeDefault.xctoolchain/usr/lib/swift/macosx/prebuilt-modules/27.0/DeveloperToolsSupport.swiftmodule/arm64e-apple-macos.swiftmodule /Applications/Xcode.app/Contents/Developer/Toolchains/XcodeDefault.xctoolchain/usr/lib/swift/macosx/prebuilt-modules/27.0/CoreTransferable.swiftmodule/arm64e-apple-macos.swiftmodule /Applications/Xcode.app/Contents/Developer/Toolchains/XcodeDefault.xctoolchain/usr/lib/swift/macosx/prebuilt-modules/27.0/Accessibility.swiftmodule/arm64e-apple-macos.swiftmodule /Applications/Xcode.app/Contents/Developer/Toolchains/XcodeDefault.xctoolchain/usr/lib/swift/macosx/prebuilt-modules/27.0/CoreGraphics.swiftmodule/arm64e-apple-macos.swiftmodule /Applications/Xcode.app/Contents/Developer/Toolchains/XcodeDefault.xctoolchain/usr/lib/swift/macosx/prebuilt-modules/27.0/Darwin.swiftmodule/arm64e-apple-macos.swiftmodule /Applications/Xcode.app/Contents/Developer/Toolchains/XcodeDefault.xctoolchain/usr/lib/swift/macosx/prebuilt-modules/27.0/QuartzCore.swiftmodule/arm64e-apple-macos.swiftmodule /Applications/Xcode.app/Contents/Developer/Toolchains/XcodeDefault.xctoolchain/usr/lib/swift/macosx/prebuilt-modules/27.0/CoreVideo.swiftmodule/arm64e-apple-macos.swiftmodule /Applications/Xcode.app/Contents/Developer/Toolchains/XcodeDefault.xctoolchain/usr/lib/swift/macosx/prebuilt-modules/27.0/System.swiftmodule/arm64e-apple-macos.swiftmodule /Applications/Xcode.app/Contents/Developer/Toolchains/XcodeDefault.xctoolchain/usr/lib/swift/macosx/prebuilt-modules/27.0/ColorSync.swiftmodule/arm64e-apple-macos.swiftmodule /Applications/Xcode.app/Contents/Developer/Toolchains/XcodeDefault.xctoolchain/usr/lib/swift/macosx/prebuilt-modules/27.0/CoreData.swiftmodule/arm64e-apple-macos.swiftmodule /Applications/Xcode.app/Contents/Developer/Toolchains/XcodeDefault.xctoolchain/usr/lib/swift/macosx/prebuilt-modules/27.0/Symbols.swiftmodule/arm64e-apple-macos.swiftmodule /Applications/Xcode.app/Contents/Developer/Toolchains/XcodeDefault.xctoolchain/usr/lib/swift/macosx/prebuilt-modules/27.0/CoreText.swiftmodule/arm64e-apple-macos.swiftmodule /Applications/Xcode.app/Contents/Developer/Toolchains/XcodeDefault.xctoolchain/usr/lib/swift/macosx/prebuilt-modules/27.0/Combine.swiftmodule/arm64e-apple-macos.swiftmodule /Applications/Xcode.app/Contents/Developer/Toolchains/XcodeDefault.xctoolchain/usr/lib/swift/macosx/prebuilt-modules/27.0/CoreML.swiftmodule/arm64e-apple-macos.swiftmodule /Applications/Xcode.app/Contents/Developer/Toolchains/XcodeDefault.xctoolchain/usr/lib/swift/macosx/prebuilt-modules/27.0/CoreMIDI.swiftmodule/arm64e-apple-macos.swiftmodule /Applications/Xcode.app/Contents/Developer/Toolchains/XcodeDefault.xctoolchain/usr/lib/swift/macosx/prebuilt-modules/27.0/AppKit.swiftmodule/arm64e-apple-macos.swiftmodule /Applications/Xcode.app/Contents/Developer/Toolchains/XcodeDefault.xctoolchain/usr/lib/swift/macosx/prebuilt-modules/27.0/Compression.swiftmodule/arm64e-apple-macos.swiftmodule /Applications/Xcode.app/Contents/Developer/Toolchains/XcodeDefault.xctoolchain/usr/lib/swift/macosx/prebuilt-modules/27.0/QuickLookUI.swiftmodule/arm64e-apple-macos.swiftmodule /Applications/Xcode.app/Contents/Developer/Toolchains/XcodeDefault.xctoolchain/usr/lib/swift/macosx/prebuilt-modules/27.0/MediaToolbox.swiftmodule/arm64e-apple-macos.swiftmodule /Applications/Xcode.app/Contents/Developer/Toolchains/XcodeDefault.xctoolchain/usr/lib/swift/macosx/prebuilt-modules/27.0/_AVKit_SwiftUI.swiftmodule/arm64e-apple-macos.swiftmodule /Applications/Xcode.app/Contents/Developer/Toolchains/XcodeDefault.xctoolchain/usr/lib/swift/macosx/prebuilt-modules/27.0/_Builtin_float.swiftmodule/arm64e-apple-macos.swiftmodule /Applications/Xcode.app/Contents/Developer/Toolchains/XcodeDefault.xctoolchain/usr/lib/swift/macosx/prebuilt-modules/27.0/LinkPresentation.swiftmodule/arm64e-apple-macos.swiftmodule /Applications/Xcode.app/Contents/Developer/Toolchains/XcodeDefault.xctoolchain/usr/lib/swift/macosx/prebuilt-modules/27.0/CryptoKit.swiftmodule/arm64e-apple-macos.swiftmodule /Applications/Xcode.app/Contents/Developer/Toolchains/XcodeDefault.xctoolchain/usr/lib/swift/macosx/prebuilt-modules/27.0/os.swiftmodule/arm64e-apple-macos.swiftmodule /Applications/Xcode.app/Contents/Developer/Toolchains/XcodeDefault.xctoolchain/usr/lib/swift/macosx/prebuilt-modules/27.0/_DarwinFoundation2.swiftmodule/arm64e-apple-macos.swiftmodule /Applications/Xcode.app/Contents/Developer/Toolchains/XcodeDefault.xctoolchain/usr/lib/swift/macosx/prebuilt-modules/27.0/Network.swiftmodule/arm64e-apple-macos.swiftmodule /Applications/Xcode.app/Contents/Developer/Toolchains/XcodeDefault.xctoolchain/usr/lib/swift/macosx/prebuilt-modules/27.0/Vision.swiftmodule/arm64e-apple-macos.swiftmodule /Applications/Xcode.app/Contents/Developer/Toolchains/XcodeDefault.xctoolchain/usr/lib/swift/macosx/prebuilt-modules/27.0/Swift.swiftmodule/arm64e-apple-macos.swiftmodule /Applications/Xcode.app/Contents/Developer/Toolchains/XcodeDefault.xctoolchain/usr/lib/swift/macosx/prebuilt-modules/27.0/Synchronization.swiftmodule/arm64e-apple-macos.swiftmodule /Applications/Xcode.app/Contents/Developer/Toolchains/XcodeDefault.xctoolchain/usr/lib/swift/macosx/prebuilt-modules/27.0/_Concurrency.swiftmodule/arm64e-apple-macos.swiftmodule /Applications/Xcode.app/Contents/Developer/Toolchains/XcodeDefault.xctoolchain/usr/lib/swift/macosx/prebuilt-modules/27.0/AudioToolbox.swiftmodule/arm64e-apple-macos.swiftmodule /Applications/Xcode.app/Contents/Developer/Toolchains/XcodeDefault.xctoolchain/usr/lib/swift/macosx/prebuilt-modules/27.0/AVFoundation.swiftmodule/arm64e-apple-macos.swiftmodule /Applications/Xcode.app/Contents/Developer/Toolchains/XcodeDefault.xctoolchain/usr/lib/swift/macosx/prebuilt-modules/27.0/ObjectiveC.swiftmodule/arm64e-apple-macos.swiftmodule /Applications/Xcode.app/Contents/Developer/Toolchains/XcodeDefault.xctoolchain/usr/lib/swift/macosx/prebuilt-modules/27.0/DataDetection.swiftmodule/arm64e-apple-macos.swiftmodule /Applications/Xcode.app/Contents/Developer/Toolchains/XcodeDefault.xctoolchain/usr/lib/swift/macosx/prebuilt-modules/27.0/ExtensionFoundation.swiftmodule/arm64e-apple-macos.swiftmodule /Applications/Xcode.app/Contents/Developer/Toolchains/XcodeDefault.xctoolchain/usr/lib/swift/macosx/prebuilt-modules/27.0/UniformTypeIdentifiers.swiftmodule/arm64e-apple-macos.swiftmodule /Applications/Xcode.app/Contents/Developer/Toolchains/XcodeDefault.xctoolchain/usr/lib/swift/macosx/prebuilt-modules/27.0/LocalAuthentication.swiftmodule/arm64e-apple-macos.swiftmodule /Applications/Xcode.app/Contents/Developer/Toolchains/XcodeDefault.xctoolchain/usr/lib/swift/macosx/prebuilt-modules/27.0/_DarwinFoundation1.swiftmodule/arm64e-apple-macos.swiftmodule /Applications/Xcode.app/Contents/Developer/Toolchains/XcodeDefault.xctoolchain/usr/lib/swift/macosx/prebuilt-modules/27.0/QuickLookThumbnailing.swiftmodule/arm64e-apple-macos.swiftmodule /Applications/Xcode.app/Contents/Developer/Toolchains/XcodeDefault.xctoolchain/usr/lib/swift/macosx/prebuilt-modules/27.0/CoreMedia.swiftmodule/arm64e-apple-macos.swiftmodule /Applications/Xcode.app/Contents/Developer/Toolchains/XcodeDefault.xctoolchain/usr/lib/swift/macosx/prebuilt-modules/27.0/CoreFoundation.swiftmodule/arm64e-apple-macos.swiftmodule /Applications/Xcode.app/Contents/Developer/Toolchains/XcodeDefault.xctoolchain/usr/lib/swift/macosx/prebuilt-modules/27.0/OSLog.swiftmodule/arm64e-apple-macos.swiftmodule /Applications/Xcode.app/Contents/Developer/Toolchains/XcodeDefault.xctoolchain/usr/lib/swift/macosx/prebuilt-modules/27.0/CoreImage.swiftmodule/arm64e-apple-macos.swiftmodule /Applications/Xcode.app/Contents/Developer/Toolchains/XcodeDefault.xctoolchain/usr/lib/swift/macosx/prebuilt-modules/27.0/Observation.swiftmodule/arm64e-apple-macos.swiftmodule /Applications/Xcode.app/Contents/Developer/Toolchains/XcodeDefault.xctoolchain/usr/lib/swift/macosx/prebuilt-modules/27.0/Foundation.swiftmodule/arm64e-apple-macos.swiftmodule /Applications/Xcode.app/Contents/Developer/Toolchains/XcodeDefault.xctoolchain/usr/lib/swift/macosx/prebuilt-modules/27.0/Metal.swiftmodule/arm64e-apple-macos.swiftmodule /Applications/Xcode.app/Contents/Developer/Toolchains/XcodeDefault.xctoolchain/usr/lib/swift/macosx/prebuilt-modules/27.0/Dispatch.swiftmodule/arm64e-apple-macos.swiftmodule /Applications/Xcode.app/Contents/Developer/Toolchains/XcodeDefault.xctoolchain/usr/lib/swift/macosx/prebuilt-modules/27.0/_DarwinFoundation3.swiftmodule/arm64e-apple-macos.swiftmodule /Applications/Xcode.app/Contents/Developer/Toolchains/XcodeDefault.xctoolchain/usr/lib/swift/macosx/prebuilt-modules/27.0/XPC.swiftmodule/arm64e-apple-macos.swiftmodule /Applications/Xcode.app/Contents/Developer/Toolchains/XcodeDefault.xctoolchain/usr/lib/swift/macosx/prebuilt-modules/27.0/ImageIO.swiftmodule/arm64e-apple-macos.swiftmodule /Applications/Xcode.app/Contents/Developer/Toolchains/XcodeDefault.xctoolchain/usr/lib/swift/macosx/prebuilt-modules/27.0/SwiftUI.swiftmodule/arm64e-apple-macos.swiftmodule /Applications/Xcode.app/Contents/Developer/Toolchains/XcodeDefault.xctoolchain/usr/lib/swift/macosx/prebuilt-modules/27.0/Distributed.swiftmodule/arm64e-apple-macos.swiftmodule /Users/roeylibfeld/Documents/KARI\ Creatives/DaBin/native/build/store-projects-verified-20261005T125220Z/derived-data/SDKExplicitPrecompiledModules/CUPS-2YYVI46RJ39GGJIOZHTONZQ51.pcm /Users/roeylibfeld/Documents/KARI\ Creatives/DaBin/native/build/store-projects-verified-20261005T125220Z/derived-data/SDKExplicitPrecompiledModules/sys_types-8CXKA99950XGTWFBH0VAVKVI4.pcm /Users/roeylibfeld/Documents/KARI\ Creatives/DaBin/native/build/store-projects-verified-20261005T125220Z/derived-data/SDKExplicitPrecompiledModules/DeveloperToolsSupport-B8JXY80K6QT97J33E7OBDKA03.pcm /Users/roeylibfeld/Documents/KARI\ Creatives/DaBin/native/build/store-projects-verified-20261005T125220Z/derived-data/SDKExplicitPrecompiledModules/SwiftShims-6RZ79AGJCCB4V2J5G05ODX43X.pcm /Users/roeylibfeld/Documents/KARI\ Creatives/DaBin/native/build/store-projects-verified-20261005T125220Z/derived-data/SDKExplicitPrecompiledModules/_Builtin_stdbool-37UP3CYTP0VCJGDSM8YALSZNK.pcm /Users/roeylibfeld/Documents/KARI\ Creatives/DaBin/native/build/store-projects-verified-20261005T125220Z/derived-data/SDKExplicitPrecompiledModules/Darwin-2CNGTQR5BN7M7126GWVD4YW6N.pcm /Users/roeylibfeld/Documents/KARI\ Creatives/DaBin/native/build/store-projects-verified-20261005T125220Z/derived-data/SDKExplicitPrecompiledModules/ObjectiveC-4CYRDBEQ0NLYSPDOCMNOHP3IS.pcm /Users/roeylibfeld/Documents/KARI\ Creatives/DaBin/native/build/store-projects-verified-20261005T125220Z/derived-data/SDKExplicitPrecompiledModules/AVFAudio-4F9D8AZJV6ZOH2QLJI3DX6KBU.pcm /Users/roeylibfeld/Documents/KARI\ Creatives/DaBin/native/build/store-projects-verified-20261005T125220Z/derived-data/SDKExplicitPrecompiledModules/libkern-8COW9I3P63LWCA67ECKMFLSZU.pcm /Users/roeylibfeld/Documents/KARI\ Creatives/DaBin/native/build/store-projects-verified-20261005T125220Z/derived-data/SDKExplicitPrecompiledModules/CoreMIDI-AAF624KK97DMU5MQ1FVYOIVAT.pcm /Users/roeylibfeld/Documents/KARI\ Creatives/DaBin/native/build/store-projects-verified-20261005T125220Z/derived-data/SDKExplicitPrecompiledModules/IOKit-6GP47JBP6R4HMJXC25A4KDDOZ.pcm /Users/roeylibfeld/Documents/KARI\ Creatives/DaBin/native/build/store-projects-verified-20261005T125220Z/derived-data/SDKExplicitPrecompiledModules/LocalAuthentication-5JLVBAGN6DB6TAZNAFTHWOP7B.pcm /Users/roeylibfeld/Documents/KARI\ Creatives/DaBin/native/build/store-projects-verified-20261005T125220Z/derived-data/SDKExplicitPrecompiledModules/Network-AXO1HHVYSX7FD4553SLM182LI.pcm /Users/roeylibfeld/Documents/KARI\ Creatives/DaBin/native/build/store-projects-verified-20261005T125220Z/derived-data/SDKExplicitPrecompiledModules/_DarwinFoundation1-1SEMTW4GAHA80POM2WS4G6LYS.pcm /Users/roeylibfeld/Documents/KARI\ Creatives/DaBin/native/build/store-projects-verified-20261005T125220Z/derived-data/SDKExplicitPrecompiledModules/OpenGL-DI2U9NDSA0ROWBHNAYJLD437U.pcm /Users/roeylibfeld/Documents/KARI\ Creatives/DaBin/native/build/store-projects-verified-20261005T125220Z/derived-data/SDKExplicitPrecompiledModules/SwiftUICore-5IDJDG9TND7RP3SXXGGZNZH7K.pcm /Users/roeylibfeld/Documents/KARI\ Creatives/DaBin/native/build/store-projects-verified-20261005T125220Z/derived-data/SDKExplicitPrecompiledModules/DataDetection-954JGHDQ4LN7MOPTB5GKB4VR1.pcm /Users/roeylibfeld/Documents/KARI\ Creatives/DaBin/native/build/store-projects-verified-20261005T125220Z/derived-data/SDKExplicitPrecompiledModules/Cocoa-6XGB7ZBWS4BC9A1TY6UXD2YJ0.pcm /Users/roeylibfeld/Documents/KARI\ Creatives/DaBin/native/build/store-projects-verified-20261005T125220Z/derived-data/SDKExplicitPrecompiledModules/_DarwinFoundation3-AFQP12JTGYH90U84AWO70L7YF.pcm /Users/roeylibfeld/Documents/KARI\ Creatives/DaBin/native/build/store-projects-verified-20261005T125220Z/derived-data/SDKExplicitPrecompiledModules/_Builtin_stdint-18NI7ZNYX46R6GQK16B8XION1.pcm /Users/roeylibfeld/Documents/KARI\ Creatives/DaBin/native/build/store-projects-verified-20261005T125220Z/derived-data/SDKExplicitPrecompiledModules/UserNotifications-C7HJYWXDF0H57F5EUDNU01V80.pcm /Users/roeylibfeld/Documents/KARI\ Creatives/DaBin/native/build/store-projects-verified-20261005T125220Z/derived-data/SDKExplicitPrecompiledModules/QuickLook-7VBJBWN4XKBJLPC5AITWXCGLP.pcm /Users/roeylibfeld/Documents/KARI\ Creatives/DaBin/native/build/store-projects-verified-20261005T125220Z/derived-data/SDKExplicitPrecompiledModules/Accessibility-ADHX01FC27ETKXK8UAQMDUBD8.pcm /Users/roeylibfeld/Documents/KARI\ Creatives/DaBin/native/build/store-projects-verified-20261005T125220Z/derived-data/SDKExplicitPrecompiledModules/Carbon-2B2FO4T8TGPUEELXMMZETI8WR.pcm /Users/roeylibfeld/Documents/KARI\ Creatives/DaBin/native/build/store-projects-verified-20261005T125220Z/derived-data/SDKExplicitPrecompiledModules/_Builtin_intrinsics-55KQMOUYB2DS5CUFSKX1CHDIK.pcm /Users/roeylibfeld/Documents/KARI\ Creatives/DaBin/native/build/store-projects-verified-20261005T125220Z/derived-data/SDKExplicitPrecompiledModules/QuickLookThumbnailing-D9GIDBV5U52UKNTEW70MNLRU3.pcm /Users/roeylibfeld/Documents/KARI\ Creatives/DaBin/native/build/store-projects-verified-20261005T125220Z/derived-data/SDKExplicitPrecompiledModules/CoreData-E18ITIXCN4OTKNIRVNM8BZ13R.pcm /Users/roeylibfeld/Documents/KARI\ Creatives/DaBin/native/build/store-projects-verified-20261005T125220Z/derived-data/SDKExplicitPrecompiledModules/OSLog-8H24BHJ2Q7DA98XRVY6HHEO2S.pcm /Users/roeylibfeld/Documents/KARI\ Creatives/DaBin/native/build/store-projects-verified-20261005T125220Z/derived-data/SDKExplicitPrecompiledModules/libDER-8GVUZUHF2LGFYI8Q6QXZCC4OI.pcm /Users/roeylibfeld/Documents/KARI\ Creatives/DaBin/native/build/store-projects-verified-20261005T125220Z/derived-data/SDKExplicitPrecompiledModules/ExtensionFoundation-BD8V2GYLKYDQY01JYKOW7SHYD.pcm /Users/roeylibfeld/Documents/KARI\ Creatives/DaBin/native/build/store-projects-verified-20261005T125220Z/derived-data/SDKExplicitPrecompiledModules/ImageIO-99SUDKPULD3B64DXB8C0SG6A3.pcm /Users/roeylibfeld/Documents/KARI\ Creatives/DaBin/native/build/store-projects-verified-20261005T125220Z/derived-data/SDKExplicitPrecompiledModules/Security-6NXX3NLADYEFY0WSLHEWDYSOX.pcm /Users/roeylibfeld/Documents/KARI\ Creatives/DaBin/native/build/store-projects-verified-20261005T125220Z/derived-data/SDKExplicitPrecompiledModules/_Builtin_tgmath-D5UFC2P9KX0KS2BVTADUIDW9S.pcm /Users/roeylibfeld/Documents/KARI\ Creatives/DaBin/native/build/store-projects-verified-20261005T125220Z/derived-data/SDKExplicitPrecompiledModules/CoreFoundation-DYZ34MENUDTSOUPYPTKPZTZ0U.pcm /Users/roeylibfeld/Documents/KARI\ Creatives/DaBin/native/build/store-projects-verified-20261005T125220Z/derived-data/SDKExplicitPrecompiledModules/CoreGraphics-J52H2SDAXTAWE4BD78MZOGVG.pcm /Users/roeylibfeld/Documents/KARI\ Creatives/DaBin/native/build/store-projects-verified-20261005T125220Z/derived-data/SDKExplicitPrecompiledModules/simd-1US1DQRVEYU48RG9LGAZ3JHN4.pcm /Users/roeylibfeld/Documents/KARI\ Creatives/DaBin/native/build/store-projects-verified-20261005T125220Z/derived-data/SDKExplicitPrecompiledModules/AVFoundation-58HJZY0NBH4K78M99JDHQSFD8.pcm /Users/roeylibfeld/Documents/KARI\ Creatives/DaBin/native/build/store-projects-verified-20261005T125220Z/derived-data/SDKExplicitPrecompiledModules/_Builtin_float-651FJ3321JJ8GDTFHOXS88HRI.pcm /Users/roeylibfeld/Documents/KARI\ Creatives/DaBin/native/build/store-projects-verified-20261005T125220Z/derived-data/SDKExplicitPrecompiledModules/CoreText-BWJ2B6HO2CUL5WCDATLYH87X8.pcm /Users/roeylibfeld/Documents/KARI\ Creatives/DaBin/native/build/store-projects-verified-20261005T125220Z/derived-data/SDKExplicitPrecompiledModules/_DarwinFoundation2-BJDZCNKQ1VKYG62J8Q1U32WWN.pcm /Users/roeylibfeld/Documents/KARI\ Creatives/DaBin/native/build/store-projects-verified-20261005T125220Z/derived-data/SDKExplicitPrecompiledModules/Foundation-2C87WSC5D845U3XDQAZC1PKFB.pcm /Users/roeylibfeld/Documents/KARI\ Creatives/DaBin/native/build/store-projects-verified-20261005T125220Z/derived-data/SDKExplicitPrecompiledModules/CoreTransferable-D9X47AUZYPQLNZ7DLWN6NL5QQ.pcm /Users/roeylibfeld/Documents/KARI\ Creatives/DaBin/native/build/store-projects-verified-20261005T125220Z/derived-data/SDKExplicitPrecompiledModules/IOSurface-7KCT6LNV3GZ78ZOD5AFCCS9MO.pcm /Users/roeylibfeld/Documents/KARI\ Creatives/DaBin/native/build/store-projects-verified-20261005T125220Z/derived-data/SDKExplicitPrecompiledModules/CoreAudioTypes-BXWWMLAA3QPAWGXU0GEKNE27G.pcm /Users/roeylibfeld/Documents/KARI\ Creatives/DaBin/native/build/store-projects-verified-20261005T125220Z/derived-data/SDKExplicitPrecompiledModules/_Builtin_stdarg-B6WYXINNMWAJQCSMD5V7S64WT.pcm /Users/roeylibfeld/Documents/KARI\ Creatives/DaBin/native/build/store-projects-verified-20261005T125220Z/derived-data/SDKExplicitPrecompiledModules/launch-COU8EXA06O6MHW7XWWO0T2FSQ.pcm /Users/roeylibfeld/Documents/KARI\ Creatives/DaBin/native/build/store-projects-verified-20261005T125220Z/derived-data/SDKExplicitPrecompiledModules/CoreImage-4K94KZLJI4PE8MRHCRHADNCUD.pcm /Users/roeylibfeld/Documents/KARI\ Creatives/DaBin/native/build/store-projects-verified-20261005T125220Z/derived-data/SDKExplicitPrecompiledModules/LinkPresentation-HCL93U58W7Y8LTT260D1VACU.pcm /Users/roeylibfeld/Documents/KARI\ Creatives/DaBin/native/build/store-projects-verified-20261005T125220Z/derived-data/SDKExplicitPrecompiledModules/Metal-DU0RT991O0X9HVDVYVXNJG8Y8.pcm /Users/roeylibfeld/Documents/KARI\ Creatives/DaBin/native/build/store-projects-verified-20261005T125220Z/derived-data/SDKExplicitPrecompiledModules/_Builtin_stdatomic-37CMFFON5H5YJ065QBEP4M1H1.pcm /Users/roeylibfeld/Documents/KARI\ Creatives/DaBin/native/build/store-projects-verified-20261005T125220Z/derived-data/SDKExplicitPrecompiledModules/Accelerate-EEYFLY3NWFOSXTCQOKT1TQ8AD.pcm /Users/roeylibfeld/Documents/KARI\ Creatives/DaBin/native/build/store-projects-verified-20261005T125220Z/derived-data/SDKExplicitPrecompiledModules/Compression-75UZMYSXNXU6U1B8XYPHCF5H7.pcm /Users/roeylibfeld/Documents/KARI\ Creatives/DaBin/native/build/store-projects-verified-20261005T125220Z/derived-data/SDKExplicitPrecompiledModules/AppKit-ROI3TJAD39BPVHE4540YWYIR.pcm /Users/roeylibfeld/Documents/KARI\ Creatives/DaBin/native/build/store-projects-verified-20261005T125220Z/derived-data/SDKExplicitPrecompiledModules/ptrauth-24I4NW98UKTA6JLX8DVSIT3Y7.pcm /Users/roeylibfeld/Documents/KARI\ Creatives/DaBin/native/build/store-projects-verified-20261005T125220Z/derived-data/SDKExplicitPrecompiledModules/ptrcheck-5F1NT5BDJWEQ0OOIURMPX8KQJ.pcm /Users/roeylibfeld/Documents/KARI\ Creatives/DaBin/native/build/store-projects-verified-20261005T125220Z/derived-data/SDKExplicitPrecompiledModules/zlib-1QK9CVWZ6M1QIXHCWRZOLL5E3.pcm /Users/roeylibfeld/Documents/KARI\ Creatives/DaBin/native/build/store-projects-verified-20261005T125220Z/derived-data/SDKExplicitPrecompiledModules/CoreMedia-42W34VPQCK4KNVDIFC6Q5IAOO.pcm /Users/roeylibfeld/Documents/KARI\ Creatives/DaBin/native/build/store-projects-verified-20261005T125220Z/derived-data/SDKExplicitPrecompiledModules/ApplicationServices-7B3YDRCDIP33P2VDIKDWUK5WF.pcm /Users/roeylibfeld/Documents/KARI\ Creatives/DaBin/native/build/store-projects-verified-20261005T125220Z/derived-data/SDKExplicitPrecompiledModules/MachO-82YN134CJFFSJXPE2O8U3GEAO.pcm /Users/roeylibfeld/Documents/KARI\ Creatives/DaBin/native/build/store-projects-verified-20261005T125220Z/derived-data/SDKExplicitPrecompiledModules/VideoToolbox-1ZIHXBFH5AZKZM87PD5GHZRT0.pcm /Users/roeylibfeld/Documents/KARI\ Creatives/DaBin/native/build/store-projects-verified-20261005T125220Z/derived-data/SDKExplicitPrecompiledModules/QuickLookUI-5HLVCP2O4CBMH0VAXUVJSXVOM.pcm /Users/roeylibfeld/Documents/KARI\ Creatives/DaBin/native/build/store-projects-verified-20261005T125220Z/derived-data/SDKExplicitPrecompiledModules/Spatial-3NUNVU6VRJ57RYIQVU8OXLM6S.pcm /Users/roeylibfeld/Documents/KARI\ Creatives/DaBin/native/build/store-projects-verified-20261005T125220Z/derived-data/SDKExplicitPrecompiledModules/Symbols-160BKE1LJODRE7K60RUJEC968.pcm /Users/roeylibfeld/Documents/KARI\ Creatives/DaBin/native/build/store-projects-verified-20261005T125220Z/derived-data/SDKExplicitPrecompiledModules/os_workgroup-4NZQ48B4NZ6JO56L9Q4HZF8EQ.pcm /Users/roeylibfeld/Documents/KARI\ Creatives/DaBin/native/build/store-projects-verified-20261005T125220Z/derived-data/SDKExplicitPrecompiledModules/CoreML-UV56LHKT8B15519AXQGMD7LI.pcm /Users/roeylibfeld/Documents/KARI\ Creatives/DaBin/native/build/store-projects-verified-20261005T125220Z/derived-data/SDKExplicitPrecompiledModules/dnssd-856YNDXDCERWD2H8U2JFNED43.pcm /Users/roeylibfeld/Documents/KARI\ Creatives/DaBin/native/build/store-projects-verified-20261005T125220Z/derived-data/SDKExplicitPrecompiledModules/UniformTypeIdentifiers-D1LAVT9JIMEEVDADWAAJU3WT3.pcm /Users/roeylibfeld/Documents/KARI\ Creatives/DaBin/native/build/store-projects-verified-20261005T125220Z/derived-data/SDKExplicitPrecompiledModules/CoreVideo-EQTG4B3QV5QMQRFEW0XPJV666.pcm /Users/roeylibfeld/Documents/KARI\ Creatives/DaBin/native/build/store-projects-verified-20261005T125220Z/derived-data/SDKExplicitPrecompiledModules/PDFKit-7A2PDF0ZSCY0QGTDSNDWZJ6X4.pcm /Users/roeylibfeld/Documents/KARI\ Creatives/DaBin/native/build/store-projects-verified-20261005T125220Z/derived-data/SDKExplicitPrecompiledModules/_Builtin_stddef-AWJDYP6PMWF55P5JUGEHXYUFL.pcm /Users/roeylibfeld/Documents/KARI\ Creatives/DaBin/native/build/store-projects-verified-20261005T125220Z/derived-data/SDKExplicitPrecompiledModules/CoreAudio-6P2U2L6PRC7ICI18O4TYDNDKY.pcm /Users/roeylibfeld/Documents/KARI\ Creatives/DaBin/native/build/store-projects-verified-20261005T125220Z/derived-data/SDKExplicitPrecompiledModules/Dispatch-2OX79I910YX34G6SD1LJMEBQX.pcm /Users/roeylibfeld/Documents/KARI\ Creatives/DaBin/native/build/store-projects-verified-20261005T125220Z/derived-data/SDKExplicitPrecompiledModules/AudioToolbox-MT889M4J8PQP7ZO9W5BMLADG.pcm /Users/roeylibfeld/Documents/KARI\ Creatives/DaBin/native/build/store-projects-verified-20261005T125220Z/derived-data/SDKExplicitPrecompiledModules/ColorSync-DGZSDH5G8N42GHGGVE3KVQG0K.pcm /Users/roeylibfeld/Documents/KARI\ Creatives/DaBin/native/build/store-projects-verified-20261005T125220Z/derived-data/SDKExplicitPrecompiledModules/_AvailabilityInternal-7RNBTX5EMWIQ73XCXITD6TIJX.pcm /Users/roeylibfeld/Documents/KARI\ Creatives/DaBin/native/build/store-projects-verified-20261005T125220Z/derived-data/SDKExplicitPrecompiledModules/_Builtin_limits-3TDOBPNHX5L6I1EHWN0EXAXYY.pcm /Users/roeylibfeld/Documents/KARI\ Creatives/DaBin/native/build/store-projects-verified-20261005T125220Z/derived-data/SDKExplicitPrecompiledModules/os-4T7A556Q9P3X7WWCNZFFEW2KJ.pcm /Users/roeylibfeld/Documents/KARI\ Creatives/DaBin/native/build/store-projects-verified-20261005T125220Z/derived-data/SDKExplicitPrecompiledModules/os_object-1NF07RRUMDH1E5GRY3E4YVTZX.pcm /Users/roeylibfeld/Documents/KARI\ Creatives/DaBin/native/build/store-projects-verified-20261005T125220Z/derived-data/SDKExplicitPrecompiledModules/XPC-BE0NE5PQXMIC3EDLPREC5OVPE.pcm /Users/roeylibfeld/Documents/KARI\ Creatives/DaBin/native/build/store-projects-verified-20261005T125220Z/derived-data/SDKExplicitPrecompiledModules/CoreServices-ELRQ1GEIWNUBXFIR2SIIQW3FL.pcm /Users/roeylibfeld/Documents/KARI\ Creatives/DaBin/native/build/store-projects-verified-20261005T125220Z/derived-data/SDKExplicitPrecompiledModules/_Builtin_inttypes-C8A877FRL359IFYD1HH2XOXAY.pcm /Users/roeylibfeld/Documents/KARI\ Creatives/DaBin/native/build/store-projects-verified-20261005T125220Z/derived-data/SDKExplicitPrecompiledModules/MediaToolbox-E2K7LME4RXSQ1XA4HXTO8Z0PU.pcm /Users/roeylibfeld/Documents/KARI\ Creatives/DaBin/native/build/store-projects-verified-20261005T125220Z/derived-data/SDKExplicitPrecompiledModules/Vision-CXTAEU0HIAO1GIIBSW6JAGMEW.pcm /Users/roeylibfeld/Documents/KARI\ Creatives/DaBin/native/build/store-projects-verified-20261005T125220Z/derived-data/SDKExplicitPrecompiledModules/string_h-88K3GN6P10GW7WAXAVSYT0KVH.pcm /Users/roeylibfeld/Documents/KARI\ Creatives/DaBin/native/build/store-projects-verified-20261005T125220Z/derived-data/SDKExplicitPrecompiledModules/AVKit-3L4QYVPVYI22IVLZECS031TDD.pcm /Users/roeylibfeld/Documents/KARI\ Creatives/DaBin/native/build/store-projects-verified-20261005T125220Z/derived-data/SDKExplicitPrecompiledModules/QuartzCore-A85GG72JK78WHG9KJAPAUB4SM.pcm /Users/roeylibfeld/Documents/KARI\ Creatives/DaBin/native/build/store-projects-verified-20261005T125220Z/derived-data/SDKExplicitPrecompiledModules/CFNetwork-8LODZQCJEJZNSVPIQL5I7K1KQ.pcm /Users/roeylibfeld/Documents/KARI\ Creatives/DaBin/native/build/store-projects-verified-20261005T125220Z/derived-data/SDKExplicitPrecompiledModules/_SwiftConcurrencyShims-133T2WE7LS1MEBK3SM1ZN8BNI.pcm /Users/roeylibfeld/Documents/KARI\ Creatives/DaBin/native/build/store-projects-verified-20261005T125220Z/derived-data/SDKExplicitPrecompiledModules/DiskArbitration-NZ6IZHDIKR2ECOXFUPDADTK9.pcm /Users/roeylibfeld/Documents/KARI\ Creatives/DaBin/native/build/store-projects-verified-20261005T125220Z/derived-data/SDKExplicitPrecompiledModules/SwiftUI-8C2E14RL2RZCWY8FE08H24R4R.pcm /Users/roeylibfeld/Documents/KARI\ Creatives/DaBin/native/build/store-projects-verified-20261005T125220Z/derived-data/Build/Intermediates.noindex/DaBin.build/Release/DaBin.build/Objects-normal/arm64/DaBin-dependencies-1.json (in target 'DaBin' from project 'DaBin')

SwiftCompile normal arm64 (in target 'DaBin' from project 'DaBin')
    cd /Users/roeylibfeld/Documents/KARI\ Creatives/DaBin/native
    

SwiftDriverJobDiscovery normal arm64 Compiling AccessibilityAnnouncement.swift, AppDelegate.swift, AppState.swift, ApplicationCoordinator.swift, ApplicationMenu.swift, ArchiveBackup.swift, AutoCaptureFingerprint.swift, AutoCaptureRobotCelebration.swift, AutoCaptureRobotPresenter.swift, AutoCaptureService.swift, AutoCaptureSettings.swift, AutoCaptureSignMotion.swift, AutoCaptureSignRouting.swift, AutoCaptureSignView.swift, AutoRecordIndicator.swift, BoardComponents.swift, BoardResizeGeometry.swift, BoardView.swift, BoardWindowChrome.swift, BoredRobotView.swift, BuddyControls.swift, CaptureAnnotations.swift, CaptureCardGroup.swift, CaptureCards.swift, CaptureClipboard.swift, CaptureCopyButton.swift, CaptureDetailPanels.swift, CaptureExtendedCanvas.swift, CaptureExtendedWindow.swift, CaptureFilterStrip.swift, CaptureInboxActions.swift, CapturePresentation.swift, CapturePreviews.swift, CaptureProvenance.swift, CaptureRemoval.swift, CaptureRepository.swift, CaptureSourceView.swift, CaptureStore.swift, CaptureTrailView.swift, ClipboardRetentionService.swift, ClipboardRetentionSettings.swift, CollectionPreviewMosaic.swift, ContentIndexService.swift, CornerController.swift, DaBinLogo.swift, DaBinMain.swift, DailyArchive.swift, DailyCaptureView.swift, DailyScreen.swift, DayExport.swift, DayExportUI.swift, DetailScreen.swift, Domain.swift, DraftArchive.swift, ExplorerItems.swift, ExplorerQuery.swift, ExplorerScreen.swift, ExplorerTransfer.swift, ExplorerViewport.swift, FittedPDFPreview.swift, GroupedCaptureCard.swift, HourlyCaptureCard.swift, HourlyCaptureFeed.swift, HoverTooltips.swift, InboxScreen.swift, InputService.swift, IslandRobotChoreography.swift, LibraryScreen.swift, LocalDOCXTextExtractor.swift, NativeContentDrag.swift, NavigationHistory.swift, NewNoteScreen.swift, OriginalFileStorage.swift, PreviewRequest.swift, PreviewService.swift, PrivacyInformation.swift, ProjectFileArchive.swift, ProjectPickerView.swift, ProjectWorkspaceCard.swift, ProjectWorkspaceExport.swift, ProjectWorkspaceState.swift, ProjectWorkspaceTasks.swift, ProjectWorkspaceView.swift, QuickAccess.swift, QuietOrbitGeometry.swift, QuietOrbitVisualStyle.swift, ReminderAlertCoordinator.swift, ReminderClockEditor.swift, ReminderLifecycle.swift, ReminderSchedule.swift, ReminderService.swift, RemindersScreen.swift, RobotAppFrameView.swift, RobotCharacterView.swift, RobotLifecycle.swift, RobotMotion.swift, RobotPlacementSettings.swift, RobotProjectSignView.swift, RobotView.swift, ScratchpadView.swift, ScreenshotFolderMonitor.swift, SearchColumnViewport.swift, SearchDateBoard.swift, SearchResultCard.swift, SearchScreen.swift, SettingsScreen.swift, ShelfCaptureController.swift, ShelfExport.swift, SoftwareUpdateService.swift, StatusBarController.swift, TaskAttachmentsView.swift, TaskEditorScreen.swift, TaskFocusControls.swift, TaskFocusSession.swift, TaskPlanning.swift, TaskPlanningEditor.swift, TaskTimerAlarmMotion.swift, TaskTimerRobotPresenter.swift, TaskTimerRobotView.swift, ThemeSettings.swift, TimelineCalendarPicker.swift, TodayPlanningScreen.swift, TodayTaskCard.swift, TransientMessagePresentation.swift, TrashScreen.swift, UpdateHandoff.swift, WeeklyDateSelection.swift, WeeklyScopeActions.swift, WeeklyScreen.swift, WindowDragHandle.swift, WorkspaceClipboard.swift, WorkspaceInput.swift, WorkspaceItemCard.swift, WorkspaceQuery.swift, WorkspaceStore.swift, WorkspaceZoom.swift, WorkspaceZoomLayout.swift, WorkspaceZoomScrollAnchor.swift (in target 'DaBin' from project 'DaBin')

SwiftDriver\ Compilation\ Requirements DaBin normal arm64 com.apple.xcode.tools.swift.compiler (in target 'DaBin' from project 'DaBin')
    cd /Users/roeylibfeld/Documents/KARI\ Creatives/DaBin/native
    builtin-Swift-Compilation-Requirements -- /Applications/Xcode.app/Contents/Developer/Toolchains/XcodeDefault.xctoolchain/usr/bin/swiftc -module-name DaBin -O -whole-module-optimization @/Users/roeylibfeld/Documents/KARI\ Creatives/DaBin/native/build/store-projects-verified-20261005T125220Z/derived-data/Build/Intermediates.noindex/DaBin.build/Release/DaBin.build/Objects-normal/arm64/DaBin.SwiftFileList -enable-bare-slash-regex -enable-experimental-feature DebugDescriptionMacro -sdk /Applications/Xcode.app/Contents/Developer/Platforms/MacOSX.platform/Developer/SDKs/MacOSX27.0.sdk -target arm64-apple-macos14.0 -g -module-cache-path /Users/roeylibfeld/Documents/KARI\ Creatives/DaBin/native/build/store-projects-verified-20261005T125220Z/derived-data/ModuleCache.noindex -Xfrontend -serialize-debugging-options -warnings-as-errors -swift-version 5 -I /Users/roeylibfeld/Documents/KARI\ Creatives/DaBin/native/build/store-projects-verified-20261005T125220Z/derived-data/Build/Products/Release -F /Users/roeylibfeld/Documents/KARI\ Creatives/DaBin/native/build/store-projects-verified-20261005T125220Z/derived-data/Build/Products/Release -c -num-threads 15 -Xcc -ivfsstatcache -Xcc /Users/roeylibfeld/Documents/KARI\ Creatives/DaBin/native/build/store-projects-verified-20261005T125220Z/derived-data/SDKStatCaches.noindex/macosx27.0-26A425-7231f6df4def33e022ae2eb8f782df1a.sdkstatcache -output-file-map /Users/roeylibfeld/Documents/KARI\ Creatives/DaBin/native/build/store-projects-verified-20261005T125220Z/derived-data/Build/Intermediates.noindex/DaBin.build/Release/DaBin.build/Objects-normal/arm64/DaBin-OutputFileMap.json -save-temps -no-color-diagnostics -explicit-module-build -module-cache-path /Users/roeylibfeld/Documents/KARI\ Creatives/DaBin/native/build/store-projects-verified-20261005T125220Z/derived-data/Build/Intermediates.noindex/SwiftExplicitPrecompiledModules -clang-scanner-module-cache-path /Users/roeylibfeld/Documents/KARI\ Creatives/DaBin/native/build/store-projects-verified-20261005T125220Z/derived-data/ModuleCache.noindex -sdk-module-cache-path /Users/roeylibfeld/Documents/KARI\ Creatives/DaBin/native/build/store-projects-verified-20261005T125220Z/derived-data/SDKExplicitPrecompiledModules -emit-dependencies -emit-module -emit-module-path /Users/roeylibfeld/Documents/KARI\ Creatives/DaBin/native/build/store-projects-verified-20261005T125220Z/derived-data/Build/Intermediates.noindex/DaBin.build/Release/DaBin.build/Objects-normal/arm64/DaBin.swiftmodule -serialize-diagnostics -dependency-scan-serialize-diagnostics-path /Users/roeylibfeld/Documents/KARI\ Creatives/DaBin/native/build/store-projects-verified-20261005T125220Z/derived-data/Build/Intermediates.noindex/DaBin.build/Release/DaBin.build/Objects-normal/arm64/DaBin-dependency-scan.dia -validate-clang-modules-once -clang-build-session-file /Users/roeylibfeld/Documents/KARI\ Creatives/DaBin/native/build/store-projects-verified-20261005T125220Z/derived-data/ModuleCache.noindex/Session.modulevalidation -Xcc -fmodules-prune-interval\=86400 -Xcc -fmodules-prune-after\=345600 -emit-const-values -const-gather-protocols-list /Users/roeylibfeld/Documents/KARI\ Creatives/DaBin/native/build/store-projects-verified-20261005T125220Z/derived-data/Build/Intermediates.noindex/DaBin.build/Release/DaBin.build/Objects-normal/arm64/DaBin_const_extract_protocols.json -Xcc -iquote -Xcc /Users/roeylibfeld/Documents/KARI\ Creatives/DaBin/native/build/store-projects-verified-20261005T125220Z/derived-data/Build/Intermediates.noindex/DaBin.build/Release/DaBin.build/DaBin-generated-files.hmap -Xcc -I/Users/roeylibfeld/Documents/KARI\ Creatives/DaBin/native/build/store-projects-verified-20261005T125220Z/derived-data/Build/Intermediates.noindex/DaBin.build/Release/DaBin.build/DaBin-own-target-headers.hmap -Xcc -I/Users/roeylibfeld/Documents/KARI\ Creatives/DaBin/native/build/store-projects-verified-20261005T125220Z/derived-data/Build/Intermediates.noindex/DaBin.build/Release/DaBin.build/DaBin-all-target-headers.hmap -Xcc -iquote -Xcc /Users/roeylibfeld/Documents/KARI\ Creatives/DaBin/native/build/store-projects-verified-20261005T125220Z/derived-data/Build/Intermediates.noindex/DaBin.build/Release/DaBin.build/DaBin-project-headers.hmap -Xcc -I/Users/roeylibfeld/Documents/KARI\ Creatives/DaBin/native/build/store-projects-verified-20261005T125220Z/derived-data/Build/Products/Release/include -Xcc -I/Users/roeylibfeld/Documents/KARI\ Creatives/DaBin/native/build/store-projects-verified-20261005T125220Z/derived-data/Build/Intermediates.noindex/DaBin.build/Release/DaBin.build/DerivedSources-normal/arm64 -Xcc -I/Users/roeylibfeld/Documents/KARI\ Creatives/DaBin/native/build/store-projects-verified-20261005T125220Z/derived-data/Build/Intermediates.noindex/DaBin.build/Release/DaBin.build/DerivedSources/arm64 -Xcc -I/Users/roeylibfeld/Documents/KARI\ Creatives/DaBin/native/build/store-projects-verified-20261005T125220Z/derived-data/Build/Intermediates.noindex/DaBin.build/Release/DaBin.build/DerivedSources -emit-objc-header -emit-objc-header-path /Users/roeylibfeld/Documents/KARI\ Creatives/DaBin/native/build/store-projects-verified-20261005T125220Z/derived-data/Build/Intermediates.noindex/DaBin.build/Release/DaBin.build/Objects-normal/arm64/DaBin-Swift.h -working-directory /Users/roeylibfeld/Documents/KARI\ Creatives/DaBin/native -no-emit-module-separately-wmo

SwiftMergeGeneratedHeaders /Users/roeylibfeld/Documents/KARI\ Creatives/DaBin/native/build/store-projects-verified-20261005T125220Z/derived-data/Build/Intermediates.noindex/DaBin.build/Release/DaBin.build/DerivedSources/DaBin-Swift.h /Users/roeylibfeld/Documents/KARI\ Creatives/DaBin/native/build/store-projects-verified-20261005T125220Z/derived-data/Build/Intermediates.noindex/DaBin.build/Release/DaBin.build/Objects-normal/arm64/DaBin-Swift.h (in target 'DaBin' from project 'DaBin')
    cd /Users/roeylibfeld/Documents/KARI\ Creatives/DaBin/native
    builtin-swiftHeaderTool -arch arm64 /Users/roeylibfeld/Documents/KARI\ Creatives/DaBin/native/build/store-projects-verified-20261005T125220Z/derived-data/Build/Intermediates.noindex/DaBin.build/Release/DaBin.build/Objects-normal/arm64/DaBin-Swift.h -o /Users/roeylibfeld/Documents/KARI\ Creatives/DaBin/native/build/store-projects-verified-20261005T125220Z/derived-data/Build/Intermediates.noindex/DaBin.build/Release/DaBin.build/DerivedSources/DaBin-Swift.h

Copy /Users/roeylibfeld/Documents/KARI\ Creatives/DaBin/native/build/store-projects-verified-20261005T125220Z/derived-data/Build/Products/Release/DaBin.swiftmodule/arm64-apple-macos.swiftdoc /Users/roeylibfeld/Documents/KARI\ Creatives/DaBin/native/build/store-projects-verified-20261005T125220Z/derived-data/Build/Intermediates.noindex/DaBin.build/Release/DaBin.build/Objects-normal/arm64/DaBin.swiftdoc (in target 'DaBin' from project 'DaBin')
    cd /Users/roeylibfeld/Documents/KARI\ Creatives/DaBin/native
    builtin-copy -exclude .DS_Store -exclude CVS -exclude .svn -exclude .git -exclude .hg -strip-unsigned-binaries -strip-deterministic -strip-tool /Applications/Xcode.app/Contents/Developer/Toolchains/XcodeDefault.xctoolchain/usr/bin/strip -resolve-src-symlinks -rename /Users/roeylibfeld/Documents/KARI\ Creatives/DaBin/native/build/store-projects-verified-20261005T125220Z/derived-data/Build/Intermediates.noindex/DaBin.build/Release/DaBin.build/Objects-normal/arm64/DaBin.swiftdoc /Users/roeylibfeld/Documents/KARI\ Creatives/DaBin/native/build/store-projects-verified-20261005T125220Z/derived-data/Build/Products/Release/DaBin.swiftmodule/arm64-apple-macos.swiftdoc

Copy /Users/roeylibfeld/Documents/KARI\ Creatives/DaBin/native/build/store-projects-verified-20261005T125220Z/derived-data/Build/Products/Release/DaBin.swiftmodule/arm64-apple-macos.swiftmodule /Users/roeylibfeld/Documents/KARI\ Creatives/DaBin/native/build/store-projects-verified-20261005T125220Z/derived-data/Build/Intermediates.noindex/DaBin.build/Release/DaBin.build/Objects-normal/arm64/DaBin.swiftmodule (in target 'DaBin' from project 'DaBin')
    cd /Users/roeylibfeld/Documents/KARI\ Creatives/DaBin/native
    builtin-copy -exclude .DS_Store -exclude CVS -exclude .svn -exclude .git -exclude .hg -strip-unsigned-binaries -strip-deterministic -strip-tool /Applications/Xcode.app/Contents/Developer/Toolchains/XcodeDefault.xctoolchain/usr/bin/strip -resolve-src-symlinks -rename /Users/roeylibfeld/Documents/KARI\ Creatives/DaBin/native/build/store-projects-verified-20261005T125220Z/derived-data/Build/Intermediates.noindex/DaBin.build/Release/DaBin.build/Objects-normal/arm64/DaBin.swiftmodule /Users/roeylibfeld/Documents/KARI\ Creatives/DaBin/native/build/store-projects-verified-20261005T125220Z/derived-data/Build/Products/Release/DaBin.swiftmodule/arm64-apple-macos.swiftmodule

Copy /Users/roeylibfeld/Documents/KARI\ Creatives/DaBin/native/build/store-projects-verified-20261005T125220Z/derived-data/Build/Products/Release/DaBin.swiftmodule/arm64-apple-macos.abi.json /Users/roeylibfeld/Documents/KARI\ Creatives/DaBin/native/build/store-projects-verified-20261005T125220Z/derived-data/Build/Intermediates.noindex/DaBin.build/Release/DaBin.build/Objects-normal/arm64/DaBin.abi.json (in target 'DaBin' from project 'DaBin')
    cd /Users/roeylibfeld/Documents/KARI\ Creatives/DaBin/native
    builtin-copy -exclude .DS_Store -exclude CVS -exclude .svn -exclude .git -exclude .hg -strip-unsigned-binaries -strip-deterministic -strip-tool /Applications/Xcode.app/Contents/Developer/Toolchains/XcodeDefault.xctoolchain/usr/bin/strip -resolve-src-symlinks -rename /Users/roeylibfeld/Documents/KARI\ Creatives/DaBin/native/build/store-projects-verified-20261005T125220Z/derived-data/Build/Intermediates.noindex/DaBin.build/Release/DaBin.build/Objects-normal/arm64/DaBin.abi.json /Users/roeylibfeld/Documents/KARI\ Creatives/DaBin/native/build/store-projects-verified-20261005T125220Z/derived-data/Build/Products/Release/DaBin.swiftmodule/arm64-apple-macos.abi.json

Copy /Users/roeylibfeld/Documents/KARI\ Creatives/DaBin/native/build/store-projects-verified-20261005T125220Z/derived-data/Build/Products/Release/DaBin.swiftmodule/Project/arm64-apple-macos.swiftsourceinfo /Users/roeylibfeld/Documents/KARI\ Creatives/DaBin/native/build/store-projects-verified-20261005T125220Z/derived-data/Build/Intermediates.noindex/DaBin.build/Release/DaBin.build/Objects-normal/arm64/DaBin.swiftsourceinfo (in target 'DaBin' from project 'DaBin')
    cd /Users/roeylibfeld/Documents/KARI\ Creatives/DaBin/native
    builtin-copy -exclude .DS_Store -exclude CVS -exclude .svn -exclude .git -exclude .hg -strip-unsigned-binaries -strip-deterministic -strip-tool /Applications/Xcode.app/Contents/Developer/Toolchains/XcodeDefault.xctoolchain/usr/bin/strip -resolve-src-symlinks -rename /Users/roeylibfeld/Documents/KARI\ Creatives/DaBin/native/build/store-projects-verified-20261005T125220Z/derived-data/Build/Intermediates.noindex/DaBin.build/Release/DaBin.build/Objects-normal/arm64/DaBin.swiftsourceinfo /Users/roeylibfeld/Documents/KARI\ Creatives/DaBin/native/build/store-projects-verified-20261005T125220Z/derived-data/Build/Products/Release/DaBin.swiftmodule/Project/arm64-apple-macos.swiftsourceinfo

Ld /Users/roeylibfeld/Documents/KARI\ Creatives/DaBin/native/build/store-projects-verified-20261005T125220Z/derived-data/Build/Products/Release/DaBin.app/Contents/MacOS/DaBin normal (in target 'DaBin' from project 'DaBin')
    cd /Users/roeylibfeld/Documents/KARI\ Creatives/DaBin/native
    /Applications/Xcode.app/Contents/Developer/Toolchains/XcodeDefault.xctoolchain/usr/bin/clang -Xlinker -reproducible -target arm64-apple-macos14.0 -isysroot /Applications/Xcode.app/Contents/Developer/Platforms/MacOSX.platform/Developer/SDKs/MacOSX27.0.sdk -Os -Xlinker -no_warn_duplicate_libraries -L/Users/roeylibfeld/Documents/KARI\ Creatives/DaBin/native/build/store-projects-verified-20261005T125220Z/derived-data/Build/Intermediates.noindex/EagerLinkingTBDs/Release -L/Users/roeylibfeld/Documents/KARI\ Creatives/DaBin/native/build/store-projects-verified-20261005T125220Z/derived-data/Build/Products/Release -F/Users/roeylibfeld/Documents/KARI\ Creatives/DaBin/native/build/store-projects-verified-20261005T125220Z/derived-data/Build/Intermediates.noindex/EagerLinkingTBDs/Release -F/Users/roeylibfeld/Documents/KARI\ Creatives/DaBin/native/build/store-projects-verified-20261005T125220Z/derived-data/Build/Products/Release -filelist /Users/roeylibfeld/Documents/KARI\ Creatives/DaBin/native/build/store-projects-verified-20261005T125220Z/derived-data/Build/Intermediates.noindex/DaBin.build/Release/DaBin.build/Objects-normal/arm64/DaBin.LinkFileList -Xlinker -rpath -Xlinker /usr/lib/swift -Xlinker -object_path_lto -Xlinker /Users/roeylibfeld/Documents/KARI\ Creatives/DaBin/native/build/store-projects-verified-20261005T125220Z/derived-data/Build/Intermediates.noindex/DaBin.build/Release/DaBin.build/Objects-normal/arm64/DaBin_lto.o -Xlinker -dependency_info -Xlinker /Users/roeylibfeld/Documents/KARI\ Creatives/DaBin/native/build/store-projects-verified-20261005T125220Z/derived-data/Build/Intermediates.noindex/DaBin.build/Release/DaBin.build/Objects-normal/arm64/DaBin_dependency_info.dat -fobjc-link-runtime -L/Applications/Xcode.app/Contents/Developer/Toolchains/XcodeDefault.xctoolchain/usr/lib/swift/macosx -L/usr/lib/swift -Xlinker -add_ast_path -Xlinker /Users/roeylibfeld/Documents/KARI\ Creatives/DaBin/native/build/store-projects-verified-20261005T125220Z/derived-data/Build/Intermediates.noindex/DaBin.build/Release/DaBin.build/Objects-normal/arm64/DaBin.swiftmodule -o /Users/roeylibfeld/Documents/KARI\ Creatives/DaBin/native/build/store-projects-verified-20261005T125220Z/derived-data/Build/Products/Release/DaBin.app/Contents/MacOS/DaBin

CopySwiftLibs /Users/roeylibfeld/Documents/KARI\ Creatives/DaBin/native/build/store-projects-verified-20261005T125220Z/derived-data/Build/Products/Release/DaBin.app (in target 'DaBin' from project 'DaBin')
    cd /Users/roeylibfeld/Documents/KARI\ Creatives/DaBin/native
    builtin-swiftStdLibTool --copy --verbose --scan-executable /Users/roeylibfeld/Documents/KARI\ Creatives/DaBin/native/build/store-projects-verified-20261005T125220Z/derived-data/Build/Products/Release/DaBin.app/Contents/MacOS/DaBin --scan-folder /Users/roeylibfeld/Documents/KARI\ Creatives/DaBin/native/build/store-projects-verified-20261005T125220Z/derived-data/Build/Products/Release/DaBin.app/Contents/Frameworks --scan-folder /Users/roeylibfeld/Documents/KARI\ Creatives/DaBin/native/build/store-projects-verified-20261005T125220Z/derived-data/Build/Products/Release/DaBin.app/Contents/PlugIns --scan-folder /Users/roeylibfeld/Documents/KARI\ Creatives/DaBin/native/build/store-projects-verified-20261005T125220Z/derived-data/Build/Products/Release/DaBin.app/Contents/Library/SystemExtensions --scan-folder /Users/roeylibfeld/Documents/KARI\ Creatives/DaBin/native/build/store-projects-verified-20261005T125220Z/derived-data/Build/Products/Release/DaBin.app/Contents/Extensions --platform macosx --toolchain /Applications/Xcode.app/Contents/Developer/Toolchains/XcodeDefault.xctoolchain --destination /Users/roeylibfeld/Documents/KARI\ Creatives/DaBin/native/build/store-projects-verified-20261005T125220Z/derived-data/Build/Products/Release/DaBin.app/Contents/Frameworks --strip-bitcode --strip-bitcode-tool /Applications/Xcode.app/Contents/Developer/Toolchains/XcodeDefault.xctoolchain/usr/bin/bitcode_strip --emit-dependency-info /Users/roeylibfeld/Documents/KARI\ Creatives/DaBin/native/build/store-projects-verified-20261005T125220Z/derived-data/Build/Intermediates.noindex/DaBin.build/Release/DaBin.build/SwiftStdLibToolInputDependencies.dep --filter-for-swift-os --back-deploy-swift-span
Ignoring --strip-bitcode because --sign was not passed

ExtractAppIntentsMetadata (in target 'DaBin' from project 'DaBin')
    cd /Users/roeylibfeld/Documents/KARI\ Creatives/DaBin/native
    /Applications/Xcode.app/Contents/Developer/Toolchains/XcodeDefault.xctoolchain/usr/bin/appintentsmetadataprocessor --toolchain-dir /Applications/Xcode.app/Contents/Developer/Toolchains/XcodeDefault.xctoolchain --module-name DaBin --sdk-root /Applications/Xcode.app/Contents/Developer/Platforms/MacOSX.platform/Developer/SDKs/MacOSX27.0.sdk --xcode-version 27A266a --platform-family macOS --deployment-target 14.0 --bundle-identifier com.dabin.mac --output /Users/roeylibfeld/Documents/KARI\ Creatives/DaBin/native/build/store-projects-verified-20261005T125220Z/derived-data/Build/Products/Release/DaBin.app/Contents/Resources --target-triple arm64-apple-macos14.0 --binary-file /Users/roeylibfeld/Documents/KARI\ Creatives/DaBin/native/build/store-projects-verified-20261005T125220Z/derived-data/Build/Products/Release/DaBin.app/Contents/MacOS/DaBin --dependency-file /Users/roeylibfeld/Documents/KARI\ Creatives/DaBin/native/build/store-projects-verified-20261005T125220Z/derived-data/Build/Intermediates.noindex/DaBin.build/Release/DaBin.build/Objects-normal/arm64/DaBin_dependency_info.dat --stringsdata-file /Users/roeylibfeld/Documents/KARI\ Creatives/DaBin/native/build/store-projects-verified-20261005T125220Z/derived-data/Build/Intermediates.noindex/DaBin.build/Release/DaBin.build/Objects-normal/arm64/ExtractedAppShortcutsMetadata.stringsdata --source-file-list /Users/roeylibfeld/Documents/KARI\ Creatives/DaBin/native/build/store-projects-verified-20261005T125220Z/derived-data/Build/Intermediates.noindex/DaBin.build/Release/DaBin.build/Objects-normal/arm64/DaBin.SwiftFileList --metadata-file-list /Users/roeylibfeld/Documents/KARI\ Creatives/DaBin/native/build/store-projects-verified-20261005T125220Z/derived-data/Build/Intermediates.noindex/DaBin.build/Release/DaBin.build/DaBin.DependencyMetadataFileList --static-metadata-file-list /Users/roeylibfeld/Documents/KARI\ Creatives/DaBin/native/build/store-projects-verified-20261005T125220Z/derived-data/Build/Intermediates.noindex/DaBin.build/Release/DaBin.build/DaBin.DependencyStaticMetadataFileList --swift-const-vals-list /Users/roeylibfeld/Documents/KARI\ Creatives/DaBin/native/build/store-projects-verified-20261005T125220Z/derived-data/Build/Intermediates.noindex/DaBin.build/Release/DaBin.build/Objects-normal/arm64/DaBin.SwiftConstValuesFileList --compile-time-extraction --deployment-aware-processing --no-app-shortcuts-localization
2026-10-05 15:53:19.026 appintentsmetadataprocessor[69375:28019894] Starting appintentsmetadataprocessor export
2026-10-05 15:53:19.028 appintentsmetadataprocessor[69375:28019894] warning: Metadata extraction skipped, no AppIntents.framework dependency found

GenerateDSYMFile /Users/roeylibfeld/Documents/KARI\ Creatives/DaBin/native/build/store-projects-verified-20261005T125220Z/derived-data/Build/Products/Release/DaBin.app.dSYM /Users/roeylibfeld/Documents/KARI\ Creatives/DaBin/native/build/store-projects-verified-20261005T125220Z/derived-data/Build/Products/Release/DaBin.app/Contents/MacOS/DaBin (in target 'DaBin' from project 'DaBin')
    cd /Users/roeylibfeld/Documents/KARI\ Creatives/DaBin/native
    export PATH\=/Applications/Xcode.app/Contents/SharedFrameworks/SwiftBuild.framework/Versions/A/PlugIns/SWBBuildService.bundle/Contents/PlugIns/SWBUniversalPlatformPlugin.bundle/Contents/Frameworks/SWBUniversalPlatform.framework/Resources:/Applications/Xcode.app/Contents/Developer/Toolchains/XcodeDefault.xctoolchain/usr/bin:/Applications/Xcode.app/Contents/Developer/Toolchains/XcodeDefault.xctoolchain/usr/local/bin:/Applications/Xcode.app/Contents/Developer/Toolchains/XcodeDefault.xctoolchain/usr/libexec:/Applications/Xcode.app/Contents/Developer/Platforms/MacOSX.platform/usr/bin:/Applications/Xcode.app/Contents/Developer/Platforms/MacOSX.platform/usr/local/bin:/Applications/Xcode.app/Contents/Developer/Platforms/MacOSX.platform/Developer/usr/bin:/Applications/Xcode.app/Contents/Developer/Platforms/MacOSX.platform/Developer/usr/local/bin:/Applications/Xcode.app/Contents/Developer/usr/bin:/Applications/Xcode.app/Contents/Developer/usr/local/bin:/Users/roeylibfeld/.local/bin:/opt/homebrew/bin:/opt/homebrew/sbin:/usr/local/bin:/System/Cryptexes/App/usr/bin:/usr/bin:/bin:/usr/sbin:/sbin:/var/run/com.apple.security.cryptexd/codex.system/bootstrap/usr/local/bin:/var/run/com.apple.security.cryptexd/codex.system/bootstrap/usr/bin:/var/run/com.apple.security.cryptexd/codex.system/bootstrap/usr/appleinternal/bin:/pkg/env/global/bin:/Library/Apple/usr/bin:/Applications/ChatGPT.app/Contents/Resources/codex-cli/codex-path:/Users/roeylibfeld/.codex/tmp/arg0/codex-arg0EwsPZK:/Users/roeylibfeld/.cache/codex-runtimes/codex-primary-runtime/dependencies/bin/override:/Users/roeylibfeld/.cache/codex-runtimes/codex-primary-runtime/dependencies/bin/fallback:/Applications/ChatGPT.app/Contents/Resources:/Applications/ChatGPT.app/Contents/Resources/codex-cli/CodexCLI.app/Contents/MacOS
    /Applications/Xcode.app/Contents/Developer/Toolchains/XcodeDefault.xctoolchain/usr/bin/dsymutil /Users/roeylibfeld/Documents/KARI\ Creatives/DaBin/native/build/store-projects-verified-20261005T125220Z/derived-data/Build/Products/Release/DaBin.app/Contents/MacOS/DaBin -o /Users/roeylibfeld/Documents/KARI\ Creatives/DaBin/native/build/store-projects-verified-20261005T125220Z/derived-data/Build/Products/Release/DaBin.app.dSYM

RegisterExecutionPolicyException /Users/roeylibfeld/Documents/KARI\ Creatives/DaBin/native/build/store-projects-verified-20261005T125220Z/derived-data/Build/Products/Release/DaBin.app (in target 'DaBin' from project 'DaBin')
    cd /Users/roeylibfeld/Documents/KARI\ Creatives/DaBin/native
    builtin-RegisterExecutionPolicyException /Users/roeylibfeld/Documents/KARI\ Creatives/DaBin/native/build/store-projects-verified-20261005T125220Z/derived-data/Build/Products/Release/DaBin.app

Validate /Users/roeylibfeld/Documents/KARI\ Creatives/DaBin/native/build/store-projects-verified-20261005T125220Z/derived-data/Build/Products/Release/DaBin.app (in target 'DaBin' from project 'DaBin')
    cd /Users/roeylibfeld/Documents/KARI\ Creatives/DaBin/native
    builtin-validationUtility /Users/roeylibfeld/Documents/KARI\ Creatives/DaBin/native/build/store-projects-verified-20261005T125220Z/derived-data/Build/Products/Release/DaBin.app -no-validate-extension -infoplist-subpath Contents/Info.plist

RegisterWithLaunchServices /Users/roeylibfeld/Documents/KARI\ Creatives/DaBin/native/build/store-projects-verified-20261005T125220Z/derived-data/Build/Products/Release/DaBin.app (in target 'DaBin' from project 'DaBin')
    cd /Users/roeylibfeld/Documents/KARI\ Creatives/DaBin/native
    builtin-lsregisterurl --record-path /Users/roeylibfeld/Documents/KARI\ Creatives/DaBin/native/build/store-projects-verified-20261005T125220Z/derived-data/Build/Intermediates.noindex/XCBuildData/registered-launchservices.txt -- /System/Library/Frameworks/CoreServices.framework/Versions/Current/Frameworks/LaunchServices.framework/Versions/Current/Support/lsregister -f -R -trusted /Users/roeylibfeld/Documents/KARI\ Creatives/DaBin/native/build/store-projects-verified-20261005T125220Z/derived-data/Build/Products/Release/DaBin.app

Touch /Users/roeylibfeld/Documents/KARI\ Creatives/DaBin/native/build/store-projects-verified-20261005T125220Z/derived-data/Build/Products/Release/DaBin.app (in target 'DaBin' from project 'DaBin')
    cd /Users/roeylibfeld/Documents/KARI\ Creatives/DaBin/native
    /usr/bin/touch -c /Users/roeylibfeld/Documents/KARI\ Creatives/DaBin/native/build/store-projects-verified-20261005T125220Z/derived-data/Build/Products/Release/DaBin.app

PruneExplicitPrecompiledModules /Users/roeylibfeld/Documents/KARI Creatives/DaBin/native/build/store-projects-verified-20261005T125220Z/derived-data/SDKExplicitPrecompiledModules

PruneExplicitPrecompiledModules /Users/roeylibfeld/Documents/KARI Creatives/DaBin/native/build/store-projects-verified-20261005T125220Z/derived-data/Build/Intermediates.noindex/ExplicitPrecompiledModules

PruneExplicitPrecompiledModules /Users/roeylibfeld/Documents/KARI Creatives/DaBin/native/build/store-projects-verified-20261005T125220Z/derived-data/Build/Intermediates.noindex/SwiftExplicitPrecompiledModules

** BUILD SUCCEEDED **

