Command line invocation:
    /Applications/Xcode.app/Contents/Developer/usr/bin/xcodebuild -project native/DaBin.xcodeproj -scheme DaBin -configuration Release -destination generic/platform=macOS -derivedDataPath build/app-store-2026-10-02/archive-derived-data -archivePath /private/tmp/DaBin-AppStore-2026-10-02-SWUyJN/DaBin-0.4.19-74-development.xcarchive -disableAutomaticPackageResolution -skipPackageUpdates CODE_SIGN_STYLE=Automatic DEVELOPMENT_TEAM=8QG4967CSU "CODE_SIGN_IDENTITY=Apple Development" OTHER_CODE_SIGN_FLAGS=--timestamp=none ARCHS=arm64 ONLY_ACTIVE_ARCH=NO SWIFT_ACTIVE_COMPILATION_CONDITIONS= INFOPLIST_FILE=/private/tmp/DaBin-AppStore-2026-10-02-SWUyJN/Store-Info.plist archive

Build settings from command line:
    ARCHS = arm64
    CODE_SIGN_IDENTITY = Apple Development
    CODE_SIGN_STYLE = Automatic
    DEVELOPMENT_TEAM = 8QG4967CSU
    INFOPLIST_FILE = /private/tmp/DaBin-AppStore-2026-10-02-SWUyJN/Store-Info.plist
    ONLY_ACTIVE_ARCH = NO
    OTHER_CODE_SIGN_FLAGS = --timestamp=none
    SWIFT_ACTIVE_COMPILATION_CONDITIONS =

note: Using codesigning identity override: Apple Development
ComputePackagePrebuildTargetDependencyGraph

Prepare packages

CreateBuildRequest

SendProjectDescription

CreateBuildOperation

ComputeTargetDependencyGraph
note: Building targets in dependency order
note: Target dependency graph (1 target)
    Target 'DaBin' in project 'DaBin' (no dependencies)

GatherProvisioningInputs

CreateBuildDescription

ExecuteExternalTool /Applications/Xcode.app/Contents/Developer/Toolchains/XcodeDefault.xctoolchain/usr/bin/clang -v -E -dM -isysroot /Applications/Xcode.app/Contents/Developer/Platforms/MacOSX.platform/Developer/SDKs/MacOSX27.0.sdk -x c -c /dev/null

ExecuteExternalTool /Applications/Xcode.app/Contents/Developer/Toolchains/XcodeDefault.xctoolchain/usr/bin/swiftc --version

ExecuteExternalTool /Applications/Xcode.app/Contents/Developer/Toolchains/XcodeDefault.xctoolchain/usr/bin/ld -version_details

Build description signature: a4587fe38817e4b40fe715133be0236f
Build description path: /Users/roeylibfeld/Documents/KARI Creatives/DaBin/build/app-store-2026-10-02/archive-derived-data/Build/Intermediates.noindex/ArchiveIntermediates/DaBin/IntermediateBuildFilesPath/XCBuildData/a4587fe38817e4b40fe715133be0236f.xcbuilddata
CreateBuildDirectory /Users/roeylibfeld/Documents/KARI\ Creatives/DaBin/build/app-store-2026-10-02/archive-derived-data/ModuleCache.noindex
    cd /Users/roeylibfeld/Documents/KARI\ Creatives/DaBin/native/DaBin.xcodeproj
    builtin-create-build-directory /Users/roeylibfeld/Documents/KARI\ Creatives/DaBin/build/app-store-2026-10-02/archive-derived-data/ModuleCache.noindex

CreateBuildDirectory /Users/roeylibfeld/Documents/KARI\ Creatives/DaBin/build/app-store-2026-10-02/archive-derived-data/CompilationCache.noindex
    cd /Users/roeylibfeld/Documents/KARI\ Creatives/DaBin/native/DaBin.xcodeproj
    builtin-create-build-directory /Users/roeylibfeld/Documents/KARI\ Creatives/DaBin/build/app-store-2026-10-02/archive-derived-data/CompilationCache.noindex

CreateBuildDirectory /Users/roeylibfeld/Documents/KARI\ Creatives/DaBin/build/app-store-2026-10-02/archive-derived-data/SDKExplicitPrecompiledModules
    cd /Users/roeylibfeld/Documents/KARI\ Creatives/DaBin/native/DaBin.xcodeproj
    builtin-create-build-directory /Users/roeylibfeld/Documents/KARI\ Creatives/DaBin/build/app-store-2026-10-02/archive-derived-data/SDKExplicitPrecompiledModules

CreateBuildDirectory /Users/roeylibfeld/Documents/KARI\ Creatives/DaBin/build/app-store-2026-10-02/archive-derived-data/Build/Intermediates.noindex/ArchiveIntermediates/DaBin/InstallationBuildProductsLocation
    cd /Users/roeylibfeld/Documents/KARI\ Creatives/DaBin/native/DaBin.xcodeproj
    builtin-create-build-directory /Users/roeylibfeld/Documents/KARI\ Creatives/DaBin/build/app-store-2026-10-02/archive-derived-data/Build/Intermediates.noindex/ArchiveIntermediates/DaBin/InstallationBuildProductsLocation

CreateBuildDirectory /Users/roeylibfeld/Documents/KARI\ Creatives/DaBin/build/app-store-2026-10-02/archive-derived-data/Build/Intermediates.noindex/ArchiveIntermediates/DaBin/PrecompiledHeaders
    cd /Users/roeylibfeld/Documents/KARI\ Creatives/DaBin/native/DaBin.xcodeproj
    builtin-create-build-directory /Users/roeylibfeld/Documents/KARI\ Creatives/DaBin/build/app-store-2026-10-02/archive-derived-data/Build/Intermediates.noindex/ArchiveIntermediates/DaBin/PrecompiledHeaders

ClangStatCache /Applications/Xcode.app/Contents/Developer/Toolchains/XcodeDefault.xctoolchain/usr/bin/clang-stat-cache /Applications/Xcode.app/Contents/Developer/Platforms/MacOSX.platform/Developer/SDKs/MacOSX27.0.sdk /Users/roeylibfeld/Documents/KARI\ Creatives/DaBin/build/app-store-2026-10-02/archive-derived-data/SDKStatCaches.noindex/macosx27.0-26A425-7231f6df4def33e022ae2eb8f782df1a.sdkstatcache
    cd /Users/roeylibfeld/Documents/KARI\ Creatives/DaBin/native/DaBin.xcodeproj
    /Applications/Xcode.app/Contents/Developer/Toolchains/XcodeDefault.xctoolchain/usr/bin/clang-stat-cache /Applications/Xcode.app/Contents/Developer/Platforms/MacOSX.platform/Developer/SDKs/MacOSX27.0.sdk -o /Users/roeylibfeld/Documents/KARI\ Creatives/DaBin/build/app-store-2026-10-02/archive-derived-data/SDKStatCaches.noindex/macosx27.0-26A425-7231f6df4def33e022ae2eb8f782df1a.sdkstatcache

CreateBuildDirectory /Users/roeylibfeld/Documents/KARI\ Creatives/DaBin/build/app-store-2026-10-02/archive-derived-data/Build/Intermediates.noindex/ArchiveIntermediates/DaBin/IntermediateBuildFilesPath
    cd /Users/roeylibfeld/Documents/KARI\ Creatives/DaBin/native/DaBin.xcodeproj
    builtin-create-build-directory /Users/roeylibfeld/Documents/KARI\ Creatives/DaBin/build/app-store-2026-10-02/archive-derived-data/Build/Intermediates.noindex/ArchiveIntermediates/DaBin/IntermediateBuildFilesPath

CreateBuildDirectory /Users/roeylibfeld/Documents/KARI\ Creatives/DaBin/build/app-store-2026-10-02/archive-derived-data/Build/Intermediates.noindex/ArchiveIntermediates/DaBin/BuildProductsPath
    cd /Users/roeylibfeld/Documents/KARI\ Creatives/DaBin/native/DaBin.xcodeproj
    builtin-create-build-directory /Users/roeylibfeld/Documents/KARI\ Creatives/DaBin/build/app-store-2026-10-02/archive-derived-data/Build/Intermediates.noindex/ArchiveIntermediates/DaBin/BuildProductsPath

CreateBuildDirectory /Users/roeylibfeld/Documents/KARI\ Creatives/DaBin/build/app-store-2026-10-02/archive-derived-data/Build/Intermediates.noindex/ArchiveIntermediates/DaBin/IntermediateBuildFilesPath/SwiftExplicitPrecompiledModules
    cd /Users/roeylibfeld/Documents/KARI\ Creatives/DaBin/native/DaBin.xcodeproj
    builtin-create-build-directory /Users/roeylibfeld/Documents/KARI\ Creatives/DaBin/build/app-store-2026-10-02/archive-derived-data/Build/Intermediates.noindex/ArchiveIntermediates/DaBin/IntermediateBuildFilesPath/SwiftExplicitPrecompiledModules

CreateBuildDirectory /Users/roeylibfeld/Documents/KARI\ Creatives/DaBin/build/app-store-2026-10-02/archive-derived-data/Build/Intermediates.noindex/ArchiveIntermediates/DaBin/IntermediateBuildFilesPath/ExplicitPrecompiledModules
    cd /Users/roeylibfeld/Documents/KARI\ Creatives/DaBin/native/DaBin.xcodeproj
    builtin-create-build-directory /Users/roeylibfeld/Documents/KARI\ Creatives/DaBin/build/app-store-2026-10-02/archive-derived-data/Build/Intermediates.noindex/ArchiveIntermediates/DaBin/IntermediateBuildFilesPath/ExplicitPrecompiledModules

CreateBuildDirectory /Users/roeylibfeld/Documents/KARI\ Creatives/DaBin/build/app-store-2026-10-02/archive-derived-data/Build/Intermediates.noindex/ArchiveIntermediates/DaBin/IntermediateBuildFilesPath/EagerLinkingTBDs/Release
    cd /Users/roeylibfeld/Documents/KARI\ Creatives/DaBin/native/DaBin.xcodeproj
    builtin-create-build-directory /Users/roeylibfeld/Documents/KARI\ Creatives/DaBin/build/app-store-2026-10-02/archive-derived-data/Build/Intermediates.noindex/ArchiveIntermediates/DaBin/IntermediateBuildFilesPath/EagerLinkingTBDs/Release

CreateBuildDirectory /Users/roeylibfeld/Documents/KARI\ Creatives/DaBin/build/app-store-2026-10-02/archive-derived-data/Build/Intermediates.noindex/ArchiveIntermediates/DaBin/BuildProductsPath/Release
    cd /Users/roeylibfeld/Documents/KARI\ Creatives/DaBin/native/DaBin.xcodeproj
    builtin-create-build-directory /Users/roeylibfeld/Documents/KARI\ Creatives/DaBin/build/app-store-2026-10-02/archive-derived-data/Build/Intermediates.noindex/ArchiveIntermediates/DaBin/BuildProductsPath/Release

WriteAuxiliaryFile /Users/roeylibfeld/Documents/KARI\ Creatives/DaBin/build/app-store-2026-10-02/archive-derived-data/Build/Intermediates.noindex/ArchiveIntermediates/DaBin/IntermediateBuildFilesPath/DaBin.build/Release/DaBin-3054bc69c6cf927e91acad80e75a3dd3-VFS/all-product-headers.yaml
    cd /Users/roeylibfeld/Documents/KARI\ Creatives/DaBin/native/DaBin.xcodeproj
    write-file /Users/roeylibfeld/Documents/KARI\ Creatives/DaBin/build/app-store-2026-10-02/archive-derived-data/Build/Intermediates.noindex/ArchiveIntermediates/DaBin/IntermediateBuildFilesPath/DaBin.build/Release/DaBin-3054bc69c6cf927e91acad80e75a3dd3-VFS/all-product-headers.yaml

WriteAuxiliaryFile /Users/roeylibfeld/Documents/KARI\ Creatives/DaBin/build/app-store-2026-10-02/archive-derived-data/Build/Intermediates.noindex/ArchiveIntermediates/DaBin/IntermediateBuildFilesPath/DaBin.build/Release/DaBin.build/DaBin-generated-files.hmap (in target 'DaBin' from project 'DaBin')
    cd /Users/roeylibfeld/Documents/KARI\ Creatives/DaBin/native
    write-file /Users/roeylibfeld/Documents/KARI\ Creatives/DaBin/build/app-store-2026-10-02/archive-derived-data/Build/Intermediates.noindex/ArchiveIntermediates/DaBin/IntermediateBuildFilesPath/DaBin.build/Release/DaBin.build/DaBin-generated-files.hmap

WriteAuxiliaryFile /Users/roeylibfeld/Documents/KARI\ Creatives/DaBin/build/app-store-2026-10-02/archive-derived-data/Build/Intermediates.noindex/ArchiveIntermediates/DaBin/IntermediateBuildFilesPath/DaBin.build/Release/DaBin.build/DaBin-all-non-framework-target-headers.hmap (in target 'DaBin' from project 'DaBin')
    cd /Users/roeylibfeld/Documents/KARI\ Creatives/DaBin/native
    write-file /Users/roeylibfeld/Documents/KARI\ Creatives/DaBin/build/app-store-2026-10-02/archive-derived-data/Build/Intermediates.noindex/ArchiveIntermediates/DaBin/IntermediateBuildFilesPath/DaBin.build/Release/DaBin.build/DaBin-all-non-framework-target-headers.hmap

SymLink /Users/roeylibfeld/Documents/KARI\ Creatives/DaBin/build/app-store-2026-10-02/archive-derived-data/Build/Intermediates.noindex/ArchiveIntermediates/DaBin/BuildProductsPath/Release/DaBin.app ../../InstallationBuildProductsLocation/Applications/DaBin.app (in target 'DaBin' from project 'DaBin')
    cd /Users/roeylibfeld/Documents/KARI\ Creatives/DaBin/native
    /bin/ln -sfh ../../InstallationBuildProductsLocation/Applications/DaBin.app /Users/roeylibfeld/Documents/KARI\ Creatives/DaBin/build/app-store-2026-10-02/archive-derived-data/Build/Intermediates.noindex/ArchiveIntermediates/DaBin/BuildProductsPath/Release/DaBin.app

WriteAuxiliaryFile /Users/roeylibfeld/Documents/KARI\ Creatives/DaBin/build/app-store-2026-10-02/archive-derived-data/Build/Intermediates.noindex/ArchiveIntermediates/DaBin/IntermediateBuildFilesPath/DaBin.build/Release/DaBin.build/DaBin-project-headers.hmap (in target 'DaBin' from project 'DaBin')
    cd /Users/roeylibfeld/Documents/KARI\ Creatives/DaBin/native
    write-file /Users/roeylibfeld/Documents/KARI\ Creatives/DaBin/build/app-store-2026-10-02/archive-derived-data/Build/Intermediates.noindex/ArchiveIntermediates/DaBin/IntermediateBuildFilesPath/DaBin.build/Release/DaBin.build/DaBin-project-headers.hmap

WriteAuxiliaryFile /Users/roeylibfeld/Documents/KARI\ Creatives/DaBin/build/app-store-2026-10-02/archive-derived-data/Build/Intermediates.noindex/ArchiveIntermediates/DaBin/IntermediateBuildFilesPath/DaBin.build/Release/DaBin.build/DaBin-own-target-headers.hmap (in target 'DaBin' from project 'DaBin')
    cd /Users/roeylibfeld/Documents/KARI\ Creatives/DaBin/native
    write-file /Users/roeylibfeld/Documents/KARI\ Creatives/DaBin/build/app-store-2026-10-02/archive-derived-data/Build/Intermediates.noindex/ArchiveIntermediates/DaBin/IntermediateBuildFilesPath/DaBin.build/Release/DaBin.build/DaBin-own-target-headers.hmap

WriteAuxiliaryFile /Users/roeylibfeld/Documents/KARI\ Creatives/DaBin/build/app-store-2026-10-02/archive-derived-data/Build/Intermediates.noindex/ArchiveIntermediates/DaBin/IntermediateBuildFilesPath/DaBin.build/Release/DaBin.build/DerivedSources/Entitlements.plist (in target 'DaBin' from project 'DaBin')
    cd /Users/roeylibfeld/Documents/KARI\ Creatives/DaBin/native
    write-file /Users/roeylibfeld/Documents/KARI\ Creatives/DaBin/build/app-store-2026-10-02/archive-derived-data/Build/Intermediates.noindex/ArchiveIntermediates/DaBin/IntermediateBuildFilesPath/DaBin.build/Release/DaBin.build/DerivedSources/Entitlements.plist

WriteAuxiliaryFile /Users/roeylibfeld/Documents/KARI\ Creatives/DaBin/build/app-store-2026-10-02/archive-derived-data/Build/Intermediates.noindex/ArchiveIntermediates/DaBin/IntermediateBuildFilesPath/DaBin.build/Release/DaBin.build/DaBin.hmap (in target 'DaBin' from project 'DaBin')
    cd /Users/roeylibfeld/Documents/KARI\ Creatives/DaBin/native
    write-file /Users/roeylibfeld/Documents/KARI\ Creatives/DaBin/build/app-store-2026-10-02/archive-derived-data/Build/Intermediates.noindex/ArchiveIntermediates/DaBin/IntermediateBuildFilesPath/DaBin.build/Release/DaBin.build/DaBin.hmap

WriteAuxiliaryFile /Users/roeylibfeld/Documents/KARI\ Creatives/DaBin/build/app-store-2026-10-02/archive-derived-data/Build/Intermediates.noindex/ArchiveIntermediates/DaBin/IntermediateBuildFilesPath/DaBin.build/Release/DaBin.build/DaBin-all-target-headers.hmap (in target 'DaBin' from project 'DaBin')
    cd /Users/roeylibfeld/Documents/KARI\ Creatives/DaBin/native
    write-file /Users/roeylibfeld/Documents/KARI\ Creatives/DaBin/build/app-store-2026-10-02/archive-derived-data/Build/Intermediates.noindex/ArchiveIntermediates/DaBin/IntermediateBuildFilesPath/DaBin.build/Release/DaBin.build/DaBin-all-target-headers.hmap

WriteAuxiliaryFile /Users/roeylibfeld/Documents/KARI\ Creatives/DaBin/build/app-store-2026-10-02/archive-derived-data/Build/Intermediates.noindex/ArchiveIntermediates/DaBin/IntermediateBuildFilesPath/DaBin.build/Release/DaBin.build/Objects-normal/arm64/DaBin.LinkFileList (in target 'DaBin' from project 'DaBin')
    cd /Users/roeylibfeld/Documents/KARI\ Creatives/DaBin/native
    write-file /Users/roeylibfeld/Documents/KARI\ Creatives/DaBin/build/app-store-2026-10-02/archive-derived-data/Build/Intermediates.noindex/ArchiveIntermediates/DaBin/IntermediateBuildFilesPath/DaBin.build/Release/DaBin.build/Objects-normal/arm64/DaBin.LinkFileList

WriteAuxiliaryFile /Users/roeylibfeld/Documents/KARI\ Creatives/DaBin/build/app-store-2026-10-02/archive-derived-data/Build/Intermediates.noindex/ArchiveIntermediates/DaBin/IntermediateBuildFilesPath/DaBin.build/Release/DaBin.build/Objects-normal/arm64/DaBin.SwiftFileList (in target 'DaBin' from project 'DaBin')
    cd /Users/roeylibfeld/Documents/KARI\ Creatives/DaBin/native
    write-file /Users/roeylibfeld/Documents/KARI\ Creatives/DaBin/build/app-store-2026-10-02/archive-derived-data/Build/Intermediates.noindex/ArchiveIntermediates/DaBin/IntermediateBuildFilesPath/DaBin.build/Release/DaBin.build/Objects-normal/arm64/DaBin.SwiftFileList

WriteAuxiliaryFile /Users/roeylibfeld/Documents/KARI\ Creatives/DaBin/build/app-store-2026-10-02/archive-derived-data/Build/Intermediates.noindex/ArchiveIntermediates/DaBin/IntermediateBuildFilesPath/DaBin.build/Release/DaBin.build/Objects-normal/arm64/DaBin.SwiftConstValuesFileList (in target 'DaBin' from project 'DaBin')
    cd /Users/roeylibfeld/Documents/KARI\ Creatives/DaBin/native
    write-file /Users/roeylibfeld/Documents/KARI\ Creatives/DaBin/build/app-store-2026-10-02/archive-derived-data/Build/Intermediates.noindex/ArchiveIntermediates/DaBin/IntermediateBuildFilesPath/DaBin.build/Release/DaBin.build/Objects-normal/arm64/DaBin.SwiftConstValuesFileList

MkDir /Users/roeylibfeld/Documents/KARI\ Creatives/DaBin/build/app-store-2026-10-02/archive-derived-data/Build/Intermediates.noindex/ArchiveIntermediates/DaBin/InstallationBuildProductsLocation/Applications/DaBin.app (in target 'DaBin' from project 'DaBin')
    cd /Users/roeylibfeld/Documents/KARI\ Creatives/DaBin/native
    /bin/mkdir -p /Users/roeylibfeld/Documents/KARI\ Creatives/DaBin/build/app-store-2026-10-02/archive-derived-data/Build/Intermediates.noindex/ArchiveIntermediates/DaBin/InstallationBuildProductsLocation/Applications/DaBin.app

WriteAuxiliaryFile /Users/roeylibfeld/Documents/KARI\ Creatives/DaBin/build/app-store-2026-10-02/archive-derived-data/Build/Intermediates.noindex/ArchiveIntermediates/DaBin/IntermediateBuildFilesPath/DaBin.build/Release/DaBin.build/Objects-normal/arm64/DaBin-OutputFileMap.json (in target 'DaBin' from project 'DaBin')
    cd /Users/roeylibfeld/Documents/KARI\ Creatives/DaBin/native
    write-file /Users/roeylibfeld/Documents/KARI\ Creatives/DaBin/build/app-store-2026-10-02/archive-derived-data/Build/Intermediates.noindex/ArchiveIntermediates/DaBin/IntermediateBuildFilesPath/DaBin.build/Release/DaBin.build/Objects-normal/arm64/DaBin-OutputFileMap.json

WriteAuxiliaryFile /Users/roeylibfeld/Documents/KARI\ Creatives/DaBin/build/app-store-2026-10-02/archive-derived-data/Build/Intermediates.noindex/ArchiveIntermediates/DaBin/IntermediateBuildFilesPath/DaBin.build/Release/DaBin.build/Objects-normal/arm64/DaBin_const_extract_protocols.json (in target 'DaBin' from project 'DaBin')
    cd /Users/roeylibfeld/Documents/KARI\ Creatives/DaBin/native
    write-file /Users/roeylibfeld/Documents/KARI\ Creatives/DaBin/build/app-store-2026-10-02/archive-derived-data/Build/Intermediates.noindex/ArchiveIntermediates/DaBin/IntermediateBuildFilesPath/DaBin.build/Release/DaBin.build/Objects-normal/arm64/DaBin_const_extract_protocols.json

WriteAuxiliaryFile /Users/roeylibfeld/Documents/KARI\ Creatives/DaBin/build/app-store-2026-10-02/archive-derived-data/Build/Intermediates.noindex/ArchiveIntermediates/DaBin/IntermediateBuildFilesPath/DaBin.build/Release/DaBin.build/DaBin.DependencyStaticMetadataFileList (in target 'DaBin' from project 'DaBin')
    cd /Users/roeylibfeld/Documents/KARI\ Creatives/DaBin/native
    write-file /Users/roeylibfeld/Documents/KARI\ Creatives/DaBin/build/app-store-2026-10-02/archive-derived-data/Build/Intermediates.noindex/ArchiveIntermediates/DaBin/IntermediateBuildFilesPath/DaBin.build/Release/DaBin.build/DaBin.DependencyStaticMetadataFileList

WriteAuxiliaryFile /Users/roeylibfeld/Documents/KARI\ Creatives/DaBin/build/app-store-2026-10-02/archive-derived-data/Build/Intermediates.noindex/ArchiveIntermediates/DaBin/IntermediateBuildFilesPath/DaBin.build/Release/DaBin.build/DaBin.DependencyMetadataFileList (in target 'DaBin' from project 'DaBin')
    cd /Users/roeylibfeld/Documents/KARI\ Creatives/DaBin/native
    write-file /Users/roeylibfeld/Documents/KARI\ Creatives/DaBin/build/app-store-2026-10-02/archive-derived-data/Build/Intermediates.noindex/ArchiveIntermediates/DaBin/IntermediateBuildFilesPath/DaBin.build/Release/DaBin.build/DaBin.DependencyMetadataFileList

MkDir /Users/roeylibfeld/Documents/KARI\ Creatives/DaBin/build/app-store-2026-10-02/archive-derived-data/Build/Intermediates.noindex/ArchiveIntermediates/DaBin/InstallationBuildProductsLocation/Applications/DaBin.app/Contents (in target 'DaBin' from project 'DaBin')
    cd /Users/roeylibfeld/Documents/KARI\ Creatives/DaBin/native
    /bin/mkdir -p /Users/roeylibfeld/Documents/KARI\ Creatives/DaBin/build/app-store-2026-10-02/archive-derived-data/Build/Intermediates.noindex/ArchiveIntermediates/DaBin/InstallationBuildProductsLocation/Applications/DaBin.app/Contents

MkDir /Users/roeylibfeld/Documents/KARI\ Creatives/DaBin/build/app-store-2026-10-02/archive-derived-data/Build/Intermediates.noindex/ArchiveIntermediates/DaBin/InstallationBuildProductsLocation/Applications/DaBin.app/Contents/MacOS (in target 'DaBin' from project 'DaBin')
    cd /Users/roeylibfeld/Documents/KARI\ Creatives/DaBin/native
    /bin/mkdir -p /Users/roeylibfeld/Documents/KARI\ Creatives/DaBin/build/app-store-2026-10-02/archive-derived-data/Build/Intermediates.noindex/ArchiveIntermediates/DaBin/InstallationBuildProductsLocation/Applications/DaBin.app/Contents/MacOS

MkDir /Users/roeylibfeld/Documents/KARI\ Creatives/DaBin/build/app-store-2026-10-02/archive-derived-data/Build/Intermediates.noindex/ArchiveIntermediates/DaBin/InstallationBuildProductsLocation/Applications/DaBin.app/Contents/Resources (in target 'DaBin' from project 'DaBin')
    cd /Users/roeylibfeld/Documents/KARI\ Creatives/DaBin/native
    /bin/mkdir -p /Users/roeylibfeld/Documents/KARI\ Creatives/DaBin/build/app-store-2026-10-02/archive-derived-data/Build/Intermediates.noindex/ArchiveIntermediates/DaBin/InstallationBuildProductsLocation/Applications/DaBin.app/Contents/Resources

ProcessProductPackaging /Users/roeylibfeld/Documents/KARI\ Creatives/DaBin/native/Resources/DaBin.entitlements /Users/roeylibfeld/Documents/KARI\ Creatives/DaBin/build/app-store-2026-10-02/archive-derived-data/Build/Intermediates.noindex/ArchiveIntermediates/DaBin/IntermediateBuildFilesPath/DaBin.build/Release/DaBin.build/DaBin.app.xcent (in target 'DaBin' from project 'DaBin')
    cd /Users/roeylibfeld/Documents/KARI\ Creatives/DaBin/native

    Entitlements:

    {
    "com.apple.security.app-sandbox" = 1;
    "com.apple.security.files.bookmarks.app-scope" = 1;
    "com.apple.security.files.user-selected.read-write" = 1;
    "com.apple.security.network.client" = 1;
}

    builtin-productPackagingUtility /Users/roeylibfeld/Documents/KARI\ Creatives/DaBin/native/Resources/DaBin.entitlements -entitlements -format xml -o /Users/roeylibfeld/Documents/KARI\ Creatives/DaBin/build/app-store-2026-10-02/archive-derived-data/Build/Intermediates.noindex/ArchiveIntermediates/DaBin/IntermediateBuildFilesPath/DaBin.build/Release/DaBin.build/DaBin.app.xcent

ProcessProductPackagingDER /Users/roeylibfeld/Documents/KARI\ Creatives/DaBin/build/app-store-2026-10-02/archive-derived-data/Build/Intermediates.noindex/ArchiveIntermediates/DaBin/IntermediateBuildFilesPath/DaBin.build/Release/DaBin.build/DaBin.app.xcent /Users/roeylibfeld/Documents/KARI\ Creatives/DaBin/build/app-store-2026-10-02/archive-derived-data/Build/Intermediates.noindex/ArchiveIntermediates/DaBin/IntermediateBuildFilesPath/DaBin.build/Release/DaBin.build/DaBin.app.xcent.der (in target 'DaBin' from project 'DaBin')
    cd /Users/roeylibfeld/Documents/KARI\ Creatives/DaBin/native
    /usr/bin/derq query -f xml -i /Users/roeylibfeld/Documents/KARI\ Creatives/DaBin/build/app-store-2026-10-02/archive-derived-data/Build/Intermediates.noindex/ArchiveIntermediates/DaBin/IntermediateBuildFilesPath/DaBin.build/Release/DaBin.build/DaBin.app.xcent -o /Users/roeylibfeld/Documents/KARI\ Creatives/DaBin/build/app-store-2026-10-02/archive-derived-data/Build/Intermediates.noindex/ArchiveIntermediates/DaBin/IntermediateBuildFilesPath/DaBin.build/Release/DaBin.build/DaBin.app.xcent.der --raw

CpResource /Users/roeylibfeld/Documents/KARI\ Creatives/DaBin/build/app-store-2026-10-02/archive-derived-data/Build/Intermediates.noindex/ArchiveIntermediates/DaBin/InstallationBuildProductsLocation/Applications/DaBin.app/Contents/Resources/robot.svg /Users/roeylibfeld/Documents/KARI\ Creatives/DaBin/native/Resources/robot.svg (in target 'DaBin' from project 'DaBin')
    cd /Users/roeylibfeld/Documents/KARI\ Creatives/DaBin/native
    builtin-copy -exclude .DS_Store -exclude CVS -exclude .svn -exclude .git -exclude .hg -strip-unsigned-binaries -strip-deterministic -strip-tool /Applications/Xcode.app/Contents/Developer/Toolchains/XcodeDefault.xctoolchain/usr/bin/strip -resolve-src-symlinks /Users/roeylibfeld/Documents/KARI\ Creatives/DaBin/native/Resources/robot.svg /Users/roeylibfeld/Documents/KARI\ Creatives/DaBin/build/app-store-2026-10-02/archive-derived-data/Build/Intermediates.noindex/ArchiveIntermediates/DaBin/InstallationBuildProductsLocation/Applications/DaBin.app/Contents/Resources

CpResource /Users/roeylibfeld/Documents/KARI\ Creatives/DaBin/build/app-store-2026-10-02/archive-derived-data/Build/Intermediates.noindex/ArchiveIntermediates/DaBin/InstallationBuildProductsLocation/Applications/DaBin.app/Contents/Resources/PrivacyPolicy.md /Users/roeylibfeld/Documents/KARI\ Creatives/DaBin/native/Resources/PrivacyPolicy.md (in target 'DaBin' from project 'DaBin')
    cd /Users/roeylibfeld/Documents/KARI\ Creatives/DaBin/native
    builtin-copy -exclude .DS_Store -exclude CVS -exclude .svn -exclude .git -exclude .hg -strip-unsigned-binaries -strip-deterministic -strip-tool /Applications/Xcode.app/Contents/Developer/Toolchains/XcodeDefault.xctoolchain/usr/bin/strip -resolve-src-symlinks /Users/roeylibfeld/Documents/KARI\ Creatives/DaBin/native/Resources/PrivacyPolicy.md /Users/roeylibfeld/Documents/KARI\ Creatives/DaBin/build/app-store-2026-10-02/archive-derived-data/Build/Intermediates.noindex/ArchiveIntermediates/DaBin/InstallationBuildProductsLocation/Applications/DaBin.app/Contents/Resources

CpResource /Users/roeylibfeld/Documents/KARI\ Creatives/DaBin/build/app-store-2026-10-02/archive-derived-data/Build/Intermediates.noindex/ArchiveIntermediates/DaBin/InstallationBuildProductsLocation/Applications/DaBin.app/Contents/Resources/PrivacyInfo.xcprivacy /Users/roeylibfeld/Documents/KARI\ Creatives/DaBin/native/Resources/PrivacyInfo.xcprivacy (in target 'DaBin' from project 'DaBin')
    cd /Users/roeylibfeld/Documents/KARI\ Creatives/DaBin/native
    builtin-copy -exclude .DS_Store -exclude CVS -exclude .svn -exclude .git -exclude .hg -strip-unsigned-binaries -strip-deterministic -strip-tool /Applications/Xcode.app/Contents/Developer/Toolchains/XcodeDefault.xctoolchain/usr/bin/strip -resolve-src-symlinks /Users/roeylibfeld/Documents/KARI\ Creatives/DaBin/native/Resources/PrivacyInfo.xcprivacy /Users/roeylibfeld/Documents/KARI\ Creatives/DaBin/build/app-store-2026-10-02/archive-derived-data/Build/Intermediates.noindex/ArchiveIntermediates/DaBin/InstallationBuildProductsLocation/Applications/DaBin.app/Contents/Resources

CpResource /Users/roeylibfeld/Documents/KARI\ Creatives/DaBin/build/app-store-2026-10-02/archive-derived-data/Build/Intermediates.noindex/ArchiveIntermediates/DaBin/InstallationBuildProductsLocation/Applications/DaBin.app/Contents/Resources/AppIcon.icns /Users/roeylibfeld/Documents/KARI\ Creatives/DaBin/native/Resources/AppIcon.icns (in target 'DaBin' from project 'DaBin')
    cd /Users/roeylibfeld/Documents/KARI\ Creatives/DaBin/native
    builtin-copy -exclude .DS_Store -exclude CVS -exclude .svn -exclude .git -exclude .hg -strip-unsigned-binaries -strip-deterministic -strip-tool /Applications/Xcode.app/Contents/Developer/Toolchains/XcodeDefault.xctoolchain/usr/bin/strip -resolve-src-symlinks /Users/roeylibfeld/Documents/KARI\ Creatives/DaBin/native/Resources/AppIcon.icns /Users/roeylibfeld/Documents/KARI\ Creatives/DaBin/build/app-store-2026-10-02/archive-derived-data/Build/Intermediates.noindex/ArchiveIntermediates/DaBin/InstallationBuildProductsLocation/Applications/DaBin.app/Contents/Resources

ProcessInfoPlistFile /Users/roeylibfeld/Documents/KARI\ Creatives/DaBin/build/app-store-2026-10-02/archive-derived-data/Build/Intermediates.noindex/ArchiveIntermediates/DaBin/InstallationBuildProductsLocation/Applications/DaBin.app/Contents/Info.plist /private/tmp/DaBin-AppStore-2026-10-02-SWUyJN/Store-Info.plist (in target 'DaBin' from project 'DaBin')
    cd /Users/roeylibfeld/Documents/KARI\ Creatives/DaBin/native
    builtin-infoPlistUtility /private/tmp/DaBin-AppStore-2026-10-02-SWUyJN/Store-Info.plist -producttype com.apple.product-type.application -genpkginfo /Users/roeylibfeld/Documents/KARI\ Creatives/DaBin/build/app-store-2026-10-02/archive-derived-data/Build/Intermediates.noindex/ArchiveIntermediates/DaBin/InstallationBuildProductsLocation/Applications/DaBin.app/Contents/PkgInfo -expandbuildsettings -platform macosx -o /Users/roeylibfeld/Documents/KARI\ Creatives/DaBin/build/app-store-2026-10-02/archive-derived-data/Build/Intermediates.noindex/ArchiveIntermediates/DaBin/InstallationBuildProductsLocation/Applications/DaBin.app/Contents/Info.plist

SwiftDriver DaBin normal arm64 com.apple.xcode.tools.swift.compiler (in target 'DaBin' from project 'DaBin')
    cd /Users/roeylibfeld/Documents/KARI\ Creatives/DaBin/native
    builtin-SwiftDriver -- /Applications/Xcode.app/Contents/Developer/Toolchains/XcodeDefault.xctoolchain/usr/bin/swiftc -module-name DaBin -O -whole-module-optimization @/Users/roeylibfeld/Documents/KARI\ Creatives/DaBin/build/app-store-2026-10-02/archive-derived-data/Build/Intermediates.noindex/ArchiveIntermediates/DaBin/IntermediateBuildFilesPath/DaBin.build/Release/DaBin.build/Objects-normal/arm64/DaBin.SwiftFileList -enable-bare-slash-regex -enable-experimental-feature DebugDescriptionMacro -sdk /Applications/Xcode.app/Contents/Developer/Platforms/MacOSX.platform/Developer/SDKs/MacOSX27.0.sdk -target arm64-apple-macos14.0 -g -module-cache-path /Users/roeylibfeld/Documents/KARI\ Creatives/DaBin/build/app-store-2026-10-02/archive-derived-data/ModuleCache.noindex -Xfrontend -serialize-debugging-options -warnings-as-errors -swift-version 5 -I /Users/roeylibfeld/Documents/KARI\ Creatives/DaBin/build/app-store-2026-10-02/archive-derived-data/Build/Intermediates.noindex/ArchiveIntermediates/DaBin/BuildProductsPath/Release -F /Users/roeylibfeld/Documents/KARI\ Creatives/DaBin/build/app-store-2026-10-02/archive-derived-data/Build/Intermediates.noindex/ArchiveIntermediates/DaBin/BuildProductsPath/Release -c -num-threads 15 -Xcc -ivfsstatcache -Xcc /Users/roeylibfeld/Documents/KARI\ Creatives/DaBin/build/app-store-2026-10-02/archive-derived-data/SDKStatCaches.noindex/macosx27.0-26A425-7231f6df4def33e022ae2eb8f782df1a.sdkstatcache -output-file-map /Users/roeylibfeld/Documents/KARI\ Creatives/DaBin/build/app-store-2026-10-02/archive-derived-data/Build/Intermediates.noindex/ArchiveIntermediates/DaBin/IntermediateBuildFilesPath/DaBin.build/Release/DaBin.build/Objects-normal/arm64/DaBin-OutputFileMap.json -save-temps -no-color-diagnostics -explicit-module-build -module-cache-path /Users/roeylibfeld/Documents/KARI\ Creatives/DaBin/build/app-store-2026-10-02/archive-derived-data/Build/Intermediates.noindex/ArchiveIntermediates/DaBin/IntermediateBuildFilesPath/SwiftExplicitPrecompiledModules -clang-scanner-module-cache-path /Users/roeylibfeld/Documents/KARI\ Creatives/DaBin/build/app-store-2026-10-02/archive-derived-data/ModuleCache.noindex -sdk-module-cache-path /Users/roeylibfeld/Documents/KARI\ Creatives/DaBin/build/app-store-2026-10-02/archive-derived-data/SDKExplicitPrecompiledModules -emit-dependencies -emit-module -emit-module-path /Users/roeylibfeld/Documents/KARI\ Creatives/DaBin/build/app-store-2026-10-02/archive-derived-data/Build/Intermediates.noindex/ArchiveIntermediates/DaBin/IntermediateBuildFilesPath/DaBin.build/Release/DaBin.build/Objects-normal/arm64/DaBin.swiftmodule -serialize-diagnostics -dependency-scan-serialize-diagnostics-path /Users/roeylibfeld/Documents/KARI\ Creatives/DaBin/build/app-store-2026-10-02/archive-derived-data/Build/Intermediates.noindex/ArchiveIntermediates/DaBin/IntermediateBuildFilesPath/DaBin.build/Release/DaBin.build/Objects-normal/arm64/DaBin-dependency-scan.dia -validate-clang-modules-once -clang-build-session-file /Users/roeylibfeld/Documents/KARI\ Creatives/DaBin/build/app-store-2026-10-02/archive-derived-data/ModuleCache.noindex/Session.modulevalidation -Xcc -fmodules-prune-interval\=86400 -Xcc -fmodules-prune-after\=345600 -emit-const-values -const-gather-protocols-list /Users/roeylibfeld/Documents/KARI\ Creatives/DaBin/build/app-store-2026-10-02/archive-derived-data/Build/Intermediates.noindex/ArchiveIntermediates/DaBin/IntermediateBuildFilesPath/DaBin.build/Release/DaBin.build/Objects-normal/arm64/DaBin_const_extract_protocols.json -Xcc -iquote -Xcc /Users/roeylibfeld/Documents/KARI\ Creatives/DaBin/build/app-store-2026-10-02/archive-derived-data/Build/Intermediates.noindex/ArchiveIntermediates/DaBin/IntermediateBuildFilesPath/DaBin.build/Release/DaBin.build/DaBin-generated-files.hmap -Xcc -I/Users/roeylibfeld/Documents/KARI\ Creatives/DaBin/build/app-store-2026-10-02/archive-derived-data/Build/Intermediates.noindex/ArchiveIntermediates/DaBin/IntermediateBuildFilesPath/DaBin.build/Release/DaBin.build/DaBin-own-target-headers.hmap -Xcc -I/Users/roeylibfeld/Documents/KARI\ Creatives/DaBin/build/app-store-2026-10-02/archive-derived-data/Build/Intermediates.noindex/ArchiveIntermediates/DaBin/IntermediateBuildFilesPath/DaBin.build/Release/DaBin.build/DaBin-all-target-headers.hmap -Xcc -iquote -Xcc /Users/roeylibfeld/Documents/KARI\ Creatives/DaBin/build/app-store-2026-10-02/archive-derived-data/Build/Intermediates.noindex/ArchiveIntermediates/DaBin/IntermediateBuildFilesPath/DaBin.build/Release/DaBin.build/DaBin-project-headers.hmap -Xcc -I/Users/roeylibfeld/Documents/KARI\ Creatives/DaBin/build/app-store-2026-10-02/archive-derived-data/Build/Intermediates.noindex/ArchiveIntermediates/DaBin/BuildProductsPath/Release/include -Xcc -I/Users/roeylibfeld/Documents/KARI\ Creatives/DaBin/build/app-store-2026-10-02/archive-derived-data/Build/Intermediates.noindex/ArchiveIntermediates/DaBin/IntermediateBuildFilesPath/DaBin.build/Release/DaBin.build/DerivedSources-normal/arm64 -Xcc -I/Users/roeylibfeld/Documents/KARI\ Creatives/DaBin/build/app-store-2026-10-02/archive-derived-data/Build/Intermediates.noindex/ArchiveIntermediates/DaBin/IntermediateBuildFilesPath/DaBin.build/Release/DaBin.build/DerivedSources/arm64 -Xcc -I/Users/roeylibfeld/Documents/KARI\ Creatives/DaBin/build/app-store-2026-10-02/archive-derived-data/Build/Intermediates.noindex/ArchiveIntermediates/DaBin/IntermediateBuildFilesPath/DaBin.build/Release/DaBin.build/DerivedSources -emit-objc-header -emit-objc-header-path /Users/roeylibfeld/Documents/KARI\ Creatives/DaBin/build/app-store-2026-10-02/archive-derived-data/Build/Intermediates.noindex/ArchiveIntermediates/DaBin/IntermediateBuildFilesPath/DaBin.build/Release/DaBin.build/Objects-normal/arm64/DaBin-Swift.h -working-directory /Users/roeylibfeld/Documents/KARI\ Creatives/DaBin/native -no-emit-module-separately-wmo

SwiftDriver\ Compilation DaBin normal arm64 com.apple.xcode.tools.swift.compiler (in target 'DaBin' from project 'DaBin')
    cd /Users/roeylibfeld/Documents/KARI\ Creatives/DaBin/native
    builtin-Swift-Compilation -- /Applications/Xcode.app/Contents/Developer/Toolchains/XcodeDefault.xctoolchain/usr/bin/swiftc -module-name DaBin -O -whole-module-optimization @/Users/roeylibfeld/Documents/KARI\ Creatives/DaBin/build/app-store-2026-10-02/archive-derived-data/Build/Intermediates.noindex/ArchiveIntermediates/DaBin/IntermediateBuildFilesPath/DaBin.build/Release/DaBin.build/Objects-normal/arm64/DaBin.SwiftFileList -enable-bare-slash-regex -enable-experimental-feature DebugDescriptionMacro -sdk /Applications/Xcode.app/Contents/Developer/Platforms/MacOSX.platform/Developer/SDKs/MacOSX27.0.sdk -target arm64-apple-macos14.0 -g -module-cache-path /Users/roeylibfeld/Documents/KARI\ Creatives/DaBin/build/app-store-2026-10-02/archive-derived-data/ModuleCache.noindex -Xfrontend -serialize-debugging-options -warnings-as-errors -swift-version 5 -I /Users/roeylibfeld/Documents/KARI\ Creatives/DaBin/build/app-store-2026-10-02/archive-derived-data/Build/Intermediates.noindex/ArchiveIntermediates/DaBin/BuildProductsPath/Release -F /Users/roeylibfeld/Documents/KARI\ Creatives/DaBin/build/app-store-2026-10-02/archive-derived-data/Build/Intermediates.noindex/ArchiveIntermediates/DaBin/BuildProductsPath/Release -c -num-threads 15 -Xcc -ivfsstatcache -Xcc /Users/roeylibfeld/Documents/KARI\ Creatives/DaBin/build/app-store-2026-10-02/archive-derived-data/SDKStatCaches.noindex/macosx27.0-26A425-7231f6df4def33e022ae2eb8f782df1a.sdkstatcache -output-file-map /Users/roeylibfeld/Documents/KARI\ Creatives/DaBin/build/app-store-2026-10-02/archive-derived-data/Build/Intermediates.noindex/ArchiveIntermediates/DaBin/IntermediateBuildFilesPath/DaBin.build/Release/DaBin.build/Objects-normal/arm64/DaBin-OutputFileMap.json -save-temps -no-color-diagnostics -explicit-module-build -module-cache-path /Users/roeylibfeld/Documents/KARI\ Creatives/DaBin/build/app-store-2026-10-02/archive-derived-data/Build/Intermediates.noindex/ArchiveIntermediates/DaBin/IntermediateBuildFilesPath/SwiftExplicitPrecompiledModules -clang-scanner-module-cache-path /Users/roeylibfeld/Documents/KARI\ Creatives/DaBin/build/app-store-2026-10-02/archive-derived-data/ModuleCache.noindex -sdk-module-cache-path /Users/roeylibfeld/Documents/KARI\ Creatives/DaBin/build/app-store-2026-10-02/archive-derived-data/SDKExplicitPrecompiledModules -emit-dependencies -emit-module -emit-module-path /Users/roeylibfeld/Documents/KARI\ Creatives/DaBin/build/app-store-2026-10-02/archive-derived-data/Build/Intermediates.noindex/ArchiveIntermediates/DaBin/IntermediateBuildFilesPath/DaBin.build/Release/DaBin.build/Objects-normal/arm64/DaBin.swiftmodule -serialize-diagnostics -dependency-scan-serialize-diagnostics-path /Users/roeylibfeld/Documents/KARI\ Creatives/DaBin/build/app-store-2026-10-02/archive-derived-data/Build/Intermediates.noindex/ArchiveIntermediates/DaBin/IntermediateBuildFilesPath/DaBin.build/Release/DaBin.build/Objects-normal/arm64/DaBin-dependency-scan.dia -validate-clang-modules-once -clang-build-session-file /Users/roeylibfeld/Documents/KARI\ Creatives/DaBin/build/app-store-2026-10-02/archive-derived-data/ModuleCache.noindex/Session.modulevalidation -Xcc -fmodules-prune-interval\=86400 -Xcc -fmodules-prune-after\=345600 -emit-const-values -const-gather-protocols-list /Users/roeylibfeld/Documents/KARI\ Creatives/DaBin/build/app-store-2026-10-02/archive-derived-data/Build/Intermediates.noindex/ArchiveIntermediates/DaBin/IntermediateBuildFilesPath/DaBin.build/Release/DaBin.build/Objects-normal/arm64/DaBin_const_extract_protocols.json -Xcc -iquote -Xcc /Users/roeylibfeld/Documents/KARI\ Creatives/DaBin/build/app-store-2026-10-02/archive-derived-data/Build/Intermediates.noindex/ArchiveIntermediates/DaBin/IntermediateBuildFilesPath/DaBin.build/Release/DaBin.build/DaBin-generated-files.hmap -Xcc -I/Users/roeylibfeld/Documents/KARI\ Creatives/DaBin/build/app-store-2026-10-02/archive-derived-data/Build/Intermediates.noindex/ArchiveIntermediates/DaBin/IntermediateBuildFilesPath/DaBin.build/Release/DaBin.build/DaBin-own-target-headers.hmap -Xcc -I/Users/roeylibfeld/Documents/KARI\ Creatives/DaBin/build/app-store-2026-10-02/archive-derived-data/Build/Intermediates.noindex/ArchiveIntermediates/DaBin/IntermediateBuildFilesPath/DaBin.build/Release/DaBin.build/DaBin-all-target-headers.hmap -Xcc -iquote -Xcc /Users/roeylibfeld/Documents/KARI\ Creatives/DaBin/build/app-store-2026-10-02/archive-derived-data/Build/Intermediates.noindex/ArchiveIntermediates/DaBin/IntermediateBuildFilesPath/DaBin.build/Release/DaBin.build/DaBin-project-headers.hmap -Xcc -I/Users/roeylibfeld/Documents/KARI\ Creatives/DaBin/build/app-store-2026-10-02/archive-derived-data/Build/Intermediates.noindex/ArchiveIntermediates/DaBin/BuildProductsPath/Release/include -Xcc -I/Users/roeylibfeld/Documents/KARI\ Creatives/DaBin/build/app-store-2026-10-02/archive-derived-data/Build/Intermediates.noindex/ArchiveIntermediates/DaBin/IntermediateBuildFilesPath/DaBin.build/Release/DaBin.build/DerivedSources-normal/arm64 -Xcc -I/Users/roeylibfeld/Documents/KARI\ Creatives/DaBin/build/app-store-2026-10-02/archive-derived-data/Build/Intermediates.noindex/ArchiveIntermediates/DaBin/IntermediateBuildFilesPath/DaBin.build/Release/DaBin.build/DerivedSources/arm64 -Xcc -I/Users/roeylibfeld/Documents/KARI\ Creatives/DaBin/build/app-store-2026-10-02/archive-derived-data/Build/Intermediates.noindex/ArchiveIntermediates/DaBin/IntermediateBuildFilesPath/DaBin.build/Release/DaBin.build/DerivedSources -emit-objc-header -emit-objc-header-path /Users/roeylibfeld/Documents/KARI\ Creatives/DaBin/build/app-store-2026-10-02/archive-derived-data/Build/Intermediates.noindex/ArchiveIntermediates/DaBin/IntermediateBuildFilesPath/DaBin.build/Release/DaBin.build/Objects-normal/arm64/DaBin-Swift.h -working-directory /Users/roeylibfeld/Documents/KARI\ Creatives/DaBin/native -no-emit-module-separately-wmo

SwiftExplicitDependencyGeneratePcm arm64 /Users/roeylibfeld/Documents/KARI\ Creatives/DaBin/build/app-store-2026-10-02/archive-derived-data/SDKExplicitPrecompiledModules/SwiftShims-6XJ8BK6KGRRP7JBCLDZS7NHE0.pcm

SwiftExplicitDependencyGeneratePcm arm64 /Users/roeylibfeld/Documents/KARI\ Creatives/DaBin/build/app-store-2026-10-02/archive-derived-data/SDKExplicitPrecompiledModules/ptrauth-EV8FZYR9QS0GURDK6CNCRFZM.pcm

SwiftExplicitDependencyGeneratePcm arm64 /Users/roeylibfeld/Documents/KARI\ Creatives/DaBin/build/app-store-2026-10-02/archive-derived-data/SDKExplicitPrecompiledModules/DeveloperToolsSupport-AQ1XRL089ZRPHOLON18ZBNQKZ.pcm

SwiftExplicitDependencyGeneratePcm arm64 /Users/roeylibfeld/Documents/KARI\ Creatives/DaBin/build/app-store-2026-10-02/archive-derived-data/SDKExplicitPrecompiledModules/_Builtin_stddef-29TFQS5TF5NYDW31I7PXMERXY.pcm

SwiftExplicitDependencyGeneratePcm arm64 /Users/roeylibfeld/Documents/KARI\ Creatives/DaBin/build/app-store-2026-10-02/archive-derived-data/SDKExplicitPrecompiledModules/ptrcheck-7UT1T7O6SGPCZRX299544XHE7.pcm

SwiftExplicitDependencyGeneratePcm arm64 /Users/roeylibfeld/Documents/KARI\ Creatives/DaBin/build/app-store-2026-10-02/archive-derived-data/SDKExplicitPrecompiledModules/_SwiftConcurrencyShims-ETHTIQQY1G4IJ36T2SLTW720V.pcm

SwiftExplicitDependencyGeneratePcm arm64 /Users/roeylibfeld/Documents/KARI\ Creatives/DaBin/build/app-store-2026-10-02/archive-derived-data/SDKExplicitPrecompiledModules/_AvailabilityInternal-9YH14NOVEQTEGUENPYLOOJ3TZ.pcm

SwiftExplicitDependencyGeneratePcm arm64 /Users/roeylibfeld/Documents/KARI\ Creatives/DaBin/build/app-store-2026-10-02/archive-derived-data/SDKExplicitPrecompiledModules/_Builtin_stdbool-44Q978P43PJZYGPZ151OFIO1K.pcm

SwiftExplicitDependencyGeneratePcm arm64 /Users/roeylibfeld/Documents/KARI\ Creatives/DaBin/build/app-store-2026-10-02/archive-derived-data/SDKExplicitPrecompiledModules/_Builtin_float-85UNM7S7QU8ZV66KDT630OPM9.pcm

SwiftExplicitDependencyGeneratePcm arm64 /Users/roeylibfeld/Documents/KARI\ Creatives/DaBin/build/app-store-2026-10-02/archive-derived-data/SDKExplicitPrecompiledModules/_Builtin_stdarg-1KADDXLVI8EB50XID1N8HDAMX.pcm

SwiftExplicitDependencyGeneratePcm arm64 /Users/roeylibfeld/Documents/KARI\ Creatives/DaBin/build/app-store-2026-10-02/archive-derived-data/SDKExplicitPrecompiledModules/_DarwinFoundation1-A2NRU0GFR69CZS2W8L69O3GV4.pcm

SwiftExplicitDependencyGeneratePcm arm64 /Users/roeylibfeld/Documents/KARI\ Creatives/DaBin/build/app-store-2026-10-02/archive-derived-data/SDKExplicitPrecompiledModules/_DarwinFoundation2-B9DDYZKZW40RBU4NB0WPX0BKS.pcm

SwiftExplicitDependencyGeneratePcm arm64 /Users/roeylibfeld/Documents/KARI\ Creatives/DaBin/build/app-store-2026-10-02/archive-derived-data/SDKExplicitPrecompiledModules/ExtensionFoundation-ATU7KUK248NFW6G9QUU99DFIJ.pcm

SwiftExplicitDependencyGeneratePcm arm64 /Users/roeylibfeld/Documents/KARI\ Creatives/DaBin/build/app-store-2026-10-02/archive-derived-data/SDKExplicitPrecompiledModules/_Builtin_limits-5HHISPWN5NG5NDV5WMCDCNG0S.pcm

SwiftExplicitDependencyGeneratePcm arm64 /Users/roeylibfeld/Documents/KARI\ Creatives/DaBin/build/app-store-2026-10-02/archive-derived-data/SDKExplicitPrecompiledModules/string_h-5EA5P10SXI61PWIR63B6J2BQ1.pcm

SwiftExplicitDependencyGeneratePcm arm64 /Users/roeylibfeld/Documents/KARI\ Creatives/DaBin/build/app-store-2026-10-02/archive-derived-data/SDKExplicitPrecompiledModules/_Builtin_tgmath-7T4GOMXD1CVPTT00FP1Y0KILM.pcm

SwiftExplicitDependencyGeneratePcm arm64 /Users/roeylibfeld/Documents/KARI\ Creatives/DaBin/build/app-store-2026-10-02/archive-derived-data/SDKExplicitPrecompiledModules/_Builtin_stdint-1SV0JHG6L51OM857W4N6DWMOQ.pcm

SwiftExplicitDependencyGeneratePcm arm64 /Users/roeylibfeld/Documents/KARI\ Creatives/DaBin/build/app-store-2026-10-02/archive-derived-data/SDKExplicitPrecompiledModules/sys_types-2AEJ6VGVB5V158IZ1WQ3PPGV9.pcm

SwiftExplicitDependencyGeneratePcm arm64 /Users/roeylibfeld/Documents/KARI\ Creatives/DaBin/build/app-store-2026-10-02/archive-derived-data/SDKExplicitPrecompiledModules/_Builtin_stdatomic-67CV059WQSAVPT77R62PX5RR3.pcm

SwiftExplicitDependencyGeneratePcm arm64 /Users/roeylibfeld/Documents/KARI\ Creatives/DaBin/build/app-store-2026-10-02/archive-derived-data/SDKExplicitPrecompiledModules/_Builtin_intrinsics-4VK1AJL9C626OJFKO3KFK76DQ.pcm

SwiftExplicitDependencyGeneratePcm arm64 /Users/roeylibfeld/Documents/KARI\ Creatives/DaBin/build/app-store-2026-10-02/archive-derived-data/SDKExplicitPrecompiledModules/_DarwinFoundation3-JHCM5DFQJRHTBP8HABSSG8A9.pcm

SwiftExplicitDependencyGeneratePcm arm64 /Users/roeylibfeld/Documents/KARI\ Creatives/DaBin/build/app-store-2026-10-02/archive-derived-data/SDKExplicitPrecompiledModules/libDER-B0YJJG72XCI6JGYK3BPKQEZFE.pcm

SwiftExplicitDependencyGeneratePcm arm64 /Users/roeylibfeld/Documents/KARI\ Creatives/DaBin/build/app-store-2026-10-02/archive-derived-data/SDKExplicitPrecompiledModules/_Builtin_inttypes-1HSP1R4LUCIW8LCKM8IBITZWG.pcm

SwiftExplicitDependencyGeneratePcm arm64 /Users/roeylibfeld/Documents/KARI\ Creatives/DaBin/build/app-store-2026-10-02/archive-derived-data/SDKExplicitPrecompiledModules/Darwin-EQS78BUPAU7YHSTX6EWSKG93B.pcm

SwiftExplicitDependencyGeneratePcm arm64 /Users/roeylibfeld/Documents/KARI\ Creatives/DaBin/build/app-store-2026-10-02/archive-derived-data/SDKExplicitPrecompiledModules/simd-7WFB8J6J3JJI2LHEU5UGH8JXM.pcm

SwiftExplicitDependencyGeneratePcm arm64 /Users/roeylibfeld/Documents/KARI\ Creatives/DaBin/build/app-store-2026-10-02/archive-derived-data/SDKExplicitPrecompiledModules/CUPS-5L7E390XRLWBB7MBRS1F61K0Y.pcm

SwiftExplicitDependencyGeneratePcm arm64 /Users/roeylibfeld/Documents/KARI\ Creatives/DaBin/build/app-store-2026-10-02/archive-derived-data/SDKExplicitPrecompiledModules/Compression-8L7Z0DMVVLYWUCO182QDKG4UJ.pcm

SwiftExplicitDependencyGeneratePcm arm64 /Users/roeylibfeld/Documents/KARI\ Creatives/DaBin/build/app-store-2026-10-02/archive-derived-data/SDKExplicitPrecompiledModules/libkern-8X9FOUFXP6SKSKOPQ99YK4LRO.pcm

SwiftExplicitDependencyGeneratePcm arm64 /Users/roeylibfeld/Documents/KARI\ Creatives/DaBin/build/app-store-2026-10-02/archive-derived-data/SDKExplicitPrecompiledModules/launch-C1DCVMZFLYMKHN2IILNFPT1LA.pcm

SwiftExplicitDependencyGeneratePcm arm64 /Users/roeylibfeld/Documents/KARI\ Creatives/DaBin/build/app-store-2026-10-02/archive-derived-data/SDKExplicitPrecompiledModules/MachO-4YD8UZXXYDM6GNE7KCJ853398.pcm

SwiftExplicitDependencyGeneratePcm arm64 /Users/roeylibfeld/Documents/KARI\ Creatives/DaBin/build/app-store-2026-10-02/archive-derived-data/SDKExplicitPrecompiledModules/Spatial-50T39E473S4UKW0VHVVFZQ0VY.pcm

SwiftExplicitDependencyGeneratePcm arm64 /Users/roeylibfeld/Documents/KARI\ Creatives/DaBin/build/app-store-2026-10-02/archive-derived-data/SDKExplicitPrecompiledModules/ObjectiveC-99ANL5ZBGAHMA9Z7CALA34ZAQ.pcm

SwiftExplicitDependencyGeneratePcm arm64 /Users/roeylibfeld/Documents/KARI\ Creatives/DaBin/build/app-store-2026-10-02/archive-derived-data/SDKExplicitPrecompiledModules/os_object-CSVM2QCQNOKURN4T327RU59IP.pcm

SwiftExplicitDependencyGeneratePcm arm64 /Users/roeylibfeld/Documents/KARI\ Creatives/DaBin/build/app-store-2026-10-02/archive-derived-data/SDKExplicitPrecompiledModules/os_workgroup-C4Q7SKRDNE2NDMWFFG4MDQPM7.pcm

SwiftExplicitDependencyGeneratePcm arm64 /Users/roeylibfeld/Documents/KARI\ Creatives/DaBin/build/app-store-2026-10-02/archive-derived-data/SDKExplicitPrecompiledModules/Dispatch-6NN0PILAZUOVJ38NLH34HV9UH.pcm

SwiftExplicitDependencyGeneratePcm arm64 /Users/roeylibfeld/Documents/KARI\ Creatives/DaBin/build/app-store-2026-10-02/archive-derived-data/SDKExplicitPrecompiledModules/dnssd-8LW9Y9RNPZ7WYLO8X4RQS18D4.pcm

SwiftExplicitDependencyGeneratePcm arm64 /Users/roeylibfeld/Documents/KARI\ Creatives/DaBin/build/app-store-2026-10-02/archive-derived-data/SDKExplicitPrecompiledModules/XPC-1VL29E7D6WNCT85RFRIJFQVP8.pcm

SwiftExplicitDependencyGeneratePcm arm64 /Users/roeylibfeld/Documents/KARI\ Creatives/DaBin/build/app-store-2026-10-02/archive-derived-data/SDKExplicitPrecompiledModules/CoreFoundation-638VKB2WXEL2W4KYEWIAM62RZ.pcm

SwiftExplicitDependencyGeneratePcm arm64 /Users/roeylibfeld/Documents/KARI\ Creatives/DaBin/build/app-store-2026-10-02/archive-derived-data/SDKExplicitPrecompiledModules/os-E5T7EXV2PKMNIDJZHRCTDNK9T.pcm

SwiftExplicitDependencyGeneratePcm arm64 /Users/roeylibfeld/Documents/KARI\ Creatives/DaBin/build/app-store-2026-10-02/archive-derived-data/SDKExplicitPrecompiledModules/CoreAudioTypes-7JC5KY7WIKHZ0DARKIFL5OFQG.pcm

SwiftExplicitDependencyGeneratePcm arm64 /Users/roeylibfeld/Documents/KARI\ Creatives/DaBin/build/app-store-2026-10-02/archive-derived-data/SDKExplicitPrecompiledModules/IOKit-6KL0D2HY76R55X6I2C9XW9IZN.pcm

SwiftExplicitDependencyGeneratePcm arm64 /Users/roeylibfeld/Documents/KARI\ Creatives/DaBin/build/app-store-2026-10-02/archive-derived-data/SDKExplicitPrecompiledModules/CFNetwork-B2R8LYR9RHNACU4DO2ZJ75PR2.pcm

SwiftExplicitDependencyGeneratePcm arm64 /Users/roeylibfeld/Documents/KARI\ Creatives/DaBin/build/app-store-2026-10-02/archive-derived-data/SDKExplicitPrecompiledModules/Security-8N237O62HK7XMXJVRTJC7GR1E.pcm

SwiftExplicitDependencyGeneratePcm arm64 /Users/roeylibfeld/Documents/KARI\ Creatives/DaBin/build/app-store-2026-10-02/archive-derived-data/SDKExplicitPrecompiledModules/ColorSync-CCHBX2FUYSS5DI31R7PN8FM9T.pcm

SwiftExplicitDependencyGeneratePcm arm64 /Users/roeylibfeld/Documents/KARI\ Creatives/DaBin/build/app-store-2026-10-02/archive-derived-data/SDKExplicitPrecompiledModules/CoreGraphics-6W9IYT26XF4Y2CPWMIR1FEFKX.pcm

SwiftExplicitDependencyGeneratePcm arm64 /Users/roeylibfeld/Documents/KARI\ Creatives/DaBin/build/app-store-2026-10-02/archive-derived-data/SDKExplicitPrecompiledModules/DiskArbitration-1545T4U9WO5TI0C8QHHWZS1QC.pcm

SwiftExplicitDependencyGeneratePcm arm64 /Users/roeylibfeld/Documents/KARI\ Creatives/DaBin/build/app-store-2026-10-02/archive-derived-data/SDKExplicitPrecompiledModules/CoreServices-AWVKEUWDHK7I649CL6MUPS71O.pcm

SwiftExplicitDependencyGeneratePcm arm64 /Users/roeylibfeld/Documents/KARI\ Creatives/DaBin/build/app-store-2026-10-02/archive-derived-data/SDKExplicitPrecompiledModules/ImageIO-2TFAPIYBC29YMEAUU69LPZ47C.pcm

SwiftExplicitDependencyGeneratePcm arm64 /Users/roeylibfeld/Documents/KARI\ Creatives/DaBin/build/app-store-2026-10-02/archive-derived-data/SDKExplicitPrecompiledModules/CoreText-5UXE0KIETO5HL0IX57GLQ7VIV.pcm

SwiftExplicitDependencyGeneratePcm arm64 /Users/roeylibfeld/Documents/KARI\ Creatives/DaBin/build/app-store-2026-10-02/archive-derived-data/SDKExplicitPrecompiledModules/Foundation-B4QUBPV9C4NQ625PNKLEYKSVT.pcm

SwiftExplicitDependencyGeneratePcm arm64 /Users/roeylibfeld/Documents/KARI\ Creatives/DaBin/build/app-store-2026-10-02/archive-derived-data/SDKExplicitPrecompiledModules/LocalAuthentication-7T8W3G2ZUK6NH2WWRWXZL49F2.pcm

SwiftExplicitDependencyGeneratePcm arm64 /Users/roeylibfeld/Documents/KARI\ Creatives/DaBin/build/app-store-2026-10-02/archive-derived-data/SDKExplicitPrecompiledModules/CoreMIDI-D9CLR5L8VY24NO8NLEI5Q9EXS.pcm

SwiftExplicitDependencyGeneratePcm arm64 /Users/roeylibfeld/Documents/KARI\ Creatives/DaBin/build/app-store-2026-10-02/archive-derived-data/SDKExplicitPrecompiledModules/Accessibility-D9CC5RQJBPRXBXV30XSL4P1IX.pcm

SwiftExplicitDependencyGeneratePcm arm64 /Users/roeylibfeld/Documents/KARI\ Creatives/DaBin/build/app-store-2026-10-02/archive-derived-data/SDKExplicitPrecompiledModules/UserNotifications-7K4CFRLGKEVLC65FHEY9PTCGX.pcm

SwiftExplicitDependencyGeneratePcm arm64 /Users/roeylibfeld/Documents/KARI\ Creatives/DaBin/build/app-store-2026-10-02/archive-derived-data/SDKExplicitPrecompiledModules/CoreTransferable-3WM96Z2BRBLFA2WP0C1N3ZDSO.pcm

SwiftExplicitDependencyGeneratePcm arm64 /Users/roeylibfeld/Documents/KARI\ Creatives/DaBin/build/app-store-2026-10-02/archive-derived-data/SDKExplicitPrecompiledModules/ApplicationServices-DEXQEJ5E6G8BSZA243SIAV5TH.pcm

SwiftExplicitDependencyGeneratePcm arm64 /Users/roeylibfeld/Documents/KARI\ Creatives/DaBin/build/app-store-2026-10-02/archive-derived-data/SDKExplicitPrecompiledModules/OSLog-5OQO14WG43YRTKF1W64VZUGNB.pcm

SwiftExplicitDependencyGeneratePcm arm64 /Users/roeylibfeld/Documents/KARI\ Creatives/DaBin/build/app-store-2026-10-02/archive-derived-data/SDKExplicitPrecompiledModules/DataDetection-EV7O91APRY7B0Y7NTTKMQ2GCN.pcm

SwiftExplicitDependencyGeneratePcm arm64 /Users/roeylibfeld/Documents/KARI\ Creatives/DaBin/build/app-store-2026-10-02/archive-derived-data/SDKExplicitPrecompiledModules/CoreData-BT3EBPM78SGV2PSHM0G4BZ6GV.pcm

SwiftExplicitDependencyGeneratePcm arm64 /Users/roeylibfeld/Documents/KARI\ Creatives/DaBin/build/app-store-2026-10-02/archive-derived-data/SDKExplicitPrecompiledModules/Network-1ROZ86NH3A8DWS6V9AISZRQSI.pcm

SwiftExplicitDependencyGeneratePcm arm64 /Users/roeylibfeld/Documents/KARI\ Creatives/DaBin/build/app-store-2026-10-02/archive-derived-data/SDKExplicitPrecompiledModules/IOSurface-2X0LEAUR2MX5KI844CV49NK4C.pcm

SwiftExplicitDependencyGeneratePcm arm64 /Users/roeylibfeld/Documents/KARI\ Creatives/DaBin/build/app-store-2026-10-02/archive-derived-data/SDKExplicitPrecompiledModules/UniformTypeIdentifiers-82ZWXG6SG25VB0QMU9AQS4CVO.pcm

SwiftExplicitDependencyGeneratePcm arm64 /Users/roeylibfeld/Documents/KARI\ Creatives/DaBin/build/app-store-2026-10-02/archive-derived-data/SDKExplicitPrecompiledModules/Symbols-BLERKB7QBPT58SQZJNTK6FU6Y.pcm

SwiftExplicitDependencyGeneratePcm arm64 /Users/roeylibfeld/Documents/KARI\ Creatives/DaBin/build/app-store-2026-10-02/archive-derived-data/SDKExplicitPrecompiledModules/CoreAudio-9PWP2WA8PRD28LCRE2WJ36TIT.pcm

SwiftExplicitDependencyGeneratePcm arm64 /Users/roeylibfeld/Documents/KARI\ Creatives/DaBin/build/app-store-2026-10-02/archive-derived-data/SDKExplicitPrecompiledModules/OpenGL-4YDOJ9FSZT5W4PZCPFH6P3MF0.pcm

SwiftExplicitDependencyGeneratePcm arm64 /Users/roeylibfeld/Documents/KARI\ Creatives/DaBin/build/app-store-2026-10-02/archive-derived-data/SDKExplicitPrecompiledModules/Metal-78UO3KGX76GH1IPJXMCJFEF9H.pcm

SwiftExplicitDependencyGeneratePcm arm64 /Users/roeylibfeld/Documents/KARI\ Creatives/DaBin/build/app-store-2026-10-02/archive-derived-data/SDKExplicitPrecompiledModules/QuickLookThumbnailing-6EU7IC9Z034PSSYYTPZYUA08K.pcm

SwiftExplicitDependencyGeneratePcm arm64 /Users/roeylibfeld/Documents/KARI\ Creatives/DaBin/build/app-store-2026-10-02/archive-derived-data/SDKExplicitPrecompiledModules/Carbon-818VKTY736HNGGLBOEM3OLW1P.pcm

SwiftExplicitDependencyGeneratePcm arm64 /Users/roeylibfeld/Documents/KARI\ Creatives/DaBin/build/app-store-2026-10-02/archive-derived-data/SDKExplicitPrecompiledModules/CoreVideo-68G3V4E4QML4MX2TNOUCZO0BQ.pcm

SwiftExplicitDependencyGeneratePcm arm64 /Users/roeylibfeld/Documents/KARI\ Creatives/DaBin/build/app-store-2026-10-02/archive-derived-data/SDKExplicitPrecompiledModules/AudioToolbox-3QB7T0W47R3QRAW439R62XP24.pcm

SwiftExplicitDependencyGeneratePcm arm64 /Users/roeylibfeld/Documents/KARI\ Creatives/DaBin/build/app-store-2026-10-02/archive-derived-data/SDKExplicitPrecompiledModules/Accelerate-AZJ1YUM2DB6Z40G76YD1I679U.pcm

SwiftExplicitDependencyGeneratePcm arm64 /Users/roeylibfeld/Documents/KARI\ Creatives/DaBin/build/app-store-2026-10-02/archive-derived-data/SDKExplicitPrecompiledModules/QuartzCore-2V3HFGV2ZHB2981HIGT9RLILI.pcm

SwiftExplicitDependencyGeneratePcm arm64 /Users/roeylibfeld/Documents/KARI\ Creatives/DaBin/build/app-store-2026-10-02/archive-derived-data/SDKExplicitPrecompiledModules/CoreImage-4M127RKL9N09O8YVS4AIGJBEJ.pcm

SwiftExplicitDependencyGeneratePcm arm64 /Users/roeylibfeld/Documents/KARI\ Creatives/DaBin/build/app-store-2026-10-02/archive-derived-data/SDKExplicitPrecompiledModules/CoreML-D9DPV5QFOFXQU5DO6EF7SLAUY.pcm

SwiftExplicitDependencyGeneratePcm arm64 /Users/roeylibfeld/Documents/KARI\ Creatives/DaBin/build/app-store-2026-10-02/archive-derived-data/SDKExplicitPrecompiledModules/CoreMedia-6TSZ101INO75J00BC8IUIDANQ.pcm

SwiftExplicitDependencyGeneratePcm arm64 /Users/roeylibfeld/Documents/KARI\ Creatives/DaBin/build/app-store-2026-10-02/archive-derived-data/SDKExplicitPrecompiledModules/SwiftUICore-4UMEJ2W8L4X2LO4PPSOK9BJ89.pcm

SwiftExplicitDependencyGeneratePcm arm64 /Users/roeylibfeld/Documents/KARI\ Creatives/DaBin/build/app-store-2026-10-02/archive-derived-data/SDKExplicitPrecompiledModules/Vision-7EEA8JAXWCGN81WBAOQVLJ34V.pcm

SwiftExplicitDependencyGeneratePcm arm64 /Users/roeylibfeld/Documents/KARI\ Creatives/DaBin/build/app-store-2026-10-02/archive-derived-data/SDKExplicitPrecompiledModules/VideoToolbox-D4299YE4YFOVD31876LVT8OPC.pcm

SwiftExplicitDependencyGeneratePcm arm64 /Users/roeylibfeld/Documents/KARI\ Creatives/DaBin/build/app-store-2026-10-02/archive-derived-data/SDKExplicitPrecompiledModules/AppKit-7WR9Y3F6F41LWC16F2BNJEGIH.pcm

SwiftExplicitDependencyGeneratePcm arm64 /Users/roeylibfeld/Documents/KARI\ Creatives/DaBin/build/app-store-2026-10-02/archive-derived-data/SDKExplicitPrecompiledModules/AVFAudio-3D30Y1ZSETJMHP5VX0V1AJWQ3.pcm

SwiftExplicitDependencyGeneratePcm arm64 /Users/roeylibfeld/Documents/KARI\ Creatives/DaBin/build/app-store-2026-10-02/archive-derived-data/SDKExplicitPrecompiledModules/MediaToolbox-DURKPTKDV57G7AQ8BL8S7SK78.pcm

SwiftExplicitDependencyGeneratePcm arm64 /Users/roeylibfeld/Documents/KARI\ Creatives/DaBin/build/app-store-2026-10-02/archive-derived-data/SDKExplicitPrecompiledModules/AVFoundation-6BF2VDTB0RYGU5UEYPBLGWU85.pcm

SwiftExplicitDependencyGeneratePcm arm64 /Users/roeylibfeld/Documents/KARI\ Creatives/DaBin/build/app-store-2026-10-02/archive-derived-data/SDKExplicitPrecompiledModules/LinkPresentation-DQAGS5UGVXIB3VZOSZGGHRZ37.pcm

SwiftExplicitDependencyGeneratePcm arm64 /Users/roeylibfeld/Documents/KARI\ Creatives/DaBin/build/app-store-2026-10-02/archive-derived-data/SDKExplicitPrecompiledModules/SwiftUI-2UU937MAIQSRUXHESSG82IN41.pcm

SwiftExplicitDependencyGeneratePcm arm64 /Users/roeylibfeld/Documents/KARI\ Creatives/DaBin/build/app-store-2026-10-02/archive-derived-data/SDKExplicitPrecompiledModules/Cocoa-97WUU6ZOMJ7B6WNNB6XR1YV4A.pcm

SwiftExplicitDependencyGeneratePcm arm64 /Users/roeylibfeld/Documents/KARI\ Creatives/DaBin/build/app-store-2026-10-02/archive-derived-data/SDKExplicitPrecompiledModules/PDFKit-3Z9TI6DBKITTP28ALZA4BXW96.pcm

SwiftExplicitDependencyGeneratePcm arm64 /Users/roeylibfeld/Documents/KARI\ Creatives/DaBin/build/app-store-2026-10-02/archive-derived-data/SDKExplicitPrecompiledModules/AVKit-7W19FLJNZINRMNAXX98JX65KV.pcm

SwiftCompile normal arm64 Compiling\ AccessibilityAnnouncement.swift,\ AppDelegate.swift,\ AppState.swift,\ ApplicationCoordinator.swift,\ ApplicationMenu.swift,\ ArchiveBackup.swift,\ AutoCaptureFingerprint.swift,\ AutoCaptureRobotCelebration.swift,\ AutoCaptureRobotPresenter.swift,\ AutoCaptureService.swift,\ AutoCaptureSettings.swift,\ BoardComponents.swift,\ BoardResizeGeometry.swift,\ BoardView.swift,\ BoardWindowChrome.swift,\ BoredRobotView.swift,\ BuddyControls.swift,\ CaptureCardGroup.swift,\ CaptureCards.swift,\ CaptureClipboard.swift,\ CaptureCopyButton.swift,\ CaptureFilterStrip.swift,\ CapturePresentation.swift,\ CapturePreviews.swift,\ CaptureProvenance.swift,\ CaptureRemoval.swift,\ CaptureRepository.swift,\ CaptureSourceView.swift,\ CaptureStore.swift,\ CaptureTrailView.swift,\ ClipboardRetentionService.swift,\ ClipboardRetentionSettings.swift,\ CollectionPreviewMosaic.swift,\ ContentIndexService.swift,\ CornerController.swift,\ DaBinLogo.swift,\ DaBinMain.swift,\ DailyArchive.swift,\ DailyCaptureView.swift,\ DailyScreen.swift,\ DayExport.swift,\ DayExportUI.swift,\ DetailScreen.swift,\ Domain.swift,\ DraftArchive.swift,\ ExplorerItems.swift,\ ExplorerQuery.swift,\ ExplorerScreen.swift,\ ExplorerTransfer.swift,\ FittedPDFPreview.swift,\ GroupedCaptureCard.swift,\ HourlyCaptureCard.swift,\ HourlyCaptureFeed.swift,\ HoverTooltips.swift,\ InboxScreen.swift,\ InputService.swift,\ IslandRobotChoreography.swift,\ LibraryScreen.swift,\ NewNoteScreen.swift,\ OriginalFileStorage.swift,\ PreviewRequest.swift,\ PreviewService.swift,\ PrivacyInformation.swift,\ ProjectFileArchive.swift,\ ProjectPickerView.swift,\ QuickAccess.swift,\ QuietOrbitGeometry.swift,\ QuietOrbitVisualStyle.swift,\ ReminderClockEditor.swift,\ ReminderLifecycle.swift,\ ReminderSchedule.swift,\ ReminderService.swift,\ RemindersScreen.swift,\ RobotAppFrameView.swift,\ RobotCharacterView.swift,\ RobotLifecycle.swift,\ RobotMotion.swift,\ RobotPlacementSettings.swift,\ RobotView.swift,\ ScratchpadView.swift,\ ScreenshotFolderMonitor.swift,\ SearchScreen.swift,\ SettingsScreen.swift,\ ShelfCaptureController.swift,\ ShelfExport.swift,\ SoftwareUpdateService.swift,\ StatusBarController.swift,\ TaskAttachmentsView.swift,\ TaskEditorScreen.swift,\ TaskFocusControls.swift,\ TaskFocusSession.swift,\ TaskPlanning.swift,\ TaskPlanningEditor.swift,\ TaskTimerRobotPresenter.swift,\ TaskTimerRobotView.swift,\ ThemeSettings.swift,\ TodayPlanningScreen.swift,\ TransientMessagePresentation.swift,\ TrashScreen.swift,\ UpdateHandoff.swift,\ WeeklyScopeActions.swift,\ WeeklyScreen.swift,\ WindowDragHandle.swift,\ WorkspaceClipboard.swift,\ WorkspaceItemCard.swift,\ WorkspaceQuery.swift,\ WorkspaceStore.swift /Users/roeylibfeld/Documents/KARI\ Creatives/DaBin/native/Sources/DaBin/AccessibilityAnnouncement.swift /Users/roeylibfeld/Documents/KARI\ Creatives/DaBin/native/Sources/DaBin/AppDelegate.swift /Users/roeylibfeld/Documents/KARI\ Creatives/DaBin/native/Sources/DaBin/AppState.swift /Users/roeylibfeld/Documents/KARI\ Creatives/DaBin/native/Sources/DaBin/ApplicationCoordinator.swift /Users/roeylibfeld/Documents/KARI\ Creatives/DaBin/native/Sources/DaBin/ApplicationMenu.swift /Users/roeylibfeld/Documents/KARI\ Creatives/DaBin/native/Sources/DaBin/ArchiveBackup.swift /Users/roeylibfeld/Documents/KARI\ Creatives/DaBin/native/Sources/DaBin/AutoCaptureFingerprint.swift /Users/roeylibfeld/Documents/KARI\ Creatives/DaBin/native/Sources/DaBin/AutoCaptureRobotCelebration.swift /Users/roeylibfeld/Documents/KARI\ Creatives/DaBin/native/Sources/DaBin/AutoCaptureRobotPresenter.swift /Users/roeylibfeld/Documents/KARI\ Creatives/DaBin/native/Sources/DaBin/AutoCaptureService.swift /Users/roeylibfeld/Documents/KARI\ Creatives/DaBin/native/Sources/DaBin/AutoCaptureSettings.swift /Users/roeylibfeld/Documents/KARI\ Creatives/DaBin/native/Sources/DaBin/BoardComponents.swift /Users/roeylibfeld/Documents/KARI\ Creatives/DaBin/native/Sources/DaBin/BoardResizeGeometry.swift /Users/roeylibfeld/Documents/KARI\ Creatives/DaBin/native/Sources/DaBin/BoardView.swift /Users/roeylibfeld/Documents/KARI\ Creatives/DaBin/native/Sources/DaBin/BoardWindowChrome.swift /Users/roeylibfeld/Documents/KARI\ Creatives/DaBin/native/Sources/DaBin/BoredRobotView.swift /Users/roeylibfeld/Documents/KARI\ Creatives/DaBin/native/Sources/DaBin/BuddyControls.swift /Users/roeylibfeld/Documents/KARI\ Creatives/DaBin/native/Sources/DaBin/CaptureCardGroup.swift /Users/roeylibfeld/Documents/KARI\ Creatives/DaBin/native/Sources/DaBin/CaptureCards.swift /Users/roeylibfeld/Documents/KARI\ Creatives/DaBin/native/Sources/DaBin/CaptureClipboard.swift /Users/roeylibfeld/Documents/KARI\ Creatives/DaBin/native/Sources/DaBin/CaptureCopyButton.swift /Users/roeylibfeld/Documents/KARI\ Creatives/DaBin/native/Sources/DaBin/CaptureFilterStrip.swift /Users/roeylibfeld/Documents/KARI\ Creatives/DaBin/native/Sources/DaBin/CapturePresentation.swift /Users/roeylibfeld/Documents/KARI\ Creatives/DaBin/native/Sources/DaBin/CapturePreviews.swift /Users/roeylibfeld/Documents/KARI\ Creatives/DaBin/native/Sources/DaBin/CaptureProvenance.swift /Users/roeylibfeld/Documents/KARI\ Creatives/DaBin/native/Sources/DaBin/CaptureRemoval.swift /Users/roeylibfeld/Documents/KARI\ Creatives/DaBin/native/Sources/DaBin/CaptureRepository.swift /Users/roeylibfeld/Documents/KARI\ Creatives/DaBin/native/Sources/DaBin/CaptureSourceView.swift /Users/roeylibfeld/Documents/KARI\ Creatives/DaBin/native/Sources/DaBin/CaptureStore.swift /Users/roeylibfeld/Documents/KARI\ Creatives/DaBin/native/Sources/DaBin/CaptureTrailView.swift /Users/roeylibfeld/Documents/KARI\ Creatives/DaBin/native/Sources/DaBin/ClipboardRetentionService.swift /Users/roeylibfeld/Documents/KARI\ Creatives/DaBin/native/Sources/DaBin/ClipboardRetentionSettings.swift /Users/roeylibfeld/Documents/KARI\ Creatives/DaBin/native/Sources/DaBin/CollectionPreviewMosaic.swift /Users/roeylibfeld/Documents/KARI\ Creatives/DaBin/native/Sources/DaBin/ContentIndexService.swift /Users/roeylibfeld/Documents/KARI\ Creatives/DaBin/native/Sources/DaBin/CornerController.swift /Users/roeylibfeld/Documents/KARI\ Creatives/DaBin/native/Sources/DaBin/DaBinLogo.swift /Users/roeylibfeld/Documents/KARI\ Creatives/DaBin/native/Sources/DaBin/DaBinMain.swift /Users/roeylibfeld/Documents/KARI\ Creatives/DaBin/native/Sources/DaBin/DailyArchive.swift /Users/roeylibfeld/Documents/KARI\ Creatives/DaBin/native/Sources/DaBin/DailyCaptureView.swift /Users/roeylibfeld/Documents/KARI\ Creatives/DaBin/native/Sources/DaBin/DailyScreen.swift /Users/roeylibfeld/Documents/KARI\ Creatives/DaBin/native/Sources/DaBin/DayExport.swift /Users/roeylibfeld/Documents/KARI\ Creatives/DaBin/native/Sources/DaBin/DayExportUI.swift /Users/roeylibfeld/Documents/KARI\ Creatives/DaBin/native/Sources/DaBin/DetailScreen.swift /Users/roeylibfeld/Documents/KARI\ Creatives/DaBin/native/Sources/DaBin/Domain.swift /Users/roeylibfeld/Documents/KARI\ Creatives/DaBin/native/Sources/DaBin/DraftArchive.swift /Users/roeylibfeld/Documents/KARI\ Creatives/DaBin/native/Sources/DaBin/ExplorerItems.swift /Users/roeylibfeld/Documents/KARI\ Creatives/DaBin/native/Sources/DaBin/ExplorerQuery.swift /Users/roeylibfeld/Documents/KARI\ Creatives/DaBin/native/Sources/DaBin/ExplorerScreen.swift /Users/roeylibfeld/Documents/KARI\ Creatives/DaBin/native/Sources/DaBin/ExplorerTransfer.swift /Users/roeylibfeld/Documents/KARI\ Creatives/DaBin/native/Sources/DaBin/FittedPDFPreview.swift /Users/roeylibfeld/Documents/KARI\ Creatives/DaBin/native/Sources/DaBin/GroupedCaptureCard.swift /Users/roeylibfeld/Documents/KARI\ Creatives/DaBin/native/Sources/DaBin/HourlyCaptureCard.swift /Users/roeylibfeld/Documents/KARI\ Creatives/DaBin/native/Sources/DaBin/HourlyCaptureFeed.swift /Users/roeylibfeld/Documents/KARI\ Creatives/DaBin/native/Sources/DaBin/HoverTooltips.swift /Users/roeylibfeld/Documents/KARI\ Creatives/DaBin/native/Sources/DaBin/InboxScreen.swift /Users/roeylibfeld/Documents/KARI\ Creatives/DaBin/native/Sources/DaBin/InputService.swift /Users/roeylibfeld/Documents/KARI\ Creatives/DaBin/native/Sources/DaBin/IslandRobotChoreography.swift /Users/roeylibfeld/Documents/KARI\ Creatives/DaBin/native/Sources/DaBin/LibraryScreen.swift /Users/roeylibfeld/Documents/KARI\ Creatives/DaBin/native/Sources/DaBin/NewNoteScreen.swift /Users/roeylibfeld/Documents/KARI\ Creatives/DaBin/native/Sources/DaBin/OriginalFileStorage.swift /Users/roeylibfeld/Documents/KARI\ Creatives/DaBin/native/Sources/DaBin/PreviewRequest.swift /Users/roeylibfeld/Documents/KARI\ Creatives/DaBin/native/Sources/DaBin/PreviewService.swift /Users/roeylibfeld/Documents/KARI\ Creatives/DaBin/native/Sources/DaBin/PrivacyInformation.swift /Users/roeylibfeld/Documents/KARI\ Creatives/DaBin/native/Sources/DaBin/ProjectFileArchive.swift /Users/roeylibfeld/Documents/KARI\ Creatives/DaBin/native/Sources/DaBin/ProjectPickerView.swift /Users/roeylibfeld/Documents/KARI\ Creatives/DaBin/native/Sources/DaBin/QuickAccess.swift /Users/roeylibfeld/Documents/KARI\ Creatives/DaBin/native/Sources/DaBin/QuietOrbitGeometry.swift /Users/roeylibfeld/Documents/KARI\ Creatives/DaBin/native/Sources/DaBin/QuietOrbitVisualStyle.swift /Users/roeylibfeld/Documents/KARI\ Creatives/DaBin/native/Sources/DaBin/ReminderClockEditor.swift /Users/roeylibfeld/Documents/KARI\ Creatives/DaBin/native/Sources/DaBin/ReminderLifecycle.swift /Users/roeylibfeld/Documents/KARI\ Creatives/DaBin/native/Sources/DaBin/ReminderSchedule.swift /Users/roeylibfeld/Documents/KARI\ Creatives/DaBin/native/Sources/DaBin/ReminderService.swift /Users/roeylibfeld/Documents/KARI\ Creatives/DaBin/native/Sources/DaBin/RemindersScreen.swift /Users/roeylibfeld/Documents/KARI\ Creatives/DaBin/native/Sources/DaBin/RobotAppFrameView.swift /Users/roeylibfeld/Documents/KARI\ Creatives/DaBin/native/Sources/DaBin/RobotCharacterView.swift /Users/roeylibfeld/Documents/KARI\ Creatives/DaBin/native/Sources/DaBin/RobotLifecycle.swift /Users/roeylibfeld/Documents/KARI\ Creatives/DaBin/native/Sources/DaBin/RobotMotion.swift /Users/roeylibfeld/Documents/KARI\ Creatives/DaBin/native/Sources/DaBin/RobotPlacementSettings.swift /Users/roeylibfeld/Documents/KARI\ Creatives/DaBin/native/Sources/DaBin/RobotView.swift /Users/roeylibfeld/Documents/KARI\ Creatives/DaBin/native/Sources/DaBin/ScratchpadView.swift /Users/roeylibfeld/Documents/KARI\ Creatives/DaBin/native/Sources/DaBin/ScreenshotFolderMonitor.swift /Users/roeylibfeld/Documents/KARI\ Creatives/DaBin/native/Sources/DaBin/SearchScreen.swift /Users/roeylibfeld/Documents/KARI\ Creatives/DaBin/native/Sources/DaBin/SettingsScreen.swift /Users/roeylibfeld/Documents/KARI\ Creatives/DaBin/native/Sources/DaBin/ShelfCaptureController.swift /Users/roeylibfeld/Documents/KARI\ Creatives/DaBin/native/Sources/DaBin/ShelfExport.swift /Users/roeylibfeld/Documents/KARI\ Creatives/DaBin/native/Sources/DaBin/SoftwareUpdateService.swift /Users/roeylibfeld/Documents/KARI\ Creatives/DaBin/native/Sources/DaBin/StatusBarController.swift /Users/roeylibfeld/Documents/KARI\ Creatives/DaBin/native/Sources/DaBin/TaskAttachmentsView.swift /Users/roeylibfeld/Documents/KARI\ Creatives/DaBin/native/Sources/DaBin/TaskEditorScreen.swift /Users/roeylibfeld/Documents/KARI\ Creatives/DaBin/native/Sources/DaBin/TaskFocusControls.swift /Users/roeylibfeld/Documents/KARI\ Creatives/DaBin/native/Sources/DaBin/TaskFocusSession.swift /Users/roeylibfeld/Documents/KARI\ Creatives/DaBin/native/Sources/DaBin/TaskPlanning.swift /Users/roeylibfeld/Documents/KARI\ Creatives/DaBin/native/Sources/DaBin/TaskPlanningEditor.swift /Users/roeylibfeld/Documents/KARI\ Creatives/DaBin/native/Sources/DaBin/TaskTimerRobotPresenter.swift /Users/roeylibfeld/Documents/KARI\ Creatives/DaBin/native/Sources/DaBin/TaskTimerRobotView.swift /Users/roeylibfeld/Documents/KARI\ Creatives/DaBin/native/Sources/DaBin/ThemeSettings.swift /Users/roeylibfeld/Documents/KARI\ Creatives/DaBin/native/Sources/DaBin/TodayPlanningScreen.swift /Users/roeylibfeld/Documents/KARI\ Creatives/DaBin/native/Sources/DaBin/TransientMessagePresentation.swift /Users/roeylibfeld/Documents/KARI\ Creatives/DaBin/native/Sources/DaBin/TrashScreen.swift /Users/roeylibfeld/Documents/KARI\ Creatives/DaBin/native/Sources/DaBin/UpdateHandoff.swift /Users/roeylibfeld/Documents/KARI\ Creatives/DaBin/native/Sources/DaBin/WeeklyScopeActions.swift /Users/roeylibfeld/Documents/KARI\ Creatives/DaBin/native/Sources/DaBin/WeeklyScreen.swift /Users/roeylibfeld/Documents/KARI\ Creatives/DaBin/native/Sources/DaBin/WindowDragHandle.swift /Users/roeylibfeld/Documents/KARI\ Creatives/DaBin/native/Sources/DaBin/WorkspaceClipboard.swift /Users/roeylibfeld/Documents/KARI\ Creatives/DaBin/native/Sources/DaBin/WorkspaceItemCard.swift /Users/roeylibfeld/Documents/KARI\ Creatives/DaBin/native/Sources/DaBin/WorkspaceQuery.swift /Users/roeylibfeld/Documents/KARI\ Creatives/DaBin/native/Sources/DaBin/WorkspaceStore.swift /Applications/Xcode.app/Contents/Developer/Toolchains/XcodeDefault.xctoolchain/usr/lib/swift/macosx/prebuilt-modules/27.0/Accelerate.swiftmodule/arm64e-apple-macos.swiftmodule /Applications/Xcode.app/Contents/Developer/Toolchains/XcodeDefault.xctoolchain/usr/lib/swift/macosx/prebuilt-modules/27.0/Synchronization.swiftmodule/arm64e-apple-macos.swiftmodule /Applications/Xcode.app/Contents/Developer/Toolchains/XcodeDefault.xctoolchain/usr/lib/swift/macosx/prebuilt-modules/27.0/ImageIO.swiftmodule/arm64e-apple-macos.swiftmodule /Applications/Xcode.app/Contents/Developer/Toolchains/XcodeDefault.xctoolchain/usr/lib/swift/macosx/prebuilt-modules/27.0/AppKit.swiftmodule/arm64e-apple-macos.swiftmodule /Applications/Xcode.app/Contents/Developer/Toolchains/XcodeDefault.xctoolchain/usr/lib/swift/macosx/prebuilt-modules/27.0/_DarwinFoundation1.swiftmodule/arm64e-apple-macos.swiftmodule /Applications/Xcode.app/Contents/Developer/Toolchains/XcodeDefault.xctoolchain/usr/lib/swift/macosx/prebuilt-modules/27.0/VideoToolbox.swiftmodule/arm64e-apple-macos.swiftmodule /Applications/Xcode.app/Contents/Developer/Toolchains/XcodeDefault.xctoolchain/usr/lib/swift/macosx/prebuilt-modules/27.0/_AVKit_SwiftUI.swiftmodule/arm64e-apple-macos.swiftmodule /Applications/Xcode.app/Contents/Developer/Toolchains/XcodeDefault.xctoolchain/usr/lib/swift/macosx/prebuilt-modules/27.0/Compression.swiftmodule/arm64e-apple-macos.swiftmodule /Applications/Xcode.app/Contents/Developer/Toolchains/XcodeDefault.xctoolchain/usr/lib/swift/macosx/prebuilt-modules/27.0/Swift.swiftmodule/arm64e-apple-macos.swiftmodule /Applications/Xcode.app/Contents/Developer/Toolchains/XcodeDefault.xctoolchain/usr/lib/swift/macosx/prebuilt-modules/27.0/Symbols.swiftmodule/arm64e-apple-macos.swiftmodule /Applications/Xcode.app/Contents/Developer/Toolchains/XcodeDefault.xctoolchain/usr/lib/swift/macosx/prebuilt-modules/27.0/ColorSync.swiftmodule/arm64e-apple-macos.swiftmodule /Applications/Xcode.app/Contents/Developer/Toolchains/XcodeDefault.xctoolchain/usr/lib/swift/macosx/prebuilt-modules/27.0/LightweightCodeRequirements.swiftmodule/arm64e-apple-macos.swiftmodule /Applications/Xcode.app/Contents/Developer/Toolchains/XcodeDefault.xctoolchain/usr/lib/swift/macosx/prebuilt-modules/27.0/_StringProcessing.swiftmodule/arm64e-apple-macos.swiftmodule /Applications/Xcode.app/Contents/Developer/Toolchains/XcodeDefault.xctoolchain/usr/lib/swift/macosx/prebuilt-modules/27.0/Metal.swiftmodule/arm64e-apple-macos.swiftmodule /Applications/Xcode.app/Contents/Developer/Toolchains/XcodeDefault.xctoolchain/usr/lib/swift/macosx/prebuilt-modules/27.0/Spatial.swiftmodule/arm64e-apple-macos.swiftmodule /Applications/Xcode.app/Contents/Developer/Toolchains/XcodeDefault.xctoolchain/usr/lib/swift/macosx/prebuilt-modules/27.0/ObjectiveC.swiftmodule/arm64e-apple-macos.swiftmodule /Applications/Xcode.app/Contents/Developer/Toolchains/XcodeDefault.xctoolchain/usr/lib/swift/macosx/prebuilt-modules/27.0/CoreImage.swiftmodule/arm64e-apple-macos.swiftmodule /Applications/Xcode.app/Contents/Developer/Toolchains/XcodeDefault.xctoolchain/usr/lib/swift/macosx/prebuilt-modules/27.0/Distributed.swiftmodule/arm64e-apple-macos.swiftmodule /Applications/Xcode.app/Contents/Developer/Toolchains/XcodeDefault.xctoolchain/usr/lib/swift/macosx/prebuilt-modules/27.0/_DarwinFoundation2.swiftmodule/arm64e-apple-macos.swiftmodule /Applications/Xcode.app/Contents/Developer/Toolchains/XcodeDefault.xctoolchain/usr/lib/swift/macosx/prebuilt-modules/27.0/System.swiftmodule/arm64e-apple-macos.swiftmodule /Applications/Xcode.app/Contents/Developer/Toolchains/XcodeDefault.xctoolchain/usr/lib/swift/macosx/prebuilt-modules/27.0/CryptoKit.swiftmodule/arm64e-apple-macos.swiftmodule /Applications/Xcode.app/Contents/Developer/Toolchains/XcodeDefault.xctoolchain/usr/lib/swift/macosx/prebuilt-modules/27.0/DeveloperToolsSupport.swiftmodule/arm64e-apple-macos.swiftmodule /Applications/Xcode.app/Contents/Developer/Toolchains/XcodeDefault.xctoolchain/usr/lib/swift/macosx/prebuilt-modules/27.0/CoreTransferable.swiftmodule/arm64e-apple-macos.swiftmodule /Applications/Xcode.app/Contents/Developer/Toolchains/XcodeDefault.xctoolchain/usr/lib/swift/macosx/prebuilt-modules/27.0/PDFKit.swiftmodule/arm64e-apple-macos.swiftmodule /Applications/Xcode.app/Contents/Developer/Toolchains/XcodeDefault.xctoolchain/usr/lib/swift/macosx/prebuilt-modules/27.0/Observation.swiftmodule/arm64e-apple-macos.swiftmodule /Applications/Xcode.app/Contents/Developer/Toolchains/XcodeDefault.xctoolchain/usr/lib/swift/macosx/prebuilt-modules/27.0/CoreMIDI.swiftmodule/arm64e-apple-macos.swiftmodule /Applications/Xcode.app/Contents/Developer/Toolchains/XcodeDefault.xctoolchain/usr/lib/swift/macosx/prebuilt-modules/27.0/Dispatch.swiftmodule/arm64e-apple-macos.swiftmodule /Applications/Xcode.app/Contents/Developer/Toolchains/XcodeDefault.xctoolchain/usr/lib/swift/macosx/prebuilt-modules/27.0/Darwin.swiftmodule/arm64e-apple-macos.swiftmodule /Applications/Xcode.app/Contents/Developer/Toolchains/XcodeDefault.xctoolchain/usr/lib/swift/macosx/prebuilt-modules/27.0/QuickLookThumbnailing.swiftmodule/arm64e-apple-macos.swiftmodule /Applications/Xcode.app/Contents/Developer/Toolchains/XcodeDefault.xctoolchain/usr/lib/swift/macosx/prebuilt-modules/27.0/simd.swiftmodule/arm64e-apple-macos.swiftmodule /Applications/Xcode.app/Contents/Developer/Toolchains/XcodeDefault.xctoolchain/usr/lib/swift/macosx/prebuilt-modules/27.0/Foundation.swiftmodule/arm64e-apple-macos.swiftmodule /Applications/Xcode.app/Contents/Developer/Toolchains/XcodeDefault.xctoolchain/usr/lib/swift/macosx/prebuilt-modules/27.0/_Concurrency.swiftmodule/arm64e-apple-macos.swiftmodule /Applications/Xcode.app/Contents/Developer/Toolchains/XcodeDefault.xctoolchain/usr/lib/swift/macosx/prebuilt-modules/27.0/_Builtin_float.swiftmodule/arm64e-apple-macos.swiftmodule /Applications/Xcode.app/Contents/Developer/Toolchains/XcodeDefault.xctoolchain/usr/lib/swift/macosx/prebuilt-modules/27.0/CoreAudio.swiftmodule/arm64e-apple-macos.swiftmodule /Applications/Xcode.app/Contents/Developer/Toolchains/XcodeDefault.xctoolchain/usr/lib/swift/macosx/prebuilt-modules/27.0/CoreML.swiftmodule/arm64e-apple-macos.swiftmodule /Applications/Xcode.app/Contents/Developer/Toolchains/XcodeDefault.xctoolchain/usr/lib/swift/macosx/prebuilt-modules/27.0/AVKit.swiftmodule/arm64e-apple-macos.swiftmodule /Applications/Xcode.app/Contents/Developer/Toolchains/XcodeDefault.xctoolchain/usr/lib/swift/macosx/prebuilt-modules/27.0/CoreText.swiftmodule/arm64e-apple-macos.swiftmodule /Applications/Xcode.app/Contents/Developer/Toolchains/XcodeDefault.xctoolchain/usr/lib/swift/macosx/prebuilt-modules/27.0/AVFoundation.swiftmodule/arm64e-apple-macos.swiftmodule /Applications/Xcode.app/Contents/Developer/Toolchains/XcodeDefault.xctoolchain/usr/lib/swift/macosx/prebuilt-modules/27.0/_DarwinFoundation3.swiftmodule/arm64e-apple-macos.swiftmodule /Applications/Xcode.app/Contents/Developer/Toolchains/XcodeDefault.xctoolchain/usr/lib/swift/macosx/prebuilt-modules/27.0/ExtensionFoundation.swiftmodule/arm64e-apple-macos.swiftmodule /Applications/Xcode.app/Contents/Developer/Toolchains/XcodeDefault.xctoolchain/usr/lib/swift/macosx/prebuilt-modules/27.0/LocalAuthentication.swiftmodule/arm64e-apple-macos.swiftmodule /Applications/Xcode.app/Contents/Developer/Toolchains/XcodeDefault.xctoolchain/usr/lib/swift/macosx/prebuilt-modules/27.0/AVFAudio.swiftmodule/arm64e-apple-macos.swiftmodule /Applications/Xcode.app/Contents/Developer/Toolchains/XcodeDefault.xctoolchain/usr/lib/swift/macosx/prebuilt-modules/27.0/Combine.swiftmodule/arm64e-apple-macos.swiftmodule /Applications/Xcode.app/Contents/Developer/Toolchains/XcodeDefault.xctoolchain/usr/lib/swift/macosx/prebuilt-modules/27.0/CoreVideo.swiftmodule/arm64e-apple-macos.swiftmodule /Applications/Xcode.app/Contents/Developer/Toolchains/XcodeDefault.xctoolchain/usr/lib/swift/macosx/prebuilt-modules/27.0/CoreMedia.swiftmodule/arm64e-apple-macos.swiftmodule /Applications/Xcode.app/Contents/Developer/Toolchains/XcodeDefault.xctoolchain/usr/lib/swift/macosx/prebuilt-modules/27.0/SwiftUI.swiftmodule/arm64e-apple-macos.swiftmodule /Applications/Xcode.app/Contents/Developer/Toolchains/XcodeDefault.xctoolchain/usr/lib/swift/macosx/prebuilt-modules/27.0/os.swiftmodule/arm64e-apple-macos.swiftmodule /Applications/Xcode.app/Contents/Developer/Toolchains/XcodeDefault.xctoolchain/usr/lib/swift/macosx/prebuilt-modules/27.0/QuartzCore.swiftmodule/arm64e-apple-macos.swiftmodule /Applications/Xcode.app/Contents/Developer/Toolchains/XcodeDefault.xctoolchain/usr/lib/swift/macosx/prebuilt-modules/27.0/SwiftUICore.swiftmodule/arm64e-apple-macos.swiftmodule /Applications/Xcode.app/Contents/Developer/Toolchains/XcodeDefault.xctoolchain/usr/lib/swift/macosx/prebuilt-modules/27.0/LinkPresentation.swiftmodule/arm64e-apple-macos.swiftmodule /Applications/Xcode.app/Contents/Developer/Toolchains/XcodeDefault.xctoolchain/usr/lib/swift/macosx/prebuilt-modules/27.0/Vision.swiftmodule/arm64e-apple-macos.swiftmodule /Applications/Xcode.app/Contents/Developer/Toolchains/XcodeDefault.xctoolchain/usr/lib/swift/macosx/prebuilt-modules/27.0/DataDetection.swiftmodule/arm64e-apple-macos.swiftmodule /Applications/Xcode.app/Contents/Developer/Toolchains/XcodeDefault.xctoolchain/usr/lib/swift/macosx/prebuilt-modules/27.0/MediaToolbox.swiftmodule/arm64e-apple-macos.swiftmodule /Applications/Xcode.app/Contents/Developer/Toolchains/XcodeDefault.xctoolchain/usr/lib/swift/macosx/prebuilt-modules/27.0/XPC.swiftmodule/arm64e-apple-macos.swiftmodule /Applications/Xcode.app/Contents/Developer/Toolchains/XcodeDefault.xctoolchain/usr/lib/swift/macosx/prebuilt-modules/27.0/AudioToolbox.swiftmodule/arm64e-apple-macos.swiftmodule /Applications/Xcode.app/Contents/Developer/Toolchains/XcodeDefault.xctoolchain/usr/lib/swift/macosx/prebuilt-modules/27.0/Network.swiftmodule/arm64e-apple-macos.swiftmodule /Applications/Xcode.app/Contents/Developer/Toolchains/XcodeDefault.xctoolchain/usr/lib/swift/macosx/prebuilt-modules/27.0/CoreFoundation.swiftmodule/arm64e-apple-macos.swiftmodule /Applications/Xcode.app/Contents/Developer/Toolchains/XcodeDefault.xctoolchain/usr/lib/swift/macosx/prebuilt-modules/27.0/CoreGraphics.swiftmodule/arm64e-apple-macos.swiftmodule /Applications/Xcode.app/Contents/Developer/Toolchains/XcodeDefault.xctoolchain/usr/lib/swift/macosx/prebuilt-modules/27.0/OSLog.swiftmodule/arm64e-apple-macos.swiftmodule /Applications/Xcode.app/Contents/Developer/Toolchains/XcodeDefault.xctoolchain/usr/lib/swift/macosx/prebuilt-modules/27.0/CoreData.swiftmodule/arm64e-apple-macos.swiftmodule /Applications/Xcode.app/Contents/Developer/Toolchains/XcodeDefault.xctoolchain/usr/lib/swift/macosx/prebuilt-modules/27.0/IOKit.swiftmodule/arm64e-apple-macos.swiftmodule /Applications/Xcode.app/Contents/Developer/Toolchains/XcodeDefault.xctoolchain/usr/lib/swift/macosx/prebuilt-modules/27.0/Accessibility.swiftmodule/arm64e-apple-macos.swiftmodule /Applications/Xcode.app/Contents/Developer/Toolchains/XcodeDefault.xctoolchain/usr/lib/swift/macosx/prebuilt-modules/27.0/UniformTypeIdentifiers.swiftmodule/arm64e-apple-macos.swiftmodule /Users/roeylibfeld/Documents/KARI\ Creatives/DaBin/build/app-store-2026-10-02/archive-derived-data/SDKExplicitPrecompiledModules/QuartzCore-2V3HFGV2ZHB2981HIGT9RLILI.pcm /Users/roeylibfeld/Documents/KARI\ Creatives/DaBin/build/app-store-2026-10-02/archive-derived-data/SDKExplicitPrecompiledModules/LocalAuthentication-7T8W3G2ZUK6NH2WWRWXZL49F2.pcm /Users/roeylibfeld/Documents/KARI\ Creatives/DaBin/build/app-store-2026-10-02/archive-derived-data/SDKExplicitPrecompiledModules/CoreMIDI-D9CLR5L8VY24NO8NLEI5Q9EXS.pcm /Users/roeylibfeld/Documents/KARI\ Creatives/DaBin/build/app-store-2026-10-02/archive-derived-data/SDKExplicitPrecompiledModules/ColorSync-CCHBX2FUYSS5DI31R7PN8FM9T.pcm /Users/roeylibfeld/Documents/KARI\ Creatives/DaBin/build/app-store-2026-10-02/archive-derived-data/SDKExplicitPrecompiledModules/Compression-8L7Z0DMVVLYWUCO182QDKG4UJ.pcm /Users/roeylibfeld/Documents/KARI\ Creatives/DaBin/build/app-store-2026-10-02/archive-derived-data/SDKExplicitPrecompiledModules/ObjectiveC-99ANL5ZBGAHMA9Z7CALA34ZAQ.pcm /Users/roeylibfeld/Documents/KARI\ Creatives/DaBin/build/app-store-2026-10-02/archive-derived-data/SDKExplicitPrecompiledModules/CoreGraphics-6W9IYT26XF4Y2CPWMIR1FEFKX.pcm /Users/roeylibfeld/Documents/KARI\ Creatives/DaBin/build/app-store-2026-10-02/archive-derived-data/SDKExplicitPrecompiledModules/Foundation-B4QUBPV9C4NQ625PNKLEYKSVT.pcm /Users/roeylibfeld/Documents/KARI\ Creatives/DaBin/build/app-store-2026-10-02/archive-derived-data/SDKExplicitPrecompiledModules/_Builtin_stdbool-44Q978P43PJZYGPZ151OFIO1K.pcm /Users/roeylibfeld/Documents/KARI\ Creatives/DaBin/build/app-store-2026-10-02/archive-derived-data/SDKExplicitPrecompiledModules/CUPS-5L7E390XRLWBB7MBRS1F61K0Y.pcm /Users/roeylibfeld/Documents/KARI\ Creatives/DaBin/build/app-store-2026-10-02/archive-derived-data/SDKExplicitPrecompiledModules/CoreData-BT3EBPM78SGV2PSHM0G4BZ6GV.pcm /Users/roeylibfeld/Documents/KARI\ Creatives/DaBin/build/app-store-2026-10-02/archive-derived-data/SDKExplicitPrecompiledModules/AppKit-7WR9Y3F6F41LWC16F2BNJEGIH.pcm /Users/roeylibfeld/Documents/KARI\ Creatives/DaBin/build/app-store-2026-10-02/archive-derived-data/SDKExplicitPrecompiledModules/CFNetwork-B2R8LYR9RHNACU4DO2ZJ75PR2.pcm /Users/roeylibfeld/Documents/KARI\ Creatives/DaBin/build/app-store-2026-10-02/archive-derived-data/SDKExplicitPrecompiledModules/_Builtin_limits-5HHISPWN5NG5NDV5WMCDCNG0S.pcm /Users/roeylibfeld/Documents/KARI\ Creatives/DaBin/build/app-store-2026-10-02/archive-derived-data/SDKExplicitPrecompiledModules/Accessibility-D9CC5RQJBPRXBXV30XSL4P1IX.pcm /Users/roeylibfeld/Documents/KARI\ Creatives/DaBin/build/app-store-2026-10-02/archive-derived-data/SDKExplicitPrecompiledModules/_SwiftConcurrencyShims-ETHTIQQY1G4IJ36T2SLTW720V.pcm /Users/roeylibfeld/Documents/KARI\ Creatives/DaBin/build/app-store-2026-10-02/archive-derived-data/SDKExplicitPrecompiledModules/simd-7WFB8J6J3JJI2LHEU5UGH8JXM.pcm /Users/roeylibfeld/Documents/KARI\ Creatives/DaBin/build/app-store-2026-10-02/archive-derived-data/SDKExplicitPrecompiledModules/CoreVideo-68G3V4E4QML4MX2TNOUCZO0BQ.pcm /Users/roeylibfeld/Documents/KARI\ Creatives/DaBin/build/app-store-2026-10-02/archive-derived-data/SDKExplicitPrecompiledModules/ptrcheck-7UT1T7O6SGPCZRX299544XHE7.pcm /Users/roeylibfeld/Documents/KARI\ Creatives/DaBin/build/app-store-2026-10-02/archive-derived-data/SDKExplicitPrecompiledModules/OpenGL-4YDOJ9FSZT5W4PZCPFH6P3MF0.pcm /Users/roeylibfeld/Documents/KARI\ Creatives/DaBin/build/app-store-2026-10-02/archive-derived-data/SDKExplicitPrecompiledModules/IOKit-6KL0D2HY76R55X6I2C9XW9IZN.pcm /Users/roeylibfeld/Documents/KARI\ Creatives/DaBin/build/app-store-2026-10-02/archive-derived-data/SDKExplicitPrecompiledModules/VideoToolbox-D4299YE4YFOVD31876LVT8OPC.pcm /Users/roeylibfeld/Documents/KARI\ Creatives/DaBin/build/app-store-2026-10-02/archive-derived-data/SDKExplicitPrecompiledModules/SwiftUICore-4UMEJ2W8L4X2LO4PPSOK9BJ89.pcm /Users/roeylibfeld/Documents/KARI\ Creatives/DaBin/build/app-store-2026-10-02/archive-derived-data/SDKExplicitPrecompiledModules/_DarwinFoundation2-B9DDYZKZW40RBU4NB0WPX0BKS.pcm /Users/roeylibfeld/Documents/KARI\ Creatives/DaBin/build/app-store-2026-10-02/archive-derived-data/SDKExplicitPrecompiledModules/os_workgroup-C4Q7SKRDNE2NDMWFFG4MDQPM7.pcm /Users/roeylibfeld/Documents/KARI\ Creatives/DaBin/build/app-store-2026-10-02/archive-derived-data/SDKExplicitPrecompiledModules/Symbols-BLERKB7QBPT58SQZJNTK6FU6Y.pcm /Users/roeylibfeld/Documents/KARI\ Creatives/DaBin/build/app-store-2026-10-02/archive-derived-data/SDKExplicitPrecompiledModules/Accelerate-AZJ1YUM2DB6Z40G76YD1I679U.pcm /Users/roeylibfeld/Documents/KARI\ Creatives/DaBin/build/app-store-2026-10-02/archive-derived-data/SDKExplicitPrecompiledModules/_DarwinFoundation1-A2NRU0GFR69CZS2W8L69O3GV4.pcm /Users/roeylibfeld/Documents/KARI\ Creatives/DaBin/build/app-store-2026-10-02/archive-derived-data/SDKExplicitPrecompiledModules/SwiftUI-2UU937MAIQSRUXHESSG82IN41.pcm /Users/roeylibfeld/Documents/KARI\ Creatives/DaBin/build/app-store-2026-10-02/archive-derived-data/SDKExplicitPrecompiledModules/AVFAudio-3D30Y1ZSETJMHP5VX0V1AJWQ3.pcm /Users/roeylibfeld/Documents/KARI\ Creatives/DaBin/build/app-store-2026-10-02/archive-derived-data/SDKExplicitPrecompiledModules/UserNotifications-7K4CFRLGKEVLC65FHEY9PTCGX.pcm /Users/roeylibfeld/Documents/KARI\ Creatives/DaBin/build/app-store-2026-10-02/archive-derived-data/SDKExplicitPrecompiledModules/Cocoa-97WUU6ZOMJ7B6WNNB6XR1YV4A.pcm /Users/roeylibfeld/Documents/KARI\ Creatives/DaBin/build/app-store-2026-10-02/archive-derived-data/SDKExplicitPrecompiledModules/QuickLookThumbnailing-6EU7IC9Z034PSSYYTPZYUA08K.pcm /Users/roeylibfeld/Documents/KARI\ Creatives/DaBin/build/app-store-2026-10-02/archive-derived-data/SDKExplicitPrecompiledModules/PDFKit-3Z9TI6DBKITTP28ALZA4BXW96.pcm /Users/roeylibfeld/Documents/KARI\ Creatives/DaBin/build/app-store-2026-10-02/archive-derived-data/SDKExplicitPrecompiledModules/_Builtin_float-85UNM7S7QU8ZV66KDT630OPM9.pcm /Users/roeylibfeld/Documents/KARI\ Creatives/DaBin/build/app-store-2026-10-02/archive-derived-data/SDKExplicitPrecompiledModules/IOSurface-2X0LEAUR2MX5KI844CV49NK4C.pcm /Users/roeylibfeld/Documents/KARI\ Creatives/DaBin/build/app-store-2026-10-02/archive-derived-data/SDKExplicitPrecompiledModules/MediaToolbox-DURKPTKDV57G7AQ8BL8S7SK78.pcm /Users/roeylibfeld/Documents/KARI\ Creatives/DaBin/build/app-store-2026-10-02/archive-derived-data/SDKExplicitPrecompiledModules/CoreAudioTypes-7JC5KY7WIKHZ0DARKIFL5OFQG.pcm /Users/roeylibfeld/Documents/KARI\ Creatives/DaBin/build/app-store-2026-10-02/archive-derived-data/SDKExplicitPrecompiledModules/_Builtin_tgmath-7T4GOMXD1CVPTT00FP1Y0KILM.pcm /Users/roeylibfeld/Documents/KARI\ Creatives/DaBin/build/app-store-2026-10-02/archive-derived-data/SDKExplicitPrecompiledModules/os_object-CSVM2QCQNOKURN4T327RU59IP.pcm /Users/roeylibfeld/Documents/KARI\ Creatives/DaBin/build/app-store-2026-10-02/archive-derived-data/SDKExplicitPrecompiledModules/UniformTypeIdentifiers-82ZWXG6SG25VB0QMU9AQS4CVO.pcm /Users/roeylibfeld/Documents/KARI\ Creatives/DaBin/build/app-store-2026-10-02/archive-derived-data/SDKExplicitPrecompiledModules/_Builtin_inttypes-1HSP1R4LUCIW8LCKM8IBITZWG.pcm /Users/roeylibfeld/Documents/KARI\ Creatives/DaBin/build/app-store-2026-10-02/archive-derived-data/SDKExplicitPrecompiledModules/Metal-78UO3KGX76GH1IPJXMCJFEF9H.pcm /Users/roeylibfeld/Documents/KARI\ Creatives/DaBin/build/app-store-2026-10-02/archive-derived-data/SDKExplicitPrecompiledModules/Network-1ROZ86NH3A8DWS6V9AISZRQSI.pcm /Users/roeylibfeld/Documents/KARI\ Creatives/DaBin/build/app-store-2026-10-02/archive-derived-data/SDKExplicitPrecompiledModules/string_h-5EA5P10SXI61PWIR63B6J2BQ1.pcm /Users/roeylibfeld/Documents/KARI\ Creatives/DaBin/build/app-store-2026-10-02/archive-derived-data/SDKExplicitPrecompiledModules/ExtensionFoundation-ATU7KUK248NFW6G9QUU99DFIJ.pcm /Users/roeylibfeld/Documents/KARI\ Creatives/DaBin/build/app-store-2026-10-02/archive-derived-data/SDKExplicitPrecompiledModules/CoreMedia-6TSZ101INO75J00BC8IUIDANQ.pcm /Users/roeylibfeld/Documents/KARI\ Creatives/DaBin/build/app-store-2026-10-02/archive-derived-data/SDKExplicitPrecompiledModules/CoreML-D9DPV5QFOFXQU5DO6EF7SLAUY.pcm /Users/roeylibfeld/Documents/KARI\ Creatives/DaBin/build/app-store-2026-10-02/archive-derived-data/SDKExplicitPrecompiledModules/_Builtin_stdint-1SV0JHG6L51OM857W4N6DWMOQ.pcm /Users/roeylibfeld/Documents/KARI\ Creatives/DaBin/build/app-store-2026-10-02/archive-derived-data/SDKExplicitPrecompiledModules/DeveloperToolsSupport-AQ1XRL089ZRPHOLON18ZBNQKZ.pcm /Users/roeylibfeld/Documents/KARI\ Creatives/DaBin/build/app-store-2026-10-02/archive-derived-data/SDKExplicitPrecompiledModules/_Builtin_stddef-29TFQS5TF5NYDW31I7PXMERXY.pcm /Users/roeylibfeld/Documents/KARI\ Creatives/DaBin/build/app-store-2026-10-02/archive-derived-data/SDKExplicitPrecompiledModules/ptrauth-EV8FZYR9QS0GURDK6CNCRFZM.pcm /Users/roeylibfeld/Documents/KARI\ Creatives/DaBin/build/app-store-2026-10-02/archive-derived-data/SDKExplicitPrecompiledModules/_Builtin_stdarg-1KADDXLVI8EB50XID1N8HDAMX.pcm /Users/roeylibfeld/Documents/KARI\ Creatives/DaBin/build/app-store-2026-10-02/archive-derived-data/SDKExplicitPrecompiledModules/ApplicationServices-DEXQEJ5E6G8BSZA243SIAV5TH.pcm /Users/roeylibfeld/Documents/KARI\ Creatives/DaBin/build/app-store-2026-10-02/archive-derived-data/SDKExplicitPrecompiledModules/launch-C1DCVMZFLYMKHN2IILNFPT1LA.pcm /Users/roeylibfeld/Documents/KARI\ Creatives/DaBin/build/app-store-2026-10-02/archive-derived-data/SDKExplicitPrecompiledModules/dnssd-8LW9Y9RNPZ7WYLO8X4RQS18D4.pcm /Users/roeylibfeld/Documents/KARI\ Creatives/DaBin/build/app-store-2026-10-02/archive-derived-data/SDKExplicitPrecompiledModules/MachO-4YD8UZXXYDM6GNE7KCJ853398.pcm /Users/roeylibfeld/Documents/KARI\ Creatives/DaBin/build/app-store-2026-10-02/archive-derived-data/SDKExplicitPrecompiledModules/OSLog-5OQO14WG43YRTKF1W64VZUGNB.pcm /Users/roeylibfeld/Documents/KARI\ Creatives/DaBin/build/app-store-2026-10-02/archive-derived-data/SDKExplicitPrecompiledModules/CoreTransferable-3WM96Z2BRBLFA2WP0C1N3ZDSO.pcm /Users/roeylibfeld/Documents/KARI\ Creatives/DaBin/build/app-store-2026-10-02/archive-derived-data/SDKExplicitPrecompiledModules/Spatial-50T39E473S4UKW0VHVVFZQ0VY.pcm /Users/roeylibfeld/Documents/KARI\ Creatives/DaBin/build/app-store-2026-10-02/archive-derived-data/SDKExplicitPrecompiledModules/CoreImage-4M127RKL9N09O8YVS4AIGJBEJ.pcm /Users/roeylibfeld/Documents/KARI\ Creatives/DaBin/build/app-store-2026-10-02/archive-derived-data/SDKExplicitPrecompiledModules/Carbon-818VKTY736HNGGLBOEM3OLW1P.pcm /Users/roeylibfeld/Documents/KARI\ Creatives/DaBin/build/app-store-2026-10-02/archive-derived-data/SDKExplicitPrecompiledModules/AVKit-7W19FLJNZINRMNAXX98JX65KV.pcm /Users/roeylibfeld/Documents/KARI\ Creatives/DaBin/build/app-store-2026-10-02/archive-derived-data/SDKExplicitPrecompiledModules/os-E5T7EXV2PKMNIDJZHRCTDNK9T.pcm /Users/roeylibfeld/Documents/KARI\ Creatives/DaBin/build/app-store-2026-10-02/archive-derived-data/SDKExplicitPrecompiledModules/AudioToolbox-3QB7T0W47R3QRAW439R62XP24.pcm /Users/roeylibfeld/Documents/KARI\ Creatives/DaBin/build/app-store-2026-10-02/archive-derived-data/SDKExplicitPrecompiledModules/_DarwinFoundation3-JHCM5DFQJRHTBP8HABSSG8A9.pcm /Users/roeylibfeld/Documents/KARI\ Creatives/DaBin/build/app-store-2026-10-02/archive-derived-data/SDKExplicitPrecompiledModules/Vision-7EEA8JAXWCGN81WBAOQVLJ34V.pcm /Users/roeylibfeld/Documents/KARI\ Creatives/DaBin/build/app-store-2026-10-02/archive-derived-data/SDKExplicitPrecompiledModules/CoreFoundation-638VKB2WXEL2W4KYEWIAM62RZ.pcm /Users/roeylibfeld/Documents/KARI\ Creatives/DaBin/build/app-store-2026-10-02/archive-derived-data/SDKExplicitPrecompiledModules/CoreServices-AWVKEUWDHK7I649CL6MUPS71O.pcm /Users/roeylibfeld/Documents/KARI\ Creatives/DaBin/build/app-store-2026-10-02/archive-derived-data/SDKExplicitPrecompiledModules/sys_types-2AEJ6VGVB5V158IZ1WQ3PPGV9.pcm /Users/roeylibfeld/Documents/KARI\ Creatives/DaBin/build/app-store-2026-10-02/archive-derived-data/SDKExplicitPrecompiledModules/libDER-B0YJJG72XCI6JGYK3BPKQEZFE.pcm /Users/roeylibfeld/Documents/KARI\ Creatives/DaBin/build/app-store-2026-10-02/archive-derived-data/SDKExplicitPrecompiledModules/XPC-1VL29E7D6WNCT85RFRIJFQVP8.pcm /Users/roeylibfeld/Documents/KARI\ Creatives/DaBin/build/app-store-2026-10-02/archive-derived-data/SDKExplicitPrecompiledModules/AVFoundation-6BF2VDTB0RYGU5UEYPBLGWU85.pcm /Users/roeylibfeld/Documents/KARI\ Creatives/DaBin/build/app-store-2026-10-02/archive-derived-data/SDKExplicitPrecompiledModules/LinkPresentation-DQAGS5UGVXIB3VZOSZGGHRZ37.pcm /Users/roeylibfeld/Documents/KARI\ Creatives/DaBin/build/app-store-2026-10-02/archive-derived-data/SDKExplicitPrecompiledModules/CoreText-5UXE0KIETO5HL0IX57GLQ7VIV.pcm /Users/roeylibfeld/Documents/KARI\ Creatives/DaBin/build/app-store-2026-10-02/archive-derived-data/SDKExplicitPrecompiledModules/_AvailabilityInternal-9YH14NOVEQTEGUENPYLOOJ3TZ.pcm /Users/roeylibfeld/Documents/KARI\ Creatives/DaBin/build/app-store-2026-10-02/archive-derived-data/SDKExplicitPrecompiledModules/DiskArbitration-1545T4U9WO5TI0C8QHHWZS1QC.pcm /Users/roeylibfeld/Documents/KARI\ Creatives/DaBin/build/app-store-2026-10-02/archive-derived-data/SDKExplicitPrecompiledModules/SwiftShims-6XJ8BK6KGRRP7JBCLDZS7NHE0.pcm /Users/roeylibfeld/Documents/KARI\ Creatives/DaBin/build/app-store-2026-10-02/archive-derived-data/SDKExplicitPrecompiledModules/CoreAudio-9PWP2WA8PRD28LCRE2WJ36TIT.pcm /Users/roeylibfeld/Documents/KARI\ Creatives/DaBin/build/app-store-2026-10-02/archive-derived-data/SDKExplicitPrecompiledModules/DataDetection-EV7O91APRY7B0Y7NTTKMQ2GCN.pcm /Users/roeylibfeld/Documents/KARI\ Creatives/DaBin/build/app-store-2026-10-02/archive-derived-data/SDKExplicitPrecompiledModules/ImageIO-2TFAPIYBC29YMEAUU69LPZ47C.pcm /Users/roeylibfeld/Documents/KARI\ Creatives/DaBin/build/app-store-2026-10-02/archive-derived-data/SDKExplicitPrecompiledModules/Security-8N237O62HK7XMXJVRTJC7GR1E.pcm /Users/roeylibfeld/Documents/KARI\ Creatives/DaBin/build/app-store-2026-10-02/archive-derived-data/SDKExplicitPrecompiledModules/_Builtin_stdatomic-67CV059WQSAVPT77R62PX5RR3.pcm /Users/roeylibfeld/Documents/KARI\ Creatives/DaBin/build/app-store-2026-10-02/archive-derived-data/SDKExplicitPrecompiledModules/Dispatch-6NN0PILAZUOVJ38NLH34HV9UH.pcm /Users/roeylibfeld/Documents/KARI\ Creatives/DaBin/build/app-store-2026-10-02/archive-derived-data/SDKExplicitPrecompiledModules/_Builtin_intrinsics-4VK1AJL9C626OJFKO3KFK76DQ.pcm /Users/roeylibfeld/Documents/KARI\ Creatives/DaBin/build/app-store-2026-10-02/archive-derived-data/SDKExplicitPrecompiledModules/Darwin-EQS78BUPAU7YHSTX6EWSKG93B.pcm /Users/roeylibfeld/Documents/KARI\ Creatives/DaBin/build/app-store-2026-10-02/archive-derived-data/SDKExplicitPrecompiledModules/libkern-8X9FOUFXP6SKSKOPQ99YK4LRO.pcm /Users/roeylibfeld/Documents/KARI\ Creatives/DaBin/build/app-store-2026-10-02/archive-derived-data/Build/Intermediates.noindex/ArchiveIntermediates/DaBin/IntermediateBuildFilesPath/DaBin.build/Release/DaBin.build/Objects-normal/arm64/DaBin-dependencies-1.json (in target 'DaBin' from project 'DaBin')

SwiftCompile normal arm64 (in target 'DaBin' from project 'DaBin')
    cd /Users/roeylibfeld/Documents/KARI\ Creatives/DaBin/native


SwiftDriverJobDiscovery normal arm64 Compiling AccessibilityAnnouncement.swift, AppDelegate.swift, AppState.swift, ApplicationCoordinator.swift, ApplicationMenu.swift, ArchiveBackup.swift, AutoCaptureFingerprint.swift, AutoCaptureRobotCelebration.swift, AutoCaptureRobotPresenter.swift, AutoCaptureService.swift, AutoCaptureSettings.swift, BoardComponents.swift, BoardResizeGeometry.swift, BoardView.swift, BoardWindowChrome.swift, BoredRobotView.swift, BuddyControls.swift, CaptureCardGroup.swift, CaptureCards.swift, CaptureClipboard.swift, CaptureCopyButton.swift, CaptureFilterStrip.swift, CapturePresentation.swift, CapturePreviews.swift, CaptureProvenance.swift, CaptureRemoval.swift, CaptureRepository.swift, CaptureSourceView.swift, CaptureStore.swift, CaptureTrailView.swift, ClipboardRetentionService.swift, ClipboardRetentionSettings.swift, CollectionPreviewMosaic.swift, ContentIndexService.swift, CornerController.swift, DaBinLogo.swift, DaBinMain.swift, DailyArchive.swift, DailyCaptureView.swift, DailyScreen.swift, DayExport.swift, DayExportUI.swift, DetailScreen.swift, Domain.swift, DraftArchive.swift, ExplorerItems.swift, ExplorerQuery.swift, ExplorerScreen.swift, ExplorerTransfer.swift, FittedPDFPreview.swift, GroupedCaptureCard.swift, HourlyCaptureCard.swift, HourlyCaptureFeed.swift, HoverTooltips.swift, InboxScreen.swift, InputService.swift, IslandRobotChoreography.swift, LibraryScreen.swift, NewNoteScreen.swift, OriginalFileStorage.swift, PreviewRequest.swift, PreviewService.swift, PrivacyInformation.swift, ProjectFileArchive.swift, ProjectPickerView.swift, QuickAccess.swift, QuietOrbitGeometry.swift, QuietOrbitVisualStyle.swift, ReminderClockEditor.swift, ReminderLifecycle.swift, ReminderSchedule.swift, ReminderService.swift, RemindersScreen.swift, RobotAppFrameView.swift, RobotCharacterView.swift, RobotLifecycle.swift, RobotMotion.swift, RobotPlacementSettings.swift, RobotView.swift, ScratchpadView.swift, ScreenshotFolderMonitor.swift, SearchScreen.swift, SettingsScreen.swift, ShelfCaptureController.swift, ShelfExport.swift, SoftwareUpdateService.swift, StatusBarController.swift, TaskAttachmentsView.swift, TaskEditorScreen.swift, TaskFocusControls.swift, TaskFocusSession.swift, TaskPlanning.swift, TaskPlanningEditor.swift, TaskTimerRobotPresenter.swift, TaskTimerRobotView.swift, ThemeSettings.swift, TodayPlanningScreen.swift, TransientMessagePresentation.swift, TrashScreen.swift, UpdateHandoff.swift, WeeklyScopeActions.swift, WeeklyScreen.swift, WindowDragHandle.swift, WorkspaceClipboard.swift, WorkspaceItemCard.swift, WorkspaceQuery.swift, WorkspaceStore.swift (in target 'DaBin' from project 'DaBin')

SwiftDriver\ Compilation\ Requirements DaBin normal arm64 com.apple.xcode.tools.swift.compiler (in target 'DaBin' from project 'DaBin')
    cd /Users/roeylibfeld/Documents/KARI\ Creatives/DaBin/native
    builtin-Swift-Compilation-Requirements -- /Applications/Xcode.app/Contents/Developer/Toolchains/XcodeDefault.xctoolchain/usr/bin/swiftc -module-name DaBin -O -whole-module-optimization @/Users/roeylibfeld/Documents/KARI\ Creatives/DaBin/build/app-store-2026-10-02/archive-derived-data/Build/Intermediates.noindex/ArchiveIntermediates/DaBin/IntermediateBuildFilesPath/DaBin.build/Release/DaBin.build/Objects-normal/arm64/DaBin.SwiftFileList -enable-bare-slash-regex -enable-experimental-feature DebugDescriptionMacro -sdk /Applications/Xcode.app/Contents/Developer/Platforms/MacOSX.platform/Developer/SDKs/MacOSX27.0.sdk -target arm64-apple-macos14.0 -g -module-cache-path /Users/roeylibfeld/Documents/KARI\ Creatives/DaBin/build/app-store-2026-10-02/archive-derived-data/ModuleCache.noindex -Xfrontend -serialize-debugging-options -warnings-as-errors -swift-version 5 -I /Users/roeylibfeld/Documents/KARI\ Creatives/DaBin/build/app-store-2026-10-02/archive-derived-data/Build/Intermediates.noindex/ArchiveIntermediates/DaBin/BuildProductsPath/Release -F /Users/roeylibfeld/Documents/KARI\ Creatives/DaBin/build/app-store-2026-10-02/archive-derived-data/Build/Intermediates.noindex/ArchiveIntermediates/DaBin/BuildProductsPath/Release -c -num-threads 15 -Xcc -ivfsstatcache -Xcc /Users/roeylibfeld/Documents/KARI\ Creatives/DaBin/build/app-store-2026-10-02/archive-derived-data/SDKStatCaches.noindex/macosx27.0-26A425-7231f6df4def33e022ae2eb8f782df1a.sdkstatcache -output-file-map /Users/roeylibfeld/Documents/KARI\ Creatives/DaBin/build/app-store-2026-10-02/archive-derived-data/Build/Intermediates.noindex/ArchiveIntermediates/DaBin/IntermediateBuildFilesPath/DaBin.build/Release/DaBin.build/Objects-normal/arm64/DaBin-OutputFileMap.json -save-temps -no-color-diagnostics -explicit-module-build -module-cache-path /Users/roeylibfeld/Documents/KARI\ Creatives/DaBin/build/app-store-2026-10-02/archive-derived-data/Build/Intermediates.noindex/ArchiveIntermediates/DaBin/IntermediateBuildFilesPath/SwiftExplicitPrecompiledModules -clang-scanner-module-cache-path /Users/roeylibfeld/Documents/KARI\ Creatives/DaBin/build/app-store-2026-10-02/archive-derived-data/ModuleCache.noindex -sdk-module-cache-path /Users/roeylibfeld/Documents/KARI\ Creatives/DaBin/build/app-store-2026-10-02/archive-derived-data/SDKExplicitPrecompiledModules -emit-dependencies -emit-module -emit-module-path /Users/roeylibfeld/Documents/KARI\ Creatives/DaBin/build/app-store-2026-10-02/archive-derived-data/Build/Intermediates.noindex/ArchiveIntermediates/DaBin/IntermediateBuildFilesPath/DaBin.build/Release/DaBin.build/Objects-normal/arm64/DaBin.swiftmodule -serialize-diagnostics -dependency-scan-serialize-diagnostics-path /Users/roeylibfeld/Documents/KARI\ Creatives/DaBin/build/app-store-2026-10-02/archive-derived-data/Build/Intermediates.noindex/ArchiveIntermediates/DaBin/IntermediateBuildFilesPath/DaBin.build/Release/DaBin.build/Objects-normal/arm64/DaBin-dependency-scan.dia -validate-clang-modules-once -clang-build-session-file /Users/roeylibfeld/Documents/KARI\ Creatives/DaBin/build/app-store-2026-10-02/archive-derived-data/ModuleCache.noindex/Session.modulevalidation -Xcc -fmodules-prune-interval\=86400 -Xcc -fmodules-prune-after\=345600 -emit-const-values -const-gather-protocols-list /Users/roeylibfeld/Documents/KARI\ Creatives/DaBin/build/app-store-2026-10-02/archive-derived-data/Build/Intermediates.noindex/ArchiveIntermediates/DaBin/IntermediateBuildFilesPath/DaBin.build/Release/DaBin.build/Objects-normal/arm64/DaBin_const_extract_protocols.json -Xcc -iquote -Xcc /Users/roeylibfeld/Documents/KARI\ Creatives/DaBin/build/app-store-2026-10-02/archive-derived-data/Build/Intermediates.noindex/ArchiveIntermediates/DaBin/IntermediateBuildFilesPath/DaBin.build/Release/DaBin.build/DaBin-generated-files.hmap -Xcc -I/Users/roeylibfeld/Documents/KARI\ Creatives/DaBin/build/app-store-2026-10-02/archive-derived-data/Build/Intermediates.noindex/ArchiveIntermediates/DaBin/IntermediateBuildFilesPath/DaBin.build/Release/DaBin.build/DaBin-own-target-headers.hmap -Xcc -I/Users/roeylibfeld/Documents/KARI\ Creatives/DaBin/build/app-store-2026-10-02/archive-derived-data/Build/Intermediates.noindex/ArchiveIntermediates/DaBin/IntermediateBuildFilesPath/DaBin.build/Release/DaBin.build/DaBin-all-target-headers.hmap -Xcc -iquote -Xcc /Users/roeylibfeld/Documents/KARI\ Creatives/DaBin/build/app-store-2026-10-02/archive-derived-data/Build/Intermediates.noindex/ArchiveIntermediates/DaBin/IntermediateBuildFilesPath/DaBin.build/Release/DaBin.build/DaBin-project-headers.hmap -Xcc -I/Users/roeylibfeld/Documents/KARI\ Creatives/DaBin/build/app-store-2026-10-02/archive-derived-data/Build/Intermediates.noindex/ArchiveIntermediates/DaBin/BuildProductsPath/Release/include -Xcc -I/Users/roeylibfeld/Documents/KARI\ Creatives/DaBin/build/app-store-2026-10-02/archive-derived-data/Build/Intermediates.noindex/ArchiveIntermediates/DaBin/IntermediateBuildFilesPath/DaBin.build/Release/DaBin.build/DerivedSources-normal/arm64 -Xcc -I/Users/roeylibfeld/Documents/KARI\ Creatives/DaBin/build/app-store-2026-10-02/archive-derived-data/Build/Intermediates.noindex/ArchiveIntermediates/DaBin/IntermediateBuildFilesPath/DaBin.build/Release/DaBin.build/DerivedSources/arm64 -Xcc -I/Users/roeylibfeld/Documents/KARI\ Creatives/DaBin/build/app-store-2026-10-02/archive-derived-data/Build/Intermediates.noindex/ArchiveIntermediates/DaBin/IntermediateBuildFilesPath/DaBin.build/Release/DaBin.build/DerivedSources -emit-objc-header -emit-objc-header-path /Users/roeylibfeld/Documents/KARI\ Creatives/DaBin/build/app-store-2026-10-02/archive-derived-data/Build/Intermediates.noindex/ArchiveIntermediates/DaBin/IntermediateBuildFilesPath/DaBin.build/Release/DaBin.build/Objects-normal/arm64/DaBin-Swift.h -working-directory /Users/roeylibfeld/Documents/KARI\ Creatives/DaBin/native -no-emit-module-separately-wmo

SwiftMergeGeneratedHeaders /Users/roeylibfeld/Documents/KARI\ Creatives/DaBin/build/app-store-2026-10-02/archive-derived-data/Build/Intermediates.noindex/ArchiveIntermediates/DaBin/IntermediateBuildFilesPath/DaBin.build/Release/DaBin.build/DerivedSources/DaBin-Swift.h /Users/roeylibfeld/Documents/KARI\ Creatives/DaBin/build/app-store-2026-10-02/archive-derived-data/Build/Intermediates.noindex/ArchiveIntermediates/DaBin/IntermediateBuildFilesPath/DaBin.build/Release/DaBin.build/Objects-normal/arm64/DaBin-Swift.h (in target 'DaBin' from project 'DaBin')
    cd /Users/roeylibfeld/Documents/KARI\ Creatives/DaBin/native
    builtin-swiftHeaderTool -arch arm64 /Users/roeylibfeld/Documents/KARI\ Creatives/DaBin/build/app-store-2026-10-02/archive-derived-data/Build/Intermediates.noindex/ArchiveIntermediates/DaBin/IntermediateBuildFilesPath/DaBin.build/Release/DaBin.build/Objects-normal/arm64/DaBin-Swift.h -o /Users/roeylibfeld/Documents/KARI\ Creatives/DaBin/build/app-store-2026-10-02/archive-derived-data/Build/Intermediates.noindex/ArchiveIntermediates/DaBin/IntermediateBuildFilesPath/DaBin.build/Release/DaBin.build/DerivedSources/DaBin-Swift.h

Copy /Users/roeylibfeld/Documents/KARI\ Creatives/DaBin/build/app-store-2026-10-02/archive-derived-data/Build/Intermediates.noindex/ArchiveIntermediates/DaBin/BuildProductsPath/Release/DaBin.swiftmodule/arm64-apple-macos.abi.json /Users/roeylibfeld/Documents/KARI\ Creatives/DaBin/build/app-store-2026-10-02/archive-derived-data/Build/Intermediates.noindex/ArchiveIntermediates/DaBin/IntermediateBuildFilesPath/DaBin.build/Release/DaBin.build/Objects-normal/arm64/DaBin.abi.json (in target 'DaBin' from project 'DaBin')
    cd /Users/roeylibfeld/Documents/KARI\ Creatives/DaBin/native
    builtin-copy -exclude .DS_Store -exclude CVS -exclude .svn -exclude .git -exclude .hg -strip-unsigned-binaries -strip-deterministic -strip-tool /Applications/Xcode.app/Contents/Developer/Toolchains/XcodeDefault.xctoolchain/usr/bin/strip -resolve-src-symlinks -rename /Users/roeylibfeld/Documents/KARI\ Creatives/DaBin/build/app-store-2026-10-02/archive-derived-data/Build/Intermediates.noindex/ArchiveIntermediates/DaBin/IntermediateBuildFilesPath/DaBin.build/Release/DaBin.build/Objects-normal/arm64/DaBin.abi.json /Users/roeylibfeld/Documents/KARI\ Creatives/DaBin/build/app-store-2026-10-02/archive-derived-data/Build/Intermediates.noindex/ArchiveIntermediates/DaBin/BuildProductsPath/Release/DaBin.swiftmodule/arm64-apple-macos.abi.json

Copy /Users/roeylibfeld/Documents/KARI\ Creatives/DaBin/build/app-store-2026-10-02/archive-derived-data/Build/Intermediates.noindex/ArchiveIntermediates/DaBin/BuildProductsPath/Release/DaBin.swiftmodule/arm64-apple-macos.swiftdoc /Users/roeylibfeld/Documents/KARI\ Creatives/DaBin/build/app-store-2026-10-02/archive-derived-data/Build/Intermediates.noindex/ArchiveIntermediates/DaBin/IntermediateBuildFilesPath/DaBin.build/Release/DaBin.build/Objects-normal/arm64/DaBin.swiftdoc (in target 'DaBin' from project 'DaBin')
    cd /Users/roeylibfeld/Documents/KARI\ Creatives/DaBin/native
    builtin-copy -exclude .DS_Store -exclude CVS -exclude .svn -exclude .git -exclude .hg -strip-unsigned-binaries -strip-deterministic -strip-tool /Applications/Xcode.app/Contents/Developer/Toolchains/XcodeDefault.xctoolchain/usr/bin/strip -resolve-src-symlinks -rename /Users/roeylibfeld/Documents/KARI\ Creatives/DaBin/build/app-store-2026-10-02/archive-derived-data/Build/Intermediates.noindex/ArchiveIntermediates/DaBin/IntermediateBuildFilesPath/DaBin.build/Release/DaBin.build/Objects-normal/arm64/DaBin.swiftdoc /Users/roeylibfeld/Documents/KARI\ Creatives/DaBin/build/app-store-2026-10-02/archive-derived-data/Build/Intermediates.noindex/ArchiveIntermediates/DaBin/BuildProductsPath/Release/DaBin.swiftmodule/arm64-apple-macos.swiftdoc

Copy /Users/roeylibfeld/Documents/KARI\ Creatives/DaBin/build/app-store-2026-10-02/archive-derived-data/Build/Intermediates.noindex/ArchiveIntermediates/DaBin/BuildProductsPath/Release/DaBin.swiftmodule/arm64-apple-macos.swiftmodule /Users/roeylibfeld/Documents/KARI\ Creatives/DaBin/build/app-store-2026-10-02/archive-derived-data/Build/Intermediates.noindex/ArchiveIntermediates/DaBin/IntermediateBuildFilesPath/DaBin.build/Release/DaBin.build/Objects-normal/arm64/DaBin.swiftmodule (in target 'DaBin' from project 'DaBin')
    cd /Users/roeylibfeld/Documents/KARI\ Creatives/DaBin/native
    builtin-copy -exclude .DS_Store -exclude CVS -exclude .svn -exclude .git -exclude .hg -strip-unsigned-binaries -strip-deterministic -strip-tool /Applications/Xcode.app/Contents/Developer/Toolchains/XcodeDefault.xctoolchain/usr/bin/strip -resolve-src-symlinks -rename /Users/roeylibfeld/Documents/KARI\ Creatives/DaBin/build/app-store-2026-10-02/archive-derived-data/Build/Intermediates.noindex/ArchiveIntermediates/DaBin/IntermediateBuildFilesPath/DaBin.build/Release/DaBin.build/Objects-normal/arm64/DaBin.swiftmodule /Users/roeylibfeld/Documents/KARI\ Creatives/DaBin/build/app-store-2026-10-02/archive-derived-data/Build/Intermediates.noindex/ArchiveIntermediates/DaBin/BuildProductsPath/Release/DaBin.swiftmodule/arm64-apple-macos.swiftmodule

Ld /Users/roeylibfeld/Documents/KARI\ Creatives/DaBin/build/app-store-2026-10-02/archive-derived-data/Build/Intermediates.noindex/ArchiveIntermediates/DaBin/InstallationBuildProductsLocation/Applications/DaBin.app/Contents/MacOS/DaBin normal (in target 'DaBin' from project 'DaBin')
    cd /Users/roeylibfeld/Documents/KARI\ Creatives/DaBin/native
    /Applications/Xcode.app/Contents/Developer/Toolchains/XcodeDefault.xctoolchain/usr/bin/clang -Xlinker -reproducible -target arm64-apple-macos14.0 -isysroot /Applications/Xcode.app/Contents/Developer/Platforms/MacOSX.platform/Developer/SDKs/MacOSX27.0.sdk -Os -Xlinker -no_warn_duplicate_libraries -L/Users/roeylibfeld/Documents/KARI\ Creatives/DaBin/build/app-store-2026-10-02/archive-derived-data/Build/Intermediates.noindex/ArchiveIntermediates/DaBin/IntermediateBuildFilesPath/EagerLinkingTBDs/Release -L/Users/roeylibfeld/Documents/KARI\ Creatives/DaBin/build/app-store-2026-10-02/archive-derived-data/Build/Intermediates.noindex/ArchiveIntermediates/DaBin/BuildProductsPath/Release -F/Users/roeylibfeld/Documents/KARI\ Creatives/DaBin/build/app-store-2026-10-02/archive-derived-data/Build/Intermediates.noindex/ArchiveIntermediates/DaBin/IntermediateBuildFilesPath/EagerLinkingTBDs/Release -F/Users/roeylibfeld/Documents/KARI\ Creatives/DaBin/build/app-store-2026-10-02/archive-derived-data/Build/Intermediates.noindex/ArchiveIntermediates/DaBin/BuildProductsPath/Release -filelist /Users/roeylibfeld/Documents/KARI\ Creatives/DaBin/build/app-store-2026-10-02/archive-derived-data/Build/Intermediates.noindex/ArchiveIntermediates/DaBin/IntermediateBuildFilesPath/DaBin.build/Release/DaBin.build/Objects-normal/arm64/DaBin.LinkFileList -Xlinker -rpath -Xlinker /usr/lib/swift -Xlinker -object_path_lto -Xlinker /Users/roeylibfeld/Documents/KARI\ Creatives/DaBin/build/app-store-2026-10-02/archive-derived-data/Build/Intermediates.noindex/ArchiveIntermediates/DaBin/IntermediateBuildFilesPath/DaBin.build/Release/DaBin.build/Objects-normal/arm64/DaBin_lto.o -Xlinker -final_output -Xlinker /Applications/DaBin.app/Contents/MacOS/DaBin -Xlinker -dependency_info -Xlinker /Users/roeylibfeld/Documents/KARI\ Creatives/DaBin/build/app-store-2026-10-02/archive-derived-data/Build/Intermediates.noindex/ArchiveIntermediates/DaBin/IntermediateBuildFilesPath/DaBin.build/Release/DaBin.build/Objects-normal/arm64/DaBin_dependency_info.dat -fobjc-link-runtime -L/Applications/Xcode.app/Contents/Developer/Toolchains/XcodeDefault.xctoolchain/usr/lib/swift/macosx -L/usr/lib/swift -Xlinker -add_ast_path -Xlinker /Users/roeylibfeld/Documents/KARI\ Creatives/DaBin/build/app-store-2026-10-02/archive-derived-data/Build/Intermediates.noindex/ArchiveIntermediates/DaBin/IntermediateBuildFilesPath/DaBin.build/Release/DaBin.build/Objects-normal/arm64/DaBin.swiftmodule -Xlinker -no_adhoc_codesign -o /Users/roeylibfeld/Documents/KARI\ Creatives/DaBin/build/app-store-2026-10-02/archive-derived-data/Build/Intermediates.noindex/ArchiveIntermediates/DaBin/InstallationBuildProductsLocation/Applications/DaBin.app/Contents/MacOS/DaBin

CopySwiftLibs /Users/roeylibfeld/Documents/KARI\ Creatives/DaBin/build/app-store-2026-10-02/archive-derived-data/Build/Intermediates.noindex/ArchiveIntermediates/DaBin/InstallationBuildProductsLocation/Applications/DaBin.app (in target 'DaBin' from project 'DaBin')
    cd /Users/roeylibfeld/Documents/KARI\ Creatives/DaBin/native
    builtin-swiftStdLibTool --copy --verbose --sign D71587B10060E08FD5E2312876531CDEE97266B6 --Xcodesign --timestamp\=none --scan-executable /Users/roeylibfeld/Documents/KARI\ Creatives/DaBin/build/app-store-2026-10-02/archive-derived-data/Build/Intermediates.noindex/ArchiveIntermediates/DaBin/InstallationBuildProductsLocation/Applications/DaBin.app/Contents/MacOS/DaBin --scan-folder /Users/roeylibfeld/Documents/KARI\ Creatives/DaBin/build/app-store-2026-10-02/archive-derived-data/Build/Intermediates.noindex/ArchiveIntermediates/DaBin/InstallationBuildProductsLocation/Applications/DaBin.app/Contents/Frameworks --scan-folder /Users/roeylibfeld/Documents/KARI\ Creatives/DaBin/build/app-store-2026-10-02/archive-derived-data/Build/Intermediates.noindex/ArchiveIntermediates/DaBin/InstallationBuildProductsLocation/Applications/DaBin.app/Contents/PlugIns --scan-folder /Users/roeylibfeld/Documents/KARI\ Creatives/DaBin/build/app-store-2026-10-02/archive-derived-data/Build/Intermediates.noindex/ArchiveIntermediates/DaBin/InstallationBuildProductsLocation/Applications/DaBin.app/Contents/Library/SystemExtensions --scan-folder /Users/roeylibfeld/Documents/KARI\ Creatives/DaBin/build/app-store-2026-10-02/archive-derived-data/Build/Intermediates.noindex/ArchiveIntermediates/DaBin/InstallationBuildProductsLocation/Applications/DaBin.app/Contents/Extensions --platform macosx --toolchain /Applications/Xcode.app/Contents/Developer/Toolchains/XcodeDefault.xctoolchain --destination /Users/roeylibfeld/Documents/KARI\ Creatives/DaBin/build/app-store-2026-10-02/archive-derived-data/Build/Intermediates.noindex/ArchiveIntermediates/DaBin/InstallationBuildProductsLocation/Applications/DaBin.app/Contents/Frameworks --unsigned-destination /Users/roeylibfeld/Documents/KARI\ Creatives/DaBin/build/app-store-2026-10-02/archive-derived-data/Build/Intermediates.noindex/ArchiveIntermediates/DaBin/BuildProductsPath/SwiftSupport --strip-bitcode --strip-bitcode-tool /Applications/Xcode.app/Contents/Developer/Toolchains/XcodeDefault.xctoolchain/usr/bin/bitcode_strip --emit-dependency-info /Users/roeylibfeld/Documents/KARI\ Creatives/DaBin/build/app-store-2026-10-02/archive-derived-data/Build/Intermediates.noindex/ArchiveIntermediates/DaBin/IntermediateBuildFilesPath/DaBin.build/Release/DaBin.build/SwiftStdLibToolInputDependencies.dep --filter-for-swift-os --back-deploy-swift-span

ExtractAppIntentsMetadata (in target 'DaBin' from project 'DaBin')
    cd /Users/roeylibfeld/Documents/KARI\ Creatives/DaBin/native
    /Applications/Xcode.app/Contents/Developer/Toolchains/XcodeDefault.xctoolchain/usr/bin/appintentsmetadataprocessor --toolchain-dir /Applications/Xcode.app/Contents/Developer/Toolchains/XcodeDefault.xctoolchain --module-name DaBin --sdk-root /Applications/Xcode.app/Contents/Developer/Platforms/MacOSX.platform/Developer/SDKs/MacOSX27.0.sdk --xcode-version 27A266a --platform-family macOS --deployment-target 14.0 --bundle-identifier com.dabin.mac --output /Users/roeylibfeld/Documents/KARI\ Creatives/DaBin/build/app-store-2026-10-02/archive-derived-data/Build/Intermediates.noindex/ArchiveIntermediates/DaBin/InstallationBuildProductsLocation/Applications/DaBin.app/Contents/Resources --target-triple arm64-apple-macos14.0 --binary-file /Users/roeylibfeld/Documents/KARI\ Creatives/DaBin/build/app-store-2026-10-02/archive-derived-data/Build/Intermediates.noindex/ArchiveIntermediates/DaBin/InstallationBuildProductsLocation/Applications/DaBin.app/Contents/MacOS/DaBin --dependency-file /Users/roeylibfeld/Documents/KARI\ Creatives/DaBin/build/app-store-2026-10-02/archive-derived-data/Build/Intermediates.noindex/ArchiveIntermediates/DaBin/IntermediateBuildFilesPath/DaBin.build/Release/DaBin.build/Objects-normal/arm64/DaBin_dependency_info.dat --stringsdata-file /Users/roeylibfeld/Documents/KARI\ Creatives/DaBin/build/app-store-2026-10-02/archive-derived-data/Build/Intermediates.noindex/ArchiveIntermediates/DaBin/IntermediateBuildFilesPath/DaBin.build/Release/DaBin.build/Objects-normal/arm64/ExtractedAppShortcutsMetadata.stringsdata --source-file-list /Users/roeylibfeld/Documents/KARI\ Creatives/DaBin/build/app-store-2026-10-02/archive-derived-data/Build/Intermediates.noindex/ArchiveIntermediates/DaBin/IntermediateBuildFilesPath/DaBin.build/Release/DaBin.build/Objects-normal/arm64/DaBin.SwiftFileList --metadata-file-list /Users/roeylibfeld/Documents/KARI\ Creatives/DaBin/build/app-store-2026-10-02/archive-derived-data/Build/Intermediates.noindex/ArchiveIntermediates/DaBin/IntermediateBuildFilesPath/DaBin.build/Release/DaBin.build/DaBin.DependencyMetadataFileList --static-metadata-file-list /Users/roeylibfeld/Documents/KARI\ Creatives/DaBin/build/app-store-2026-10-02/archive-derived-data/Build/Intermediates.noindex/ArchiveIntermediates/DaBin/IntermediateBuildFilesPath/DaBin.build/Release/DaBin.build/DaBin.DependencyStaticMetadataFileList --swift-const-vals-list /Users/roeylibfeld/Documents/KARI\ Creatives/DaBin/build/app-store-2026-10-02/archive-derived-data/Build/Intermediates.noindex/ArchiveIntermediates/DaBin/IntermediateBuildFilesPath/DaBin.build/Release/DaBin.build/Objects-normal/arm64/DaBin.SwiftConstValuesFileList --compile-time-extraction --deployment-aware-processing --no-app-shortcuts-localization
2026-10-02 02:07:53.011 appintentsmetadataprocessor[91110:21642650] Starting appintentsmetadataprocessor export
2026-10-02 02:07:53.012 appintentsmetadataprocessor[91110:21642650] warning: Metadata extraction skipped, no AppIntents.framework dependency found

GenerateDSYMFile /Users/roeylibfeld/Documents/KARI\ Creatives/DaBin/build/app-store-2026-10-02/archive-derived-data/Build/Intermediates.noindex/ArchiveIntermediates/DaBin/BuildProductsPath/Release/DaBin.app.dSYM /Users/roeylibfeld/Documents/KARI\ Creatives/DaBin/build/app-store-2026-10-02/archive-derived-data/Build/Intermediates.noindex/ArchiveIntermediates/DaBin/InstallationBuildProductsLocation/Applications/DaBin.app/Contents/MacOS/DaBin (in target 'DaBin' from project 'DaBin')
    cd /Users/roeylibfeld/Documents/KARI\ Creatives/DaBin/native
    export PATH\=/Applications/Xcode.app/Contents/SharedFrameworks/SwiftBuild.framework/Versions/A/PlugIns/SWBBuildService.bundle/Contents/PlugIns/SWBUniversalPlatformPlugin.bundle/Contents/Frameworks/SWBUniversalPlatform.framework/Resources:/Applications/Xcode.app/Contents/Developer/Toolchains/XcodeDefault.xctoolchain/usr/bin:/Applications/Xcode.app/Contents/Developer/Toolchains/XcodeDefault.xctoolchain/usr/local/bin:/Applications/Xcode.app/Contents/Developer/Toolchains/XcodeDefault.xctoolchain/usr/libexec:/Applications/Xcode.app/Contents/Developer/Platforms/MacOSX.platform/usr/bin:/Applications/Xcode.app/Contents/Developer/Platforms/MacOSX.platform/usr/local/bin:/Applications/Xcode.app/Contents/Developer/Platforms/MacOSX.platform/Developer/usr/bin:/Applications/Xcode.app/Contents/Developer/Platforms/MacOSX.platform/Developer/usr/local/bin:/Applications/Xcode.app/Contents/Developer/usr/bin:/Applications/Xcode.app/Contents/Developer/usr/local/bin:/Users/roeylibfeld/.local/bin:/opt/homebrew/bin:/opt/homebrew/sbin:/usr/local/bin:/System/Cryptexes/App/usr/bin:/usr/bin:/bin:/usr/sbin:/sbin:/var/run/com.apple.security.cryptexd/codex.system/bootstrap/usr/local/bin:/var/run/com.apple.security.cryptexd/codex.system/bootstrap/usr/bin:/var/run/com.apple.security.cryptexd/codex.system/bootstrap/usr/appleinternal/bin:/pkg/env/global/bin:/Library/Apple/usr/bin:/Applications/ChatGPT.app/Contents/Resources/codex-cli/codex-path:/Users/roeylibfeld/.codex/tmp/arg0/codex-arg0erB3jU:/Users/roeylibfeld/.cache/codex-runtimes/codex-primary-runtime/dependencies/bin/override:/Users/roeylibfeld/.cache/codex-runtimes/codex-primary-runtime/dependencies/bin/fallback:/Applications/ChatGPT.app/Contents/Resources:/Applications/ChatGPT.app/Contents/Resources/codex-cli/CodexCLI.app/Contents/MacOS
    /Applications/Xcode.app/Contents/Developer/Toolchains/XcodeDefault.xctoolchain/usr/bin/dsymutil /Users/roeylibfeld/Documents/KARI\ Creatives/DaBin/build/app-store-2026-10-02/archive-derived-data/Build/Intermediates.noindex/ArchiveIntermediates/DaBin/InstallationBuildProductsLocation/Applications/DaBin.app/Contents/MacOS/DaBin -o /Users/roeylibfeld/Documents/KARI\ Creatives/DaBin/build/app-store-2026-10-02/archive-derived-data/Build/Intermediates.noindex/ArchiveIntermediates/DaBin/BuildProductsPath/Release/DaBin.app.dSYM

Strip /Users/roeylibfeld/Documents/KARI\ Creatives/DaBin/build/app-store-2026-10-02/archive-derived-data/Build/Intermediates.noindex/ArchiveIntermediates/DaBin/InstallationBuildProductsLocation/Applications/DaBin.app/Contents/MacOS/DaBin (in target 'DaBin' from project 'DaBin')
    cd /Users/roeylibfeld/Documents/KARI\ Creatives/DaBin/native
    /Applications/Xcode.app/Contents/Developer/Toolchains/XcodeDefault.xctoolchain/usr/bin/strip -D /Users/roeylibfeld/Documents/KARI\ Creatives/DaBin/build/app-store-2026-10-02/archive-derived-data/Build/Intermediates.noindex/ArchiveIntermediates/DaBin/InstallationBuildProductsLocation/Applications/DaBin.app/Contents/MacOS/DaBin

SetOwnerAndGroup roeylibfeld:staff /Users/roeylibfeld/Documents/KARI\ Creatives/DaBin/build/app-store-2026-10-02/archive-derived-data/Build/Intermediates.noindex/ArchiveIntermediates/DaBin/InstallationBuildProductsLocation/Applications/DaBin.app (in target 'DaBin' from project 'DaBin')
    cd /Users/roeylibfeld/Documents/KARI\ Creatives/DaBin/native
    /usr/sbin/chown -RH roeylibfeld:staff /Users/roeylibfeld/Documents/KARI\ Creatives/DaBin/build/app-store-2026-10-02/archive-derived-data/Build/Intermediates.noindex/ArchiveIntermediates/DaBin/InstallationBuildProductsLocation/Applications/DaBin.app

SetMode u+w,go-w,a+rX /Users/roeylibfeld/Documents/KARI\ Creatives/DaBin/build/app-store-2026-10-02/archive-derived-data/Build/Intermediates.noindex/ArchiveIntermediates/DaBin/InstallationBuildProductsLocation/Applications/DaBin.app (in target 'DaBin' from project 'DaBin')
    cd /Users/roeylibfeld/Documents/KARI\ Creatives/DaBin/native
    /bin/chmod -RH u+w,go-w,a+rX /Users/roeylibfeld/Documents/KARI\ Creatives/DaBin/build/app-store-2026-10-02/archive-derived-data/Build/Intermediates.noindex/ArchiveIntermediates/DaBin/InstallationBuildProductsLocation/Applications/DaBin.app

CodeSign /Users/roeylibfeld/Documents/KARI\ Creatives/DaBin/build/app-store-2026-10-02/archive-derived-data/Build/Intermediates.noindex/ArchiveIntermediates/DaBin/InstallationBuildProductsLocation/Applications/DaBin.app (in target 'DaBin' from project 'DaBin')
    cd /Users/roeylibfeld/Documents/KARI\ Creatives/DaBin/native

    Signing Identity:     "Apple Development: [personal subject redacted for publication]"

    /usr/bin/codesign --force --sign D71587B10060E08FD5E2312876531CDEE97266B6 --timestamp\=none --entitlements /Users/roeylibfeld/Documents/KARI\ Creatives/DaBin/build/app-store-2026-10-02/archive-derived-data/Build/Intermediates.noindex/ArchiveIntermediates/DaBin/IntermediateBuildFilesPath/DaBin.build/Release/DaBin.build/DaBin.app.xcent --generate-entitlement-der /Users/roeylibfeld/Documents/KARI\ Creatives/DaBin/build/app-store-2026-10-02/archive-derived-data/Build/Intermediates.noindex/ArchiveIntermediates/DaBin/InstallationBuildProductsLocation/Applications/DaBin.app
/Users/roeylibfeld/Documents/KARI Creatives/DaBin/build/app-store-2026-10-02/archive-derived-data/Build/Intermediates.noindex/ArchiveIntermediates/DaBin/InstallationBuildProductsLocation/Applications/DaBin.app: resource fork, Finder information, or similar detritus not allowed
Command CodeSign failed with a nonzero exit code

PruneExplicitPrecompiledModules /Users/roeylibfeld/Documents/KARI Creatives/DaBin/build/app-store-2026-10-02/archive-derived-data/Build/Intermediates.noindex/ArchiveIntermediates/DaBin/IntermediateBuildFilesPath/SwiftExplicitPrecompiledModules

PruneExplicitPrecompiledModules /Users/roeylibfeld/Documents/KARI Creatives/DaBin/build/app-store-2026-10-02/archive-derived-data/Build/Intermediates.noindex/ArchiveIntermediates/DaBin/IntermediateBuildFilesPath/ExplicitPrecompiledModules

PruneExplicitPrecompiledModules /Users/roeylibfeld/Documents/KARI Creatives/DaBin/build/app-store-2026-10-02/archive-derived-data/SDKExplicitPrecompiledModules

** ARCHIVE FAILED **


The following build commands failed:
	CodeSign /Users/roeylibfeld/Documents/KARI\ Creatives/DaBin/build/app-store-2026-10-02/archive-derived-data/Build/Intermediates.noindex/ArchiveIntermediates/DaBin/InstallationBuildProductsLocation/Applications/DaBin.app (in target 'DaBin' from project 'DaBin')
	Archiving project DaBin with scheme DaBin
(2 failures)
