Command line invocation:
    /Applications/Xcode.app/Contents/Developer/usr/bin/xcodebuild -project native/DaBin.xcodeproj -scheme DaBin -configuration Release -destination generic/platform=macOS -derivedDataPath /private/tmp/DaBin-AppStore-2026-10-02-SWUyJN/derived-data-final -archivePath /private/tmp/DaBin-AppStore-2026-10-02-SWUyJN/DaBin-0.4.19-74-development-final.xcarchive -disableAutomaticPackageResolution -skipPackageUpdates CODE_SIGN_STYLE=Automatic DEVELOPMENT_TEAM=8QG4967CSU "CODE_SIGN_IDENTITY=Apple Development" OTHER_CODE_SIGN_FLAGS=--timestamp=none ARCHS=arm64 ONLY_ACTIVE_ARCH=NO SWIFT_ACTIVE_COMPILATION_CONDITIONS= INFOPLIST_FILE=/private/tmp/DaBin-AppStore-2026-10-02-SWUyJN/Store-Info-final.plist archive

Build settings from command line:
    ARCHS = arm64
    CODE_SIGN_IDENTITY = Apple Development
    CODE_SIGN_STYLE = Automatic
    DEVELOPMENT_TEAM = 8QG4967CSU
    INFOPLIST_FILE = /private/tmp/DaBin-AppStore-2026-10-02-SWUyJN/Store-Info-final.plist
    ONLY_ACTIVE_ARCH = NO
    OTHER_CODE_SIGN_FLAGS = --timestamp=none
    SWIFT_ACTIVE_COMPILATION_CONDITIONS =

note: Using codesigning identity override: Apple Development
ComputePackagePrebuildTargetDependencyGraph

Prepare packages

CreateBuildRequest

SendProjectDescription

CreateBuildOperation

ComputeTargetDependencyGraph
note: Building targets in dependency order
note: Target dependency graph (1 target)
    Target 'DaBin' in project 'DaBin' (no dependencies)

GatherProvisioningInputs

CreateBuildDescription

ExecuteExternalTool /Applications/Xcode.app/Contents/Developer/Toolchains/XcodeDefault.xctoolchain/usr/bin/clang -v -E -dM -isysroot /Applications/Xcode.app/Contents/Developer/Platforms/MacOSX.platform/Developer/SDKs/MacOSX27.0.sdk -x c -c /dev/null

ExecuteExternalTool /Applications/Xcode.app/Contents/Developer/Toolchains/XcodeDefault.xctoolchain/usr/bin/swiftc --version

ExecuteExternalTool /Applications/Xcode.app/Contents/Developer/Toolchains/XcodeDefault.xctoolchain/usr/bin/ld -version_details

Build description signature: 154dce67ccc6471a26e67955cfa5d2cb
Build description path: /tmp/DaBin-AppStore-2026-10-02-SWUyJN/derived-data-final/Build/Intermediates.noindex/ArchiveIntermediates/DaBin/IntermediateBuildFilesPath/XCBuildData/154dce67ccc6471a26e67955cfa5d2cb.xcbuilddata
CreateBuildDirectory /tmp/DaBin-AppStore-2026-10-02-SWUyJN/derived-data-final/SDKExplicitPrecompiledModules
    cd /Users/roeylibfeld/Documents/KARI\ Creatives/DaBin/native/DaBin.xcodeproj
    builtin-create-build-directory /tmp/DaBin-AppStore-2026-10-02-SWUyJN/derived-data-final/SDKExplicitPrecompiledModules

CreateBuildDirectory /tmp/DaBin-AppStore-2026-10-02-SWUyJN/derived-data-final/CompilationCache.noindex
    cd /Users/roeylibfeld/Documents/KARI\ Creatives/DaBin/native/DaBin.xcodeproj
    builtin-create-build-directory /tmp/DaBin-AppStore-2026-10-02-SWUyJN/derived-data-final/CompilationCache.noindex

CreateBuildDirectory /tmp/DaBin-AppStore-2026-10-02-SWUyJN/derived-data-final/ModuleCache.noindex
    cd /Users/roeylibfeld/Documents/KARI\ Creatives/DaBin/native/DaBin.xcodeproj
    builtin-create-build-directory /tmp/DaBin-AppStore-2026-10-02-SWUyJN/derived-data-final/ModuleCache.noindex

CreateBuildDirectory /tmp/DaBin-AppStore-2026-10-02-SWUyJN/derived-data-final/Build/Intermediates.noindex/ArchiveIntermediates/DaBin/InstallationBuildProductsLocation
    cd /Users/roeylibfeld/Documents/KARI\ Creatives/DaBin/native/DaBin.xcodeproj
    builtin-create-build-directory /tmp/DaBin-AppStore-2026-10-02-SWUyJN/derived-data-final/Build/Intermediates.noindex/ArchiveIntermediates/DaBin/InstallationBuildProductsLocation

CreateBuildDirectory /tmp/DaBin-AppStore-2026-10-02-SWUyJN/derived-data-final/Build/Intermediates.noindex/ArchiveIntermediates/DaBin/PrecompiledHeaders
    cd /Users/roeylibfeld/Documents/KARI\ Creatives/DaBin/native/DaBin.xcodeproj
    builtin-create-build-directory /tmp/DaBin-AppStore-2026-10-02-SWUyJN/derived-data-final/Build/Intermediates.noindex/ArchiveIntermediates/DaBin/PrecompiledHeaders

ClangStatCache /Applications/Xcode.app/Contents/Developer/Toolchains/XcodeDefault.xctoolchain/usr/bin/clang-stat-cache /Applications/Xcode.app/Contents/Developer/Platforms/MacOSX.platform/Developer/SDKs/MacOSX27.0.sdk /tmp/DaBin-AppStore-2026-10-02-SWUyJN/derived-data-final/SDKStatCaches.noindex/macosx27.0-26A425-7231f6df4def33e022ae2eb8f782df1a.sdkstatcache
    cd /Users/roeylibfeld/Documents/KARI\ Creatives/DaBin/native/DaBin.xcodeproj
    /Applications/Xcode.app/Contents/Developer/Toolchains/XcodeDefault.xctoolchain/usr/bin/clang-stat-cache /Applications/Xcode.app/Contents/Developer/Platforms/MacOSX.platform/Developer/SDKs/MacOSX27.0.sdk -o /tmp/DaBin-AppStore-2026-10-02-SWUyJN/derived-data-final/SDKStatCaches.noindex/macosx27.0-26A425-7231f6df4def33e022ae2eb8f782df1a.sdkstatcache

CreateBuildDirectory /tmp/DaBin-AppStore-2026-10-02-SWUyJN/derived-data-final/Build/Intermediates.noindex/ArchiveIntermediates/DaBin/IntermediateBuildFilesPath
    cd /Users/roeylibfeld/Documents/KARI\ Creatives/DaBin/native/DaBin.xcodeproj
    builtin-create-build-directory /tmp/DaBin-AppStore-2026-10-02-SWUyJN/derived-data-final/Build/Intermediates.noindex/ArchiveIntermediates/DaBin/IntermediateBuildFilesPath

CreateBuildDirectory /tmp/DaBin-AppStore-2026-10-02-SWUyJN/derived-data-final/Build/Intermediates.noindex/ArchiveIntermediates/DaBin/BuildProductsPath
    cd /Users/roeylibfeld/Documents/KARI\ Creatives/DaBin/native/DaBin.xcodeproj
    builtin-create-build-directory /tmp/DaBin-AppStore-2026-10-02-SWUyJN/derived-data-final/Build/Intermediates.noindex/ArchiveIntermediates/DaBin/BuildProductsPath

CreateBuildDirectory /tmp/DaBin-AppStore-2026-10-02-SWUyJN/derived-data-final/Build/Intermediates.noindex/ArchiveIntermediates/DaBin/IntermediateBuildFilesPath/SwiftExplicitPrecompiledModules
    cd /Users/roeylibfeld/Documents/KARI\ Creatives/DaBin/native/DaBin.xcodeproj
    builtin-create-build-directory /tmp/DaBin-AppStore-2026-10-02-SWUyJN/derived-data-final/Build/Intermediates.noindex/ArchiveIntermediates/DaBin/IntermediateBuildFilesPath/SwiftExplicitPrecompiledModules

CreateBuildDirectory /tmp/DaBin-AppStore-2026-10-02-SWUyJN/derived-data-final/Build/Intermediates.noindex/ArchiveIntermediates/DaBin/IntermediateBuildFilesPath/ExplicitPrecompiledModules
    cd /Users/roeylibfeld/Documents/KARI\ Creatives/DaBin/native/DaBin.xcodeproj
    builtin-create-build-directory /tmp/DaBin-AppStore-2026-10-02-SWUyJN/derived-data-final/Build/Intermediates.noindex/ArchiveIntermediates/DaBin/IntermediateBuildFilesPath/ExplicitPrecompiledModules

CreateBuildDirectory /tmp/DaBin-AppStore-2026-10-02-SWUyJN/derived-data-final/Build/Intermediates.noindex/ArchiveIntermediates/DaBin/BuildProductsPath/Release
    cd /Users/roeylibfeld/Documents/KARI\ Creatives/DaBin/native/DaBin.xcodeproj
    builtin-create-build-directory /tmp/DaBin-AppStore-2026-10-02-SWUyJN/derived-data-final/Build/Intermediates.noindex/ArchiveIntermediates/DaBin/BuildProductsPath/Release

CreateBuildDirectory /tmp/DaBin-AppStore-2026-10-02-SWUyJN/derived-data-final/Build/Intermediates.noindex/ArchiveIntermediates/DaBin/IntermediateBuildFilesPath/EagerLinkingTBDs/Release
    cd /Users/roeylibfeld/Documents/KARI\ Creatives/DaBin/native/DaBin.xcodeproj
    builtin-create-build-directory /tmp/DaBin-AppStore-2026-10-02-SWUyJN/derived-data-final/Build/Intermediates.noindex/ArchiveIntermediates/DaBin/IntermediateBuildFilesPath/EagerLinkingTBDs/Release

WriteAuxiliaryFile /tmp/DaBin-AppStore-2026-10-02-SWUyJN/derived-data-final/Build/Intermediates.noindex/ArchiveIntermediates/DaBin/IntermediateBuildFilesPath/DaBin.build/Release/DaBin-3054bc69c6cf927e91acad80e75a3dd3-VFS/all-product-headers.yaml
    cd /Users/roeylibfeld/Documents/KARI\ Creatives/DaBin/native/DaBin.xcodeproj
    write-file /tmp/DaBin-AppStore-2026-10-02-SWUyJN/derived-data-final/Build/Intermediates.noindex/ArchiveIntermediates/DaBin/IntermediateBuildFilesPath/DaBin.build/Release/DaBin-3054bc69c6cf927e91acad80e75a3dd3-VFS/all-product-headers.yaml

WriteAuxiliaryFile /tmp/DaBin-AppStore-2026-10-02-SWUyJN/derived-data-final/Build/Intermediates.noindex/ArchiveIntermediates/DaBin/IntermediateBuildFilesPath/DaBin.build/Release/DaBin.build/DaBin-own-target-headers.hmap (in target 'DaBin' from project 'DaBin')
    cd /Users/roeylibfeld/Documents/KARI\ Creatives/DaBin/native
    write-file /tmp/DaBin-AppStore-2026-10-02-SWUyJN/derived-data-final/Build/Intermediates.noindex/ArchiveIntermediates/DaBin/IntermediateBuildFilesPath/DaBin.build/Release/DaBin.build/DaBin-own-target-headers.hmap

WriteAuxiliaryFile /tmp/DaBin-AppStore-2026-10-02-SWUyJN/derived-data-final/Build/Intermediates.noindex/ArchiveIntermediates/DaBin/IntermediateBuildFilesPath/DaBin.build/Release/DaBin.build/DaBin-project-headers.hmap (in target 'DaBin' from project 'DaBin')
    cd /Users/roeylibfeld/Documents/KARI\ Creatives/DaBin/native
    write-file /tmp/DaBin-AppStore-2026-10-02-SWUyJN/derived-data-final/Build/Intermediates.noindex/ArchiveIntermediates/DaBin/IntermediateBuildFilesPath/DaBin.build/Release/DaBin.build/DaBin-project-headers.hmap

WriteAuxiliaryFile /tmp/DaBin-AppStore-2026-10-02-SWUyJN/derived-data-final/Build/Intermediates.noindex/ArchiveIntermediates/DaBin/IntermediateBuildFilesPath/DaBin.build/Release/DaBin.build/DaBin-generated-files.hmap (in target 'DaBin' from project 'DaBin')
    cd /Users/roeylibfeld/Documents/KARI\ Creatives/DaBin/native
    write-file /tmp/DaBin-AppStore-2026-10-02-SWUyJN/derived-data-final/Build/Intermediates.noindex/ArchiveIntermediates/DaBin/IntermediateBuildFilesPath/DaBin.build/Release/DaBin.build/DaBin-generated-files.hmap

WriteAuxiliaryFile /tmp/DaBin-AppStore-2026-10-02-SWUyJN/derived-data-final/Build/Intermediates.noindex/ArchiveIntermediates/DaBin/IntermediateBuildFilesPath/DaBin.build/Release/DaBin.build/DaBin-all-target-headers.hmap (in target 'DaBin' from project 'DaBin')
    cd /Users/roeylibfeld/Documents/KARI\ Creatives/DaBin/native
    write-file /tmp/DaBin-AppStore-2026-10-02-SWUyJN/derived-data-final/Build/Intermediates.noindex/ArchiveIntermediates/DaBin/IntermediateBuildFilesPath/DaBin.build/Release/DaBin.build/DaBin-all-target-headers.hmap

WriteAuxiliaryFile /tmp/DaBin-AppStore-2026-10-02-SWUyJN/derived-data-final/Build/Intermediates.noindex/ArchiveIntermediates/DaBin/IntermediateBuildFilesPath/DaBin.build/Release/DaBin.build/DaBin.DependencyStaticMetadataFileList (in target 'DaBin' from project 'DaBin')
    cd /Users/roeylibfeld/Documents/KARI\ Creatives/DaBin/native
    write-file /tmp/DaBin-AppStore-2026-10-02-SWUyJN/derived-data-final/Build/Intermediates.noindex/ArchiveIntermediates/DaBin/IntermediateBuildFilesPath/DaBin.build/Release/DaBin.build/DaBin.DependencyStaticMetadataFileList

WriteAuxiliaryFile /tmp/DaBin-AppStore-2026-10-02-SWUyJN/derived-data-final/Build/Intermediates.noindex/ArchiveIntermediates/DaBin/IntermediateBuildFilesPath/DaBin.build/Release/DaBin.build/DaBin-all-non-framework-target-headers.hmap (in target 'DaBin' from project 'DaBin')
    cd /Users/roeylibfeld/Documents/KARI\ Creatives/DaBin/native
    write-file /tmp/DaBin-AppStore-2026-10-02-SWUyJN/derived-data-final/Build/Intermediates.noindex/ArchiveIntermediates/DaBin/IntermediateBuildFilesPath/DaBin.build/Release/DaBin.build/DaBin-all-non-framework-target-headers.hmap

WriteAuxiliaryFile /tmp/DaBin-AppStore-2026-10-02-SWUyJN/derived-data-final/Build/Intermediates.noindex/ArchiveIntermediates/DaBin/IntermediateBuildFilesPath/DaBin.build/Release/DaBin.build/DaBin.DependencyMetadataFileList (in target 'DaBin' from project 'DaBin')
    cd /Users/roeylibfeld/Documents/KARI\ Creatives/DaBin/native
    write-file /tmp/DaBin-AppStore-2026-10-02-SWUyJN/derived-data-final/Build/Intermediates.noindex/ArchiveIntermediates/DaBin/IntermediateBuildFilesPath/DaBin.build/Release/DaBin.build/DaBin.DependencyMetadataFileList

WriteAuxiliaryFile /tmp/DaBin-AppStore-2026-10-02-SWUyJN/derived-data-final/Build/Intermediates.noindex/ArchiveIntermediates/DaBin/IntermediateBuildFilesPath/DaBin.build/Release/DaBin.build/DaBin.hmap (in target 'DaBin' from project 'DaBin')
    cd /Users/roeylibfeld/Documents/KARI\ Creatives/DaBin/native
    write-file /tmp/DaBin-AppStore-2026-10-02-SWUyJN/derived-data-final/Build/Intermediates.noindex/ArchiveIntermediates/DaBin/IntermediateBuildFilesPath/DaBin.build/Release/DaBin.build/DaBin.hmap

WriteAuxiliaryFile /tmp/DaBin-AppStore-2026-10-02-SWUyJN/derived-data-final/Build/Intermediates.noindex/ArchiveIntermediates/DaBin/IntermediateBuildFilesPath/DaBin.build/Release/DaBin.build/DerivedSources/Entitlements.plist (in target 'DaBin' from project 'DaBin')
    cd /Users/roeylibfeld/Documents/KARI\ Creatives/DaBin/native
    write-file /tmp/DaBin-AppStore-2026-10-02-SWUyJN/derived-data-final/Build/Intermediates.noindex/ArchiveIntermediates/DaBin/IntermediateBuildFilesPath/DaBin.build/Release/DaBin.build/DerivedSources/Entitlements.plist

WriteAuxiliaryFile /tmp/DaBin-AppStore-2026-10-02-SWUyJN/derived-data-final/Build/Intermediates.noindex/ArchiveIntermediates/DaBin/IntermediateBuildFilesPath/DaBin.build/Release/DaBin.build/Objects-normal/arm64/DaBin.LinkFileList (in target 'DaBin' from project 'DaBin')
    cd /Users/roeylibfeld/Documents/KARI\ Creatives/DaBin/native
    write-file /tmp/DaBin-AppStore-2026-10-02-SWUyJN/derived-data-final/Build/Intermediates.noindex/ArchiveIntermediates/DaBin/IntermediateBuildFilesPath/DaBin.build/Release/DaBin.build/Objects-normal/arm64/DaBin.LinkFileList

WriteAuxiliaryFile /tmp/DaBin-AppStore-2026-10-02-SWUyJN/derived-data-final/Build/Intermediates.noindex/ArchiveIntermediates/DaBin/IntermediateBuildFilesPath/DaBin.build/Release/DaBin.build/Objects-normal/arm64/DaBin.SwiftFileList (in target 'DaBin' from project 'DaBin')
    cd /Users/roeylibfeld/Documents/KARI\ Creatives/DaBin/native
    write-file /tmp/DaBin-AppStore-2026-10-02-SWUyJN/derived-data-final/Build/Intermediates.noindex/ArchiveIntermediates/DaBin/IntermediateBuildFilesPath/DaBin.build/Release/DaBin.build/Objects-normal/arm64/DaBin.SwiftFileList

WriteAuxiliaryFile /tmp/DaBin-AppStore-2026-10-02-SWUyJN/derived-data-final/Build/Intermediates.noindex/ArchiveIntermediates/DaBin/IntermediateBuildFilesPath/DaBin.build/Release/DaBin.build/Objects-normal/arm64/DaBin_const_extract_protocols.json (in target 'DaBin' from project 'DaBin')
    cd /Users/roeylibfeld/Documents/KARI\ Creatives/DaBin/native
    write-file /tmp/DaBin-AppStore-2026-10-02-SWUyJN/derived-data-final/Build/Intermediates.noindex/ArchiveIntermediates/DaBin/IntermediateBuildFilesPath/DaBin.build/Release/DaBin.build/Objects-normal/arm64/DaBin_const_extract_protocols.json

WriteAuxiliaryFile /tmp/DaBin-AppStore-2026-10-02-SWUyJN/derived-data-final/Build/Intermediates.noindex/ArchiveIntermediates/DaBin/IntermediateBuildFilesPath/DaBin.build/Release/DaBin.build/Objects-normal/arm64/DaBin.SwiftConstValuesFileList (in target 'DaBin' from project 'DaBin')
    cd /Users/roeylibfeld/Documents/KARI\ Creatives/DaBin/native
    write-file /tmp/DaBin-AppStore-2026-10-02-SWUyJN/derived-data-final/Build/Intermediates.noindex/ArchiveIntermediates/DaBin/IntermediateBuildFilesPath/DaBin.build/Release/DaBin.build/Objects-normal/arm64/DaBin.SwiftConstValuesFileList

WriteAuxiliaryFile /tmp/DaBin-AppStore-2026-10-02-SWUyJN/derived-data-final/Build/Intermediates.noindex/ArchiveIntermediates/DaBin/IntermediateBuildFilesPath/DaBin.build/Release/DaBin.build/Objects-normal/arm64/DaBin-OutputFileMap.json (in target 'DaBin' from project 'DaBin')
    cd /Users/roeylibfeld/Documents/KARI\ Creatives/DaBin/native
    write-file /tmp/DaBin-AppStore-2026-10-02-SWUyJN/derived-data-final/Build/Intermediates.noindex/ArchiveIntermediates/DaBin/IntermediateBuildFilesPath/DaBin.build/Release/DaBin.build/Objects-normal/arm64/DaBin-OutputFileMap.json

SymLink /tmp/DaBin-AppStore-2026-10-02-SWUyJN/derived-data-final/Build/Intermediates.noindex/ArchiveIntermediates/DaBin/BuildProductsPath/Release/DaBin.app ../../InstallationBuildProductsLocation/Applications/DaBin.app (in target 'DaBin' from project 'DaBin')
    cd /Users/roeylibfeld/Documents/KARI\ Creatives/DaBin/native
    /bin/ln -sfh ../../InstallationBuildProductsLocation/Applications/DaBin.app /tmp/DaBin-AppStore-2026-10-02-SWUyJN/derived-data-final/Build/Intermediates.noindex/ArchiveIntermediates/DaBin/BuildProductsPath/Release/DaBin.app

MkDir /tmp/DaBin-AppStore-2026-10-02-SWUyJN/derived-data-final/Build/Intermediates.noindex/ArchiveIntermediates/DaBin/InstallationBuildProductsLocation/Applications/DaBin.app (in target 'DaBin' from project 'DaBin')
    cd /Users/roeylibfeld/Documents/KARI\ Creatives/DaBin/native
    /bin/mkdir -p /tmp/DaBin-AppStore-2026-10-02-SWUyJN/derived-data-final/Build/Intermediates.noindex/ArchiveIntermediates/DaBin/InstallationBuildProductsLocation/Applications/DaBin.app

MkDir /tmp/DaBin-AppStore-2026-10-02-SWUyJN/derived-data-final/Build/Intermediates.noindex/ArchiveIntermediates/DaBin/InstallationBuildProductsLocation/Applications/DaBin.app/Contents (in target 'DaBin' from project 'DaBin')
    cd /Users/roeylibfeld/Documents/KARI\ Creatives/DaBin/native
    /bin/mkdir -p /tmp/DaBin-AppStore-2026-10-02-SWUyJN/derived-data-final/Build/Intermediates.noindex/ArchiveIntermediates/DaBin/InstallationBuildProductsLocation/Applications/DaBin.app/Contents

MkDir /tmp/DaBin-AppStore-2026-10-02-SWUyJN/derived-data-final/Build/Intermediates.noindex/ArchiveIntermediates/DaBin/InstallationBuildProductsLocation/Applications/DaBin.app/Contents/MacOS (in target 'DaBin' from project 'DaBin')
    cd /Users/roeylibfeld/Documents/KARI\ Creatives/DaBin/native
    /bin/mkdir -p /tmp/DaBin-AppStore-2026-10-02-SWUyJN/derived-data-final/Build/Intermediates.noindex/ArchiveIntermediates/DaBin/InstallationBuildProductsLocation/Applications/DaBin.app/Contents/MacOS

MkDir /tmp/DaBin-AppStore-2026-10-02-SWUyJN/derived-data-final/Build/Intermediates.noindex/ArchiveIntermediates/DaBin/InstallationBuildProductsLocation/Applications/DaBin.app/Contents/Resources (in target 'DaBin' from project 'DaBin')
    cd /Users/roeylibfeld/Documents/KARI\ Creatives/DaBin/native
    /bin/mkdir -p /tmp/DaBin-AppStore-2026-10-02-SWUyJN/derived-data-final/Build/Intermediates.noindex/ArchiveIntermediates/DaBin/InstallationBuildProductsLocation/Applications/DaBin.app/Contents/Resources

ProcessProductPackaging /Users/roeylibfeld/Documents/KARI\ Creatives/DaBin/native/Resources/DaBin.entitlements /tmp/DaBin-AppStore-2026-10-02-SWUyJN/derived-data-final/Build/Intermediates.noindex/ArchiveIntermediates/DaBin/IntermediateBuildFilesPath/DaBin.build/Release/DaBin.build/DaBin.app.xcent (in target 'DaBin' from project 'DaBin')
    cd /Users/roeylibfeld/Documents/KARI\ Creatives/DaBin/native

    Entitlements:

    {
    "com.apple.security.app-sandbox" = 1;
    "com.apple.security.files.bookmarks.app-scope" = 1;
    "com.apple.security.files.user-selected.read-write" = 1;
    "com.apple.security.network.client" = 1;
}

    builtin-productPackagingUtility /Users/roeylibfeld/Documents/KARI\ Creatives/DaBin/native/Resources/DaBin.entitlements -entitlements -format xml -o /tmp/DaBin-AppStore-2026-10-02-SWUyJN/derived-data-final/Build/Intermediates.noindex/ArchiveIntermediates/DaBin/IntermediateBuildFilesPath/DaBin.build/Release/DaBin.build/DaBin.app.xcent

ProcessProductPackagingDER /tmp/DaBin-AppStore-2026-10-02-SWUyJN/derived-data-final/Build/Intermediates.noindex/ArchiveIntermediates/DaBin/IntermediateBuildFilesPath/DaBin.build/Release/DaBin.build/DaBin.app.xcent /tmp/DaBin-AppStore-2026-10-02-SWUyJN/derived-data-final/Build/Intermediates.noindex/ArchiveIntermediates/DaBin/IntermediateBuildFilesPath/DaBin.build/Release/DaBin.build/DaBin.app.xcent.der (in target 'DaBin' from project 'DaBin')
    cd /Users/roeylibfeld/Documents/KARI\ Creatives/DaBin/native
    /usr/bin/derq query -f xml -i /tmp/DaBin-AppStore-2026-10-02-SWUyJN/derived-data-final/Build/Intermediates.noindex/ArchiveIntermediates/DaBin/IntermediateBuildFilesPath/DaBin.build/Release/DaBin.build/DaBin.app.xcent -o /tmp/DaBin-AppStore-2026-10-02-SWUyJN/derived-data-final/Build/Intermediates.noindex/ArchiveIntermediates/DaBin/IntermediateBuildFilesPath/DaBin.build/Release/DaBin.build/DaBin.app.xcent.der --raw

ProcessInfoPlistFile /tmp/DaBin-AppStore-2026-10-02-SWUyJN/derived-data-final/Build/Intermediates.noindex/ArchiveIntermediates/DaBin/InstallationBuildProductsLocation/Applications/DaBin.app/Contents/Info.plist /private/tmp/DaBin-AppStore-2026-10-02-SWUyJN/Store-Info-final.plist (in target 'DaBin' from project 'DaBin')
    cd /Users/roeylibfeld/Documents/KARI\ Creatives/DaBin/native
    builtin-infoPlistUtility /private/tmp/DaBin-AppStore-2026-10-02-SWUyJN/Store-Info-final.plist -producttype com.apple.product-type.application -genpkginfo /tmp/DaBin-AppStore-2026-10-02-SWUyJN/derived-data-final/Build/Intermediates.noindex/ArchiveIntermediates/DaBin/InstallationBuildProductsLocation/Applications/DaBin.app/Contents/PkgInfo -expandbuildsettings -platform macosx -o /tmp/DaBin-AppStore-2026-10-02-SWUyJN/derived-data-final/Build/Intermediates.noindex/ArchiveIntermediates/DaBin/InstallationBuildProductsLocation/Applications/DaBin.app/Contents/Info.plist

CpResource /tmp/DaBin-AppStore-2026-10-02-SWUyJN/derived-data-final/Build/Intermediates.noindex/ArchiveIntermediates/DaBin/InstallationBuildProductsLocation/Applications/DaBin.app/Contents/Resources/robot.svg /Users/roeylibfeld/Documents/KARI\ Creatives/DaBin/native/Resources/robot.svg (in target 'DaBin' from project 'DaBin')
    cd /Users/roeylibfeld/Documents/KARI\ Creatives/DaBin/native
    builtin-copy -exclude .DS_Store -exclude CVS -exclude .svn -exclude .git -exclude .hg -strip-unsigned-binaries -strip-deterministic -strip-tool /Applications/Xcode.app/Contents/Developer/Toolchains/XcodeDefault.xctoolchain/usr/bin/strip -resolve-src-symlinks /Users/roeylibfeld/Documents/KARI\ Creatives/DaBin/native/Resources/robot.svg /tmp/DaBin-AppStore-2026-10-02-SWUyJN/derived-data-final/Build/Intermediates.noindex/ArchiveIntermediates/DaBin/InstallationBuildProductsLocation/Applications/DaBin.app/Contents/Resources

CpResource /tmp/DaBin-AppStore-2026-10-02-SWUyJN/derived-data-final/Build/Intermediates.noindex/ArchiveIntermediates/DaBin/InstallationBuildProductsLocation/Applications/DaBin.app/Contents/Resources/AppIcon.icns /Users/roeylibfeld/Documents/KARI\ Creatives/DaBin/native/Resources/AppIcon.icns (in target 'DaBin' from project 'DaBin')
    cd /Users/roeylibfeld/Documents/KARI\ Creatives/DaBin/native
    builtin-copy -exclude .DS_Store -exclude CVS -exclude .svn -exclude .git -exclude .hg -strip-unsigned-binaries -strip-deterministic -strip-tool /Applications/Xcode.app/Contents/Developer/Toolchains/XcodeDefault.xctoolchain/usr/bin/strip -resolve-src-symlinks /Users/roeylibfeld/Documents/KARI\ Creatives/DaBin/native/Resources/AppIcon.icns /tmp/DaBin-AppStore-2026-10-02-SWUyJN/derived-data-final/Build/Intermediates.noindex/ArchiveIntermediates/DaBin/InstallationBuildProductsLocation/Applications/DaBin.app/Contents/Resources

CpResource /tmp/DaBin-AppStore-2026-10-02-SWUyJN/derived-data-final/Build/Intermediates.noindex/ArchiveIntermediates/DaBin/InstallationBuildProductsLocation/Applications/DaBin.app/Contents/Resources/PrivacyPolicy.md /Users/roeylibfeld/Documents/KARI\ Creatives/DaBin/native/Resources/PrivacyPolicy.md (in target 'DaBin' from project 'DaBin')
    cd /Users/roeylibfeld/Documents/KARI\ Creatives/DaBin/native
    builtin-copy -exclude .DS_Store -exclude CVS -exclude .svn -exclude .git -exclude .hg -strip-unsigned-binaries -strip-deterministic -strip-tool /Applications/Xcode.app/Contents/Developer/Toolchains/XcodeDefault.xctoolchain/usr/bin/strip -resolve-src-symlinks /Users/roeylibfeld/Documents/KARI\ Creatives/DaBin/native/Resources/PrivacyPolicy.md /tmp/DaBin-AppStore-2026-10-02-SWUyJN/derived-data-final/Build/Intermediates.noindex/ArchiveIntermediates/DaBin/InstallationBuildProductsLocation/Applications/DaBin.app/Contents/Resources

CpResource /tmp/DaBin-AppStore-2026-10-02-SWUyJN/derived-data-final/Build/Intermediates.noindex/ArchiveIntermediates/DaBin/InstallationBuildProductsLocation/Applications/DaBin.app/Contents/Resources/PrivacyInfo.xcprivacy /Users/roeylibfeld/Documents/KARI\ Creatives/DaBin/native/Resources/PrivacyInfo.xcprivacy (in target 'DaBin' from project 'DaBin')
    cd /Users/roeylibfeld/Documents/KARI\ Creatives/DaBin/native
    builtin-copy -exclude .DS_Store -exclude CVS -exclude .svn -exclude .git -exclude .hg -strip-unsigned-binaries -strip-deterministic -strip-tool /Applications/Xcode.app/Contents/Developer/Toolchains/XcodeDefault.xctoolchain/usr/bin/strip -resolve-src-symlinks /Users/roeylibfeld/Documents/KARI\ Creatives/DaBin/native/Resources/PrivacyInfo.xcprivacy /tmp/DaBin-AppStore-2026-10-02-SWUyJN/derived-data-final/Build/Intermediates.noindex/ArchiveIntermediates/DaBin/InstallationBuildProductsLocation/Applications/DaBin.app/Contents/Resources

SwiftDriver DaBin normal arm64 com.apple.xcode.tools.swift.compiler (in target 'DaBin' from project 'DaBin')
    cd /Users/roeylibfeld/Documents/KARI\ Creatives/DaBin/native
    builtin-SwiftDriver -- /Applications/Xcode.app/Contents/Developer/Toolchains/XcodeDefault.xctoolchain/usr/bin/swiftc -module-name DaBin -O -whole-module-optimization @/tmp/DaBin-AppStore-2026-10-02-SWUyJN/derived-data-final/Build/Intermediates.noindex/ArchiveIntermediates/DaBin/IntermediateBuildFilesPath/DaBin.build/Release/DaBin.build/Objects-normal/arm64/DaBin.SwiftFileList -enable-bare-slash-regex -enable-experimental-feature DebugDescriptionMacro -sdk /Applications/Xcode.app/Contents/Developer/Platforms/MacOSX.platform/Developer/SDKs/MacOSX27.0.sdk -target arm64-apple-macos14.0 -g -module-cache-path /tmp/DaBin-AppStore-2026-10-02-SWUyJN/derived-data-final/ModuleCache.noindex -Xfrontend -serialize-debugging-options -warnings-as-errors -swift-version 5 -I /tmp/DaBin-AppStore-2026-10-02-SWUyJN/derived-data-final/Build/Intermediates.noindex/ArchiveIntermediates/DaBin/BuildProductsPath/Release -F /tmp/DaBin-AppStore-2026-10-02-SWUyJN/derived-data-final/Build/Intermediates.noindex/ArchiveIntermediates/DaBin/BuildProductsPath/Release -c -num-threads 15 -Xcc -ivfsstatcache -Xcc /tmp/DaBin-AppStore-2026-10-02-SWUyJN/derived-data-final/SDKStatCaches.noindex/macosx27.0-26A425-7231f6df4def33e022ae2eb8f782df1a.sdkstatcache -output-file-map /tmp/DaBin-AppStore-2026-10-02-SWUyJN/derived-data-final/Build/Intermediates.noindex/ArchiveIntermediates/DaBin/IntermediateBuildFilesPath/DaBin.build/Release/DaBin.build/Objects-normal/arm64/DaBin-OutputFileMap.json -save-temps -no-color-diagnostics -explicit-module-build -module-cache-path /tmp/DaBin-AppStore-2026-10-02-SWUyJN/derived-data-final/Build/Intermediates.noindex/ArchiveIntermediates/DaBin/IntermediateBuildFilesPath/SwiftExplicitPrecompiledModules -clang-scanner-module-cache-path /tmp/DaBin-AppStore-2026-10-02-SWUyJN/derived-data-final/ModuleCache.noindex -sdk-module-cache-path /tmp/DaBin-AppStore-2026-10-02-SWUyJN/derived-data-final/SDKExplicitPrecompiledModules -emit-dependencies -emit-module -emit-module-path /tmp/DaBin-AppStore-2026-10-02-SWUyJN/derived-data-final/Build/Intermediates.noindex/ArchiveIntermediates/DaBin/IntermediateBuildFilesPath/DaBin.build/Release/DaBin.build/Objects-normal/arm64/DaBin.swiftmodule -serialize-diagnostics -dependency-scan-serialize-diagnostics-path /tmp/DaBin-AppStore-2026-10-02-SWUyJN/derived-data-final/Build/Intermediates.noindex/ArchiveIntermediates/DaBin/IntermediateBuildFilesPath/DaBin.build/Release/DaBin.build/Objects-normal/arm64/DaBin-dependency-scan.dia -validate-clang-modules-once -clang-build-session-file /tmp/DaBin-AppStore-2026-10-02-SWUyJN/derived-data-final/ModuleCache.noindex/Session.modulevalidation -Xcc -fmodules-prune-interval\=86400 -Xcc -fmodules-prune-after\=345600 -emit-const-values -const-gather-protocols-list /tmp/DaBin-AppStore-2026-10-02-SWUyJN/derived-data-final/Build/Intermediates.noindex/ArchiveIntermediates/DaBin/IntermediateBuildFilesPath/DaBin.build/Release/DaBin.build/Objects-normal/arm64/DaBin_const_extract_protocols.json -Xcc -iquote -Xcc /tmp/DaBin-AppStore-2026-10-02-SWUyJN/derived-data-final/Build/Intermediates.noindex/ArchiveIntermediates/DaBin/IntermediateBuildFilesPath/DaBin.build/Release/DaBin.build/DaBin-generated-files.hmap -Xcc -I/tmp/DaBin-AppStore-2026-10-02-SWUyJN/derived-data-final/Build/Intermediates.noindex/ArchiveIntermediates/DaBin/IntermediateBuildFilesPath/DaBin.build/Release/DaBin.build/DaBin-own-target-headers.hmap -Xcc -I/tmp/DaBin-AppStore-2026-10-02-SWUyJN/derived-data-final/Build/Intermediates.noindex/ArchiveIntermediates/DaBin/IntermediateBuildFilesPath/DaBin.build/Release/DaBin.build/DaBin-all-target-headers.hmap -Xcc -iquote -Xcc /tmp/DaBin-AppStore-2026-10-02-SWUyJN/derived-data-final/Build/Intermediates.noindex/ArchiveIntermediates/DaBin/IntermediateBuildFilesPath/DaBin.build/Release/DaBin.build/DaBin-project-headers.hmap -Xcc -I/tmp/DaBin-AppStore-2026-10-02-SWUyJN/derived-data-final/Build/Intermediates.noindex/ArchiveIntermediates/DaBin/BuildProductsPath/Release/include -Xcc -I/tmp/DaBin-AppStore-2026-10-02-SWUyJN/derived-data-final/Build/Intermediates.noindex/ArchiveIntermediates/DaBin/IntermediateBuildFilesPath/DaBin.build/Release/DaBin.build/DerivedSources-normal/arm64 -Xcc -I/tmp/DaBin-AppStore-2026-10-02-SWUyJN/derived-data-final/Build/Intermediates.noindex/ArchiveIntermediates/DaBin/IntermediateBuildFilesPath/DaBin.build/Release/DaBin.build/DerivedSources/arm64 -Xcc -I/tmp/DaBin-AppStore-2026-10-02-SWUyJN/derived-data-final/Build/Intermediates.noindex/ArchiveIntermediates/DaBin/IntermediateBuildFilesPath/DaBin.build/Release/DaBin.build/DerivedSources -emit-objc-header -emit-objc-header-path /tmp/DaBin-AppStore-2026-10-02-SWUyJN/derived-data-final/Build/Intermediates.noindex/ArchiveIntermediates/DaBin/IntermediateBuildFilesPath/DaBin.build/Release/DaBin.build/Objects-normal/arm64/DaBin-Swift.h -working-directory /Users/roeylibfeld/Documents/KARI\ Creatives/DaBin/native -no-emit-module-separately-wmo

SwiftDriver\ Compilation DaBin normal arm64 com.apple.xcode.tools.swift.compiler (in target 'DaBin' from project 'DaBin')
    cd /Users/roeylibfeld/Documents/KARI\ Creatives/DaBin/native
    builtin-Swift-Compilation -- /Applications/Xcode.app/Contents/Developer/Toolchains/XcodeDefault.xctoolchain/usr/bin/swiftc -module-name DaBin -O -whole-module-optimization @/tmp/DaBin-AppStore-2026-10-02-SWUyJN/derived-data-final/Build/Intermediates.noindex/ArchiveIntermediates/DaBin/IntermediateBuildFilesPath/DaBin.build/Release/DaBin.build/Objects-normal/arm64/DaBin.SwiftFileList -enable-bare-slash-regex -enable-experimental-feature DebugDescriptionMacro -sdk /Applications/Xcode.app/Contents/Developer/Platforms/MacOSX.platform/Developer/SDKs/MacOSX27.0.sdk -target arm64-apple-macos14.0 -g -module-cache-path /tmp/DaBin-AppStore-2026-10-02-SWUyJN/derived-data-final/ModuleCache.noindex -Xfrontend -serialize-debugging-options -warnings-as-errors -swift-version 5 -I /tmp/DaBin-AppStore-2026-10-02-SWUyJN/derived-data-final/Build/Intermediates.noindex/ArchiveIntermediates/DaBin/BuildProductsPath/Release -F /tmp/DaBin-AppStore-2026-10-02-SWUyJN/derived-data-final/Build/Intermediates.noindex/ArchiveIntermediates/DaBin/BuildProductsPath/Release -c -num-threads 15 -Xcc -ivfsstatcache -Xcc /tmp/DaBin-AppStore-2026-10-02-SWUyJN/derived-data-final/SDKStatCaches.noindex/macosx27.0-26A425-7231f6df4def33e022ae2eb8f782df1a.sdkstatcache -output-file-map /tmp/DaBin-AppStore-2026-10-02-SWUyJN/derived-data-final/Build/Intermediates.noindex/ArchiveIntermediates/DaBin/IntermediateBuildFilesPath/DaBin.build/Release/DaBin.build/Objects-normal/arm64/DaBin-OutputFileMap.json -save-temps -no-color-diagnostics -explicit-module-build -module-cache-path /tmp/DaBin-AppStore-2026-10-02-SWUyJN/derived-data-final/Build/Intermediates.noindex/ArchiveIntermediates/DaBin/IntermediateBuildFilesPath/SwiftExplicitPrecompiledModules -clang-scanner-module-cache-path /tmp/DaBin-AppStore-2026-10-02-SWUyJN/derived-data-final/ModuleCache.noindex -sdk-module-cache-path /tmp/DaBin-AppStore-2026-10-02-SWUyJN/derived-data-final/SDKExplicitPrecompiledModules -emit-dependencies -emit-module -emit-module-path /tmp/DaBin-AppStore-2026-10-02-SWUyJN/derived-data-final/Build/Intermediates.noindex/ArchiveIntermediates/DaBin/IntermediateBuildFilesPath/DaBin.build/Release/DaBin.build/Objects-normal/arm64/DaBin.swiftmodule -serialize-diagnostics -dependency-scan-serialize-diagnostics-path /tmp/DaBin-AppStore-2026-10-02-SWUyJN/derived-data-final/Build/Intermediates.noindex/ArchiveIntermediates/DaBin/IntermediateBuildFilesPath/DaBin.build/Release/DaBin.build/Objects-normal/arm64/DaBin-dependency-scan.dia -validate-clang-modules-once -clang-build-session-file /tmp/DaBin-AppStore-2026-10-02-SWUyJN/derived-data-final/ModuleCache.noindex/Session.modulevalidation -Xcc -fmodules-prune-interval\=86400 -Xcc -fmodules-prune-after\=345600 -emit-const-values -const-gather-protocols-list /tmp/DaBin-AppStore-2026-10-02-SWUyJN/derived-data-final/Build/Intermediates.noindex/ArchiveIntermediates/DaBin/IntermediateBuildFilesPath/DaBin.build/Release/DaBin.build/Objects-normal/arm64/DaBin_const_extract_protocols.json -Xcc -iquote -Xcc /tmp/DaBin-AppStore-2026-10-02-SWUyJN/derived-data-final/Build/Intermediates.noindex/ArchiveIntermediates/DaBin/IntermediateBuildFilesPath/DaBin.build/Release/DaBin.build/DaBin-generated-files.hmap -Xcc -I/tmp/DaBin-AppStore-2026-10-02-SWUyJN/derived-data-final/Build/Intermediates.noindex/ArchiveIntermediates/DaBin/IntermediateBuildFilesPath/DaBin.build/Release/DaBin.build/DaBin-own-target-headers.hmap -Xcc -I/tmp/DaBin-AppStore-2026-10-02-SWUyJN/derived-data-final/Build/Intermediates.noindex/ArchiveIntermediates/DaBin/IntermediateBuildFilesPath/DaBin.build/Release/DaBin.build/DaBin-all-target-headers.hmap -Xcc -iquote -Xcc /tmp/DaBin-AppStore-2026-10-02-SWUyJN/derived-data-final/Build/Intermediates.noindex/ArchiveIntermediates/DaBin/IntermediateBuildFilesPath/DaBin.build/Release/DaBin.build/DaBin-project-headers.hmap -Xcc -I/tmp/DaBin-AppStore-2026-10-02-SWUyJN/derived-data-final/Build/Intermediates.noindex/ArchiveIntermediates/DaBin/BuildProductsPath/Release/include -Xcc -I/tmp/DaBin-AppStore-2026-10-02-SWUyJN/derived-data-final/Build/Intermediates.noindex/ArchiveIntermediates/DaBin/IntermediateBuildFilesPath/DaBin.build/Release/DaBin.build/DerivedSources-normal/arm64 -Xcc -I/tmp/DaBin-AppStore-2026-10-02-SWUyJN/derived-data-final/Build/Intermediates.noindex/ArchiveIntermediates/DaBin/IntermediateBuildFilesPath/DaBin.build/Release/DaBin.build/DerivedSources/arm64 -Xcc -I/tmp/DaBin-AppStore-2026-10-02-SWUyJN/derived-data-final/Build/Intermediates.noindex/ArchiveIntermediates/DaBin/IntermediateBuildFilesPath/DaBin.build/Release/DaBin.build/DerivedSources -emit-objc-header -emit-objc-header-path /tmp/DaBin-AppStore-2026-10-02-SWUyJN/derived-data-final/Build/Intermediates.noindex/ArchiveIntermediates/DaBin/IntermediateBuildFilesPath/DaBin.build/Release/DaBin.build/Objects-normal/arm64/DaBin-Swift.h -working-directory /Users/roeylibfeld/Documents/KARI\ Creatives/DaBin/native -no-emit-module-separately-wmo

SwiftExplicitDependencyGeneratePcm arm64 /tmp/DaBin-AppStore-2026-10-02-SWUyJN/derived-data-final/SDKExplicitPrecompiledModules/_Builtin_stdarg-23EAUN0WH6BZ9O9WC72QIVF0O.pcm

SwiftExplicitDependencyGeneratePcm arm64 /tmp/DaBin-AppStore-2026-10-02-SWUyJN/derived-data-final/SDKExplicitPrecompiledModules/ptrcheck-7XRLDBIJEDQHB5YF8QMMM97AR.pcm

SwiftExplicitDependencyGeneratePcm arm64 /tmp/DaBin-AppStore-2026-10-02-SWUyJN/derived-data-final/SDKExplicitPrecompiledModules/_Builtin_float-EC01AWP7D9CWVM82XO01JN0RV.pcm

SwiftExplicitDependencyGeneratePcm arm64 /tmp/DaBin-AppStore-2026-10-02-SWUyJN/derived-data-final/SDKExplicitPrecompiledModules/DeveloperToolsSupport-15MX6C5XSDPUYZGJ2O5SFY2YG.pcm

SwiftExplicitDependencyGeneratePcm arm64 /tmp/DaBin-AppStore-2026-10-02-SWUyJN/derived-data-final/SDKExplicitPrecompiledModules/SwiftShims-97Y3SEZ8H723MQQ9O3150IHGH.pcm

SwiftExplicitDependencyGeneratePcm arm64 /tmp/DaBin-AppStore-2026-10-02-SWUyJN/derived-data-final/SDKExplicitPrecompiledModules/ptrauth-DB1J3M1QTBESRHE6WV4XT2ZK8.pcm

SwiftExplicitDependencyGeneratePcm arm64 /tmp/DaBin-AppStore-2026-10-02-SWUyJN/derived-data-final/SDKExplicitPrecompiledModules/_Builtin_stdbool-8M8XC5CLWNF3QA40X64DIYULX.pcm

SwiftExplicitDependencyGeneratePcm arm64 /tmp/DaBin-AppStore-2026-10-02-SWUyJN/derived-data-final/SDKExplicitPrecompiledModules/_Builtin_stddef-965697GTG4VFI8M1AKA9JY8NZ.pcm

SwiftExplicitDependencyGeneratePcm arm64 /tmp/DaBin-AppStore-2026-10-02-SWUyJN/derived-data-final/SDKExplicitPrecompiledModules/_SwiftConcurrencyShims-CTMCNCRG47X0PZ09EUJEVYW87.pcm

SwiftExplicitDependencyGeneratePcm arm64 /tmp/DaBin-AppStore-2026-10-02-SWUyJN/derived-data-final/SDKExplicitPrecompiledModules/_AvailabilityInternal-D26WHJXRFT8SCCQD6WOQMQ2JY.pcm

SwiftExplicitDependencyGeneratePcm arm64 /tmp/DaBin-AppStore-2026-10-02-SWUyJN/derived-data-final/SDKExplicitPrecompiledModules/_DarwinFoundation1-369AGJUKZQXW5NW1UOAWHSVK5.pcm

SwiftExplicitDependencyGeneratePcm arm64 /tmp/DaBin-AppStore-2026-10-02-SWUyJN/derived-data-final/SDKExplicitPrecompiledModules/_DarwinFoundation2-17PCARDAVX16BF8D85181ILP3.pcm

SwiftExplicitDependencyGeneratePcm arm64 /tmp/DaBin-AppStore-2026-10-02-SWUyJN/derived-data-final/SDKExplicitPrecompiledModules/ExtensionFoundation-5FBOES0XQ6WXQXR5HNJ5BX64N.pcm

SwiftExplicitDependencyGeneratePcm arm64 /tmp/DaBin-AppStore-2026-10-02-SWUyJN/derived-data-final/SDKExplicitPrecompiledModules/_Builtin_limits-4CDHU8EKWABNXSAVY5GFZIU3I.pcm

SwiftExplicitDependencyGeneratePcm arm64 /tmp/DaBin-AppStore-2026-10-02-SWUyJN/derived-data-final/SDKExplicitPrecompiledModules/string_h-UKZIY1HWLI53HFPIOHFFORX8.pcm

SwiftExplicitDependencyGeneratePcm arm64 /tmp/DaBin-AppStore-2026-10-02-SWUyJN/derived-data-final/SDKExplicitPrecompiledModules/_Builtin_tgmath-AU5UKOUBRBM86ZAQCYDOP4H59.pcm

SwiftExplicitDependencyGeneratePcm arm64 /tmp/DaBin-AppStore-2026-10-02-SWUyJN/derived-data-final/SDKExplicitPrecompiledModules/sys_types-A4L2X99FOZUHJPCMF2C16T675.pcm

SwiftExplicitDependencyGeneratePcm arm64 /tmp/DaBin-AppStore-2026-10-02-SWUyJN/derived-data-final/SDKExplicitPrecompiledModules/_Builtin_stdint-C6PQDYWQFX56A49FSZ5UGSNMQ.pcm

SwiftExplicitDependencyGeneratePcm arm64 /tmp/DaBin-AppStore-2026-10-02-SWUyJN/derived-data-final/SDKExplicitPrecompiledModules/libDER-7PS2VHGWAS0AQV2NTI801YQ6Q.pcm

SwiftExplicitDependencyGeneratePcm arm64 /tmp/DaBin-AppStore-2026-10-02-SWUyJN/derived-data-final/SDKExplicitPrecompiledModules/_Builtin_intrinsics-4UU43VWTENE8A4G5JY0PXHM75.pcm

SwiftExplicitDependencyGeneratePcm arm64 /tmp/DaBin-AppStore-2026-10-02-SWUyJN/derived-data-final/SDKExplicitPrecompiledModules/_DarwinFoundation3-39BV1KSE635LBKQXVU2GIBPP8.pcm

SwiftExplicitDependencyGeneratePcm arm64 /tmp/DaBin-AppStore-2026-10-02-SWUyJN/derived-data-final/SDKExplicitPrecompiledModules/_Builtin_stdatomic-5JIDA1TKDJBXABKRCK50139B.pcm

SwiftExplicitDependencyGeneratePcm arm64 /tmp/DaBin-AppStore-2026-10-02-SWUyJN/derived-data-final/SDKExplicitPrecompiledModules/_Builtin_inttypes-C70IKLAS26JC86AGJXSLX1LZ8.pcm

SwiftExplicitDependencyGeneratePcm arm64 /tmp/DaBin-AppStore-2026-10-02-SWUyJN/derived-data-final/SDKExplicitPrecompiledModules/Darwin-DRD1S65OGU265AME50WKKNDBT.pcm

SwiftExplicitDependencyGeneratePcm arm64 /tmp/DaBin-AppStore-2026-10-02-SWUyJN/derived-data-final/SDKExplicitPrecompiledModules/simd-6Z2YKV58W904QBW511A20A5KU.pcm

SwiftExplicitDependencyGeneratePcm arm64 /tmp/DaBin-AppStore-2026-10-02-SWUyJN/derived-data-final/SDKExplicitPrecompiledModules/Compression-57MIOFS8W5DPP8X6SNYQZSNT0.pcm

SwiftExplicitDependencyGeneratePcm arm64 /tmp/DaBin-AppStore-2026-10-02-SWUyJN/derived-data-final/SDKExplicitPrecompiledModules/launch-8VGNAAOB7HLQQRWFXPMXYOU3S.pcm

SwiftExplicitDependencyGeneratePcm arm64 /tmp/DaBin-AppStore-2026-10-02-SWUyJN/derived-data-final/SDKExplicitPrecompiledModules/libkern-5TZCUU7PQBAZ4TMVK60PTYSAH.pcm

SwiftExplicitDependencyGeneratePcm arm64 /tmp/DaBin-AppStore-2026-10-02-SWUyJN/derived-data-final/SDKExplicitPrecompiledModules/CUPS-4MJUWI9WDBSKLE25BB5ZVKRV1.pcm

SwiftExplicitDependencyGeneratePcm arm64 /tmp/DaBin-AppStore-2026-10-02-SWUyJN/derived-data-final/SDKExplicitPrecompiledModules/MachO-3V463GW6WXSRI3435NHSN3C26.pcm

SwiftExplicitDependencyGeneratePcm arm64 /tmp/DaBin-AppStore-2026-10-02-SWUyJN/derived-data-final/SDKExplicitPrecompiledModules/Spatial-6P78WJY1ZQIYH4C7X9FM6HYO1.pcm

SwiftExplicitDependencyGeneratePcm arm64 /tmp/DaBin-AppStore-2026-10-02-SWUyJN/derived-data-final/SDKExplicitPrecompiledModules/ObjectiveC-6HFM4YJ5FRDO2MB56838RD0JI.pcm

SwiftExplicitDependencyGeneratePcm arm64 /tmp/DaBin-AppStore-2026-10-02-SWUyJN/derived-data-final/SDKExplicitPrecompiledModules/os_object-4DJ3M1OYLK9734EYRWHX4KLT4.pcm

SwiftExplicitDependencyGeneratePcm arm64 /tmp/DaBin-AppStore-2026-10-02-SWUyJN/derived-data-final/SDKExplicitPrecompiledModules/os_workgroup-8Z59UNXJVPWU64XACQQJFK0Q9.pcm

SwiftExplicitDependencyGeneratePcm arm64 /tmp/DaBin-AppStore-2026-10-02-SWUyJN/derived-data-final/SDKExplicitPrecompiledModules/Dispatch-AE6GEZZC8K4Y9DT0PV6LLHM63.pcm

SwiftExplicitDependencyGeneratePcm arm64 /tmp/DaBin-AppStore-2026-10-02-SWUyJN/derived-data-final/SDKExplicitPrecompiledModules/dnssd-2T7JWR40H8CLTFO5HIQP6HRCS.pcm

SwiftExplicitDependencyGeneratePcm arm64 /tmp/DaBin-AppStore-2026-10-02-SWUyJN/derived-data-final/SDKExplicitPrecompiledModules/XPC-6URJA48H8N2R6D4K3URXSPK6B.pcm

SwiftExplicitDependencyGeneratePcm arm64 /tmp/DaBin-AppStore-2026-10-02-SWUyJN/derived-data-final/SDKExplicitPrecompiledModules/CoreFoundation-EP8B7Y9YP5QJWAKXWA2YUKNSX.pcm

SwiftExplicitDependencyGeneratePcm arm64 /tmp/DaBin-AppStore-2026-10-02-SWUyJN/derived-data-final/SDKExplicitPrecompiledModules/os-4OYOK0KA1EXPL306WAQFTNHUK.pcm

SwiftExplicitDependencyGeneratePcm arm64 /tmp/DaBin-AppStore-2026-10-02-SWUyJN/derived-data-final/SDKExplicitPrecompiledModules/IOKit-D7W4HNCYXKLPYVON9WW97X8K6.pcm

SwiftExplicitDependencyGeneratePcm arm64 /tmp/DaBin-AppStore-2026-10-02-SWUyJN/derived-data-final/SDKExplicitPrecompiledModules/Security-8LLPEV5GKR5BIE38OLHZGPZ7A.pcm

SwiftExplicitDependencyGeneratePcm arm64 /tmp/DaBin-AppStore-2026-10-02-SWUyJN/derived-data-final/SDKExplicitPrecompiledModules/CFNetwork-EUJSYPRGEW7VNJ6CFBWARIGMW.pcm

SwiftExplicitDependencyGeneratePcm arm64 /tmp/DaBin-AppStore-2026-10-02-SWUyJN/derived-data-final/SDKExplicitPrecompiledModules/CoreAudioTypes-CPXZKO1OYO15FWFQY53YL2CPG.pcm

SwiftExplicitDependencyGeneratePcm arm64 /tmp/DaBin-AppStore-2026-10-02-SWUyJN/derived-data-final/SDKExplicitPrecompiledModules/ColorSync-7WH77M4HQN3V6919J64VEH5DY.pcm

SwiftExplicitDependencyGeneratePcm arm64 /tmp/DaBin-AppStore-2026-10-02-SWUyJN/derived-data-final/SDKExplicitPrecompiledModules/DiskArbitration-1ESHLD1A04ANNWUJMNAEXG354.pcm

SwiftExplicitDependencyGeneratePcm arm64 /tmp/DaBin-AppStore-2026-10-02-SWUyJN/derived-data-final/SDKExplicitPrecompiledModules/CoreGraphics-AX63UJPFYQBKLXNH643T4S6F7.pcm

SwiftExplicitDependencyGeneratePcm arm64 /tmp/DaBin-AppStore-2026-10-02-SWUyJN/derived-data-final/SDKExplicitPrecompiledModules/CoreServices-2IDC07K9WPK1T0J9AVEXUT2XM.pcm

SwiftExplicitDependencyGeneratePcm arm64 /tmp/DaBin-AppStore-2026-10-02-SWUyJN/derived-data-final/SDKExplicitPrecompiledModules/ImageIO-739L7ZE1Z7HMA3JBT3B0FBEGE.pcm

SwiftExplicitDependencyGeneratePcm arm64 /tmp/DaBin-AppStore-2026-10-02-SWUyJN/derived-data-final/SDKExplicitPrecompiledModules/CoreText-34RQQHEUZJARE8BRPJ30KXYAZ.pcm

SwiftExplicitDependencyGeneratePcm arm64 /tmp/DaBin-AppStore-2026-10-02-SWUyJN/derived-data-final/SDKExplicitPrecompiledModules/Foundation-EY57N6C9KXX6DTX5HUMMRM7IH.pcm

SwiftExplicitDependencyGeneratePcm arm64 /tmp/DaBin-AppStore-2026-10-02-SWUyJN/derived-data-final/SDKExplicitPrecompiledModules/CoreMIDI-6EQA3KLT02993LYRE7YUYXCQR.pcm

SwiftExplicitDependencyGeneratePcm arm64 /tmp/DaBin-AppStore-2026-10-02-SWUyJN/derived-data-final/SDKExplicitPrecompiledModules/Symbols-5GCLUT80YS2LH8G7CKUMOIU76.pcm

SwiftExplicitDependencyGeneratePcm arm64 /tmp/DaBin-AppStore-2026-10-02-SWUyJN/derived-data-final/SDKExplicitPrecompiledModules/DataDetection-AFHWGG25MB250K0MLZN119SS8.pcm

SwiftExplicitDependencyGeneratePcm arm64 /tmp/DaBin-AppStore-2026-10-02-SWUyJN/derived-data-final/SDKExplicitPrecompiledModules/LocalAuthentication-E0T6OZV3JWVWCB9HDYO3KYZTS.pcm

SwiftExplicitDependencyGeneratePcm arm64 /tmp/DaBin-AppStore-2026-10-02-SWUyJN/derived-data-final/SDKExplicitPrecompiledModules/CoreData-ACA45ZMTKS10PZY01QX7YCVT1.pcm

SwiftExplicitDependencyGeneratePcm arm64 /tmp/DaBin-AppStore-2026-10-02-SWUyJN/derived-data-final/SDKExplicitPrecompiledModules/OSLog-48VAT6LM0RJHWG11BGSDYZ4T3.pcm

SwiftExplicitDependencyGeneratePcm arm64 /tmp/DaBin-AppStore-2026-10-02-SWUyJN/derived-data-final/SDKExplicitPrecompiledModules/Accessibility-DFK2SN2AX0INHQ9O930U3663Z.pcm

SwiftExplicitDependencyGeneratePcm arm64 /tmp/DaBin-AppStore-2026-10-02-SWUyJN/derived-data-final/SDKExplicitPrecompiledModules/UserNotifications-6QMEIPR6NLE209C1OTEF7SB02.pcm

SwiftExplicitDependencyGeneratePcm arm64 /tmp/DaBin-AppStore-2026-10-02-SWUyJN/derived-data-final/SDKExplicitPrecompiledModules/CoreTransferable-91HT4DUHXTJ75O8RRO3IETGYM.pcm

SwiftExplicitDependencyGeneratePcm arm64 /tmp/DaBin-AppStore-2026-10-02-SWUyJN/derived-data-final/SDKExplicitPrecompiledModules/CoreAudio-2WLJ8C8E5KK57HLYV6BW494DS.pcm

SwiftExplicitDependencyGeneratePcm arm64 /tmp/DaBin-AppStore-2026-10-02-SWUyJN/derived-data-final/SDKExplicitPrecompiledModules/Network-4W86CMFT61K4ZGRAS9X5PIWXQ.pcm

SwiftExplicitDependencyGeneratePcm arm64 /tmp/DaBin-AppStore-2026-10-02-SWUyJN/derived-data-final/SDKExplicitPrecompiledModules/IOSurface-AKCWBB666PY698FQKTX9IB7YR.pcm

SwiftExplicitDependencyGeneratePcm arm64 /tmp/DaBin-AppStore-2026-10-02-SWUyJN/derived-data-final/SDKExplicitPrecompiledModules/UniformTypeIdentifiers-BXPKQIK4IU7SXGL7SDCA64169.pcm

SwiftExplicitDependencyGeneratePcm arm64 /tmp/DaBin-AppStore-2026-10-02-SWUyJN/derived-data-final/SDKExplicitPrecompiledModules/ApplicationServices-CPNQX62FP64EXGPAWXK95UCMN.pcm

SwiftExplicitDependencyGeneratePcm arm64 /tmp/DaBin-AppStore-2026-10-02-SWUyJN/derived-data-final/SDKExplicitPrecompiledModules/OpenGL-2DHHQFUMRUB9KCW1VWHBAT2XC.pcm

SwiftExplicitDependencyGeneratePcm arm64 /tmp/DaBin-AppStore-2026-10-02-SWUyJN/derived-data-final/SDKExplicitPrecompiledModules/Metal-4WQ4STVR3QC4IV6E649NEJVU0.pcm

SwiftExplicitDependencyGeneratePcm arm64 /tmp/DaBin-AppStore-2026-10-02-SWUyJN/derived-data-final/SDKExplicitPrecompiledModules/QuickLookThumbnailing-DVJSR4LFUCCQR7AB4N6FFIAYD.pcm

SwiftExplicitDependencyGeneratePcm arm64 /tmp/DaBin-AppStore-2026-10-02-SWUyJN/derived-data-final/SDKExplicitPrecompiledModules/Carbon-92WTYCOKOZ8UG3ZXXLAO1TGXQ.pcm

SwiftExplicitDependencyGeneratePcm arm64 /tmp/DaBin-AppStore-2026-10-02-SWUyJN/derived-data-final/SDKExplicitPrecompiledModules/CoreVideo-7ILOOAVQBFH6TLWFQYSI014JB.pcm

SwiftExplicitDependencyGeneratePcm arm64 /tmp/DaBin-AppStore-2026-10-02-SWUyJN/derived-data-final/SDKExplicitPrecompiledModules/AudioToolbox-DZROD4GZ5C53I9VKDRRWNLJ3B.pcm

SwiftExplicitDependencyGeneratePcm arm64 /tmp/DaBin-AppStore-2026-10-02-SWUyJN/derived-data-final/SDKExplicitPrecompiledModules/CoreML-EQ1E34LDGD73ZO7U8PBGVK6SI.pcm

SwiftExplicitDependencyGeneratePcm arm64 /tmp/DaBin-AppStore-2026-10-02-SWUyJN/derived-data-final/SDKExplicitPrecompiledModules/QuartzCore-F2D3LYSD8JNXP7GC2TSGMWXVU.pcm

SwiftExplicitDependencyGeneratePcm arm64 /tmp/DaBin-AppStore-2026-10-02-SWUyJN/derived-data-final/SDKExplicitPrecompiledModules/Accelerate-9PAD1EZZDLPQ9NIOL8H3DV6O9.pcm

SwiftExplicitDependencyGeneratePcm arm64 /tmp/DaBin-AppStore-2026-10-02-SWUyJN/derived-data-final/SDKExplicitPrecompiledModules/CoreMedia-5IKCEX3QNGAUOQSBKUT35VZKQ.pcm

SwiftExplicitDependencyGeneratePcm arm64 /tmp/DaBin-AppStore-2026-10-02-SWUyJN/derived-data-final/SDKExplicitPrecompiledModules/CoreImage-4AQM6QY1VIXZOKJ60BWRJJI6J.pcm

SwiftExplicitDependencyGeneratePcm arm64 /tmp/DaBin-AppStore-2026-10-02-SWUyJN/derived-data-final/SDKExplicitPrecompiledModules/SwiftUICore-6XGCGD87YLXLS82ZRHBVKDJT3.pcm

SwiftExplicitDependencyGeneratePcm arm64 /tmp/DaBin-AppStore-2026-10-02-SWUyJN/derived-data-final/SDKExplicitPrecompiledModules/VideoToolbox-2E620V90J1D1EJ4TP29WEYF9Y.pcm

SwiftExplicitDependencyGeneratePcm arm64 /tmp/DaBin-AppStore-2026-10-02-SWUyJN/derived-data-final/SDKExplicitPrecompiledModules/Vision-92A67EOTVSWUCFE7N34JCIPAX.pcm

SwiftExplicitDependencyGeneratePcm arm64 /tmp/DaBin-AppStore-2026-10-02-SWUyJN/derived-data-final/SDKExplicitPrecompiledModules/AppKit-22X1BI1Z0GJWS84923BWSXX0M.pcm

SwiftExplicitDependencyGeneratePcm arm64 /tmp/DaBin-AppStore-2026-10-02-SWUyJN/derived-data-final/SDKExplicitPrecompiledModules/MediaToolbox-3C8ZFK29I1OP2SUCAYJL9209P.pcm

SwiftExplicitDependencyGeneratePcm arm64 /tmp/DaBin-AppStore-2026-10-02-SWUyJN/derived-data-final/SDKExplicitPrecompiledModules/AVFAudio-9EPNHIWZB0UEJ0UUF820ERKUY.pcm

SwiftExplicitDependencyGeneratePcm arm64 /tmp/DaBin-AppStore-2026-10-02-SWUyJN/derived-data-final/SDKExplicitPrecompiledModules/AVFoundation-14QY46FENK578U8NSUXL8ZLIM.pcm

SwiftExplicitDependencyGeneratePcm arm64 /tmp/DaBin-AppStore-2026-10-02-SWUyJN/derived-data-final/SDKExplicitPrecompiledModules/SwiftUI-873E3SDHNSP1479YPG35C9DIE.pcm

SwiftExplicitDependencyGeneratePcm arm64 /tmp/DaBin-AppStore-2026-10-02-SWUyJN/derived-data-final/SDKExplicitPrecompiledModules/Cocoa-2SAQ740AIC1UVGYNON2QHO7GJ.pcm

SwiftExplicitDependencyGeneratePcm arm64 /tmp/DaBin-AppStore-2026-10-02-SWUyJN/derived-data-final/SDKExplicitPrecompiledModules/LinkPresentation-98U0WGJM2GZXCZLI7RYIT9I4F.pcm

SwiftExplicitDependencyGeneratePcm arm64 /tmp/DaBin-AppStore-2026-10-02-SWUyJN/derived-data-final/SDKExplicitPrecompiledModules/AVKit-BLCR4OQNIJYY4F3VMBLN3HQ5U.pcm

SwiftExplicitDependencyGeneratePcm arm64 /tmp/DaBin-AppStore-2026-10-02-SWUyJN/derived-data-final/SDKExplicitPrecompiledModules/PDFKit-7HKYER6PXWRH4VO3ICI7G9ARI.pcm

SwiftCompile normal arm64 Compiling\ AccessibilityAnnouncement.swift,\ AppDelegate.swift,\ AppState.swift,\ ApplicationCoordinator.swift,\ ApplicationMenu.swift,\ ArchiveBackup.swift,\ AutoCaptureFingerprint.swift,\ AutoCaptureRobotCelebration.swift,\ AutoCaptureRobotPresenter.swift,\ AutoCaptureService.swift,\ AutoCaptureSettings.swift,\ BoardComponents.swift,\ BoardResizeGeometry.swift,\ BoardView.swift,\ BoardWindowChrome.swift,\ BoredRobotView.swift,\ BuddyControls.swift,\ CaptureCardGroup.swift,\ CaptureCards.swift,\ CaptureClipboard.swift,\ CaptureCopyButton.swift,\ CaptureFilterStrip.swift,\ CapturePresentation.swift,\ CapturePreviews.swift,\ CaptureProvenance.swift,\ CaptureRemoval.swift,\ CaptureRepository.swift,\ CaptureSourceView.swift,\ CaptureStore.swift,\ CaptureTrailView.swift,\ ClipboardRetentionService.swift,\ ClipboardRetentionSettings.swift,\ CollectionPreviewMosaic.swift,\ ContentIndexService.swift,\ CornerController.swift,\ DaBinLogo.swift,\ DaBinMain.swift,\ DailyArchive.swift,\ DailyCaptureView.swift,\ DailyScreen.swift,\ DayExport.swift,\ DayExportUI.swift,\ DetailScreen.swift,\ Domain.swift,\ DraftArchive.swift,\ ExplorerItems.swift,\ ExplorerQuery.swift,\ ExplorerScreen.swift,\ ExplorerTransfer.swift,\ FittedPDFPreview.swift,\ GroupedCaptureCard.swift,\ HourlyCaptureCard.swift,\ HourlyCaptureFeed.swift,\ HoverTooltips.swift,\ InboxScreen.swift,\ InputService.swift,\ IslandRobotChoreography.swift,\ LibraryScreen.swift,\ NewNoteScreen.swift,\ OriginalFileStorage.swift,\ PreviewRequest.swift,\ PreviewService.swift,\ PrivacyInformation.swift,\ ProjectFileArchive.swift,\ ProjectPickerView.swift,\ QuickAccess.swift,\ QuietOrbitGeometry.swift,\ QuietOrbitVisualStyle.swift,\ ReminderClockEditor.swift,\ ReminderLifecycle.swift,\ ReminderSchedule.swift,\ ReminderService.swift,\ RemindersScreen.swift,\ RobotAppFrameView.swift,\ RobotCharacterView.swift,\ RobotLifecycle.swift,\ RobotMotion.swift,\ RobotPlacementSettings.swift,\ RobotView.swift,\ ScratchpadView.swift,\ ScreenshotFolderMonitor.swift,\ SearchScreen.swift,\ SettingsScreen.swift,\ ShelfCaptureController.swift,\ ShelfExport.swift,\ SoftwareUpdateService.swift,\ StatusBarController.swift,\ TaskAttachmentsView.swift,\ TaskEditorScreen.swift,\ TaskFocusControls.swift,\ TaskFocusSession.swift,\ TaskPlanning.swift,\ TaskPlanningEditor.swift,\ TaskTimerRobotPresenter.swift,\ TaskTimerRobotView.swift,\ ThemeSettings.swift,\ TodayPlanningScreen.swift,\ TransientMessagePresentation.swift,\ TrashScreen.swift,\ UpdateHandoff.swift,\ WeeklyScopeActions.swift,\ WeeklyScreen.swift,\ WindowDragHandle.swift,\ WorkspaceClipboard.swift,\ WorkspaceItemCard.swift,\ WorkspaceQuery.swift,\ WorkspaceStore.swift /Users/roeylibfeld/Documents/KARI\ Creatives/DaBin/native/Sources/DaBin/AccessibilityAnnouncement.swift /Users/roeylibfeld/Documents/KARI\ Creatives/DaBin/native/Sources/DaBin/AppDelegate.swift /Users/roeylibfeld/Documents/KARI\ Creatives/DaBin/native/Sources/DaBin/AppState.swift /Users/roeylibfeld/Documents/KARI\ Creatives/DaBin/native/Sources/DaBin/ApplicationCoordinator.swift /Users/roeylibfeld/Documents/KARI\ Creatives/DaBin/native/Sources/DaBin/ApplicationMenu.swift /Users/roeylibfeld/Documents/KARI\ Creatives/DaBin/native/Sources/DaBin/ArchiveBackup.swift /Users/roeylibfeld/Documents/KARI\ Creatives/DaBin/native/Sources/DaBin/AutoCaptureFingerprint.swift /Users/roeylibfeld/Documents/KARI\ Creatives/DaBin/native/Sources/DaBin/AutoCaptureRobotCelebration.swift /Users/roeylibfeld/Documents/KARI\ Creatives/DaBin/native/Sources/DaBin/AutoCaptureRobotPresenter.swift /Users/roeylibfeld/Documents/KARI\ Creatives/DaBin/native/Sources/DaBin/AutoCaptureService.swift /Users/roeylibfeld/Documents/KARI\ Creatives/DaBin/native/Sources/DaBin/AutoCaptureSettings.swift /Users/roeylibfeld/Documents/KARI\ Creatives/DaBin/native/Sources/DaBin/BoardComponents.swift /Users/roeylibfeld/Documents/KARI\ Creatives/DaBin/native/Sources/DaBin/BoardResizeGeometry.swift /Users/roeylibfeld/Documents/KARI\ Creatives/DaBin/native/Sources/DaBin/BoardView.swift /Users/roeylibfeld/Documents/KARI\ Creatives/DaBin/native/Sources/DaBin/BoardWindowChrome.swift /Users/roeylibfeld/Documents/KARI\ Creatives/DaBin/native/Sources/DaBin/BoredRobotView.swift /Users/roeylibfeld/Documents/KARI\ Creatives/DaBin/native/Sources/DaBin/BuddyControls.swift /Users/roeylibfeld/Documents/KARI\ Creatives/DaBin/native/Sources/DaBin/CaptureCardGroup.swift /Users/roeylibfeld/Documents/KARI\ Creatives/DaBin/native/Sources/DaBin/CaptureCards.swift /Users/roeylibfeld/Documents/KARI\ Creatives/DaBin/native/Sources/DaBin/CaptureClipboard.swift /Users/roeylibfeld/Documents/KARI\ Creatives/DaBin/native/Sources/DaBin/CaptureCopyButton.swift /Users/roeylibfeld/Documents/KARI\ Creatives/DaBin/native/Sources/DaBin/CaptureFilterStrip.swift /Users/roeylibfeld/Documents/KARI\ Creatives/DaBin/native/Sources/DaBin/CapturePresentation.swift /Users/roeylibfeld/Documents/KARI\ Creatives/DaBin/native/Sources/DaBin/CapturePreviews.swift /Users/roeylibfeld/Documents/KARI\ Creatives/DaBin/native/Sources/DaBin/CaptureProvenance.swift /Users/roeylibfeld/Documents/KARI\ Creatives/DaBin/native/Sources/DaBin/CaptureRemoval.swift /Users/roeylibfeld/Documents/KARI\ Creatives/DaBin/native/Sources/DaBin/CaptureRepository.swift /Users/roeylibfeld/Documents/KARI\ Creatives/DaBin/native/Sources/DaBin/CaptureSourceView.swift /Users/roeylibfeld/Documents/KARI\ Creatives/DaBin/native/Sources/DaBin/CaptureStore.swift /Users/roeylibfeld/Documents/KARI\ Creatives/DaBin/native/Sources/DaBin/CaptureTrailView.swift /Users/roeylibfeld/Documents/KARI\ Creatives/DaBin/native/Sources/DaBin/ClipboardRetentionService.swift /Users/roeylibfeld/Documents/KARI\ Creatives/DaBin/native/Sources/DaBin/ClipboardRetentionSettings.swift /Users/roeylibfeld/Documents/KARI\ Creatives/DaBin/native/Sources/DaBin/CollectionPreviewMosaic.swift /Users/roeylibfeld/Documents/KARI\ Creatives/DaBin/native/Sources/DaBin/ContentIndexService.swift /Users/roeylibfeld/Documents/KARI\ Creatives/DaBin/native/Sources/DaBin/CornerController.swift /Users/roeylibfeld/Documents/KARI\ Creatives/DaBin/native/Sources/DaBin/DaBinLogo.swift /Users/roeylibfeld/Documents/KARI\ Creatives/DaBin/native/Sources/DaBin/DaBinMain.swift /Users/roeylibfeld/Documents/KARI\ Creatives/DaBin/native/Sources/DaBin/DailyArchive.swift /Users/roeylibfeld/Documents/KARI\ Creatives/DaBin/native/Sources/DaBin/DailyCaptureView.swift /Users/roeylibfeld/Documents/KARI\ Creatives/DaBin/native/Sources/DaBin/DailyScreen.swift /Users/roeylibfeld/Documents/KARI\ Creatives/DaBin/native/Sources/DaBin/DayExport.swift /Users/roeylibfeld/Documents/KARI\ Creatives/DaBin/native/Sources/DaBin/DayExportUI.swift /Users/roeylibfeld/Documents/KARI\ Creatives/DaBin/native/Sources/DaBin/DetailScreen.swift /Users/roeylibfeld/Documents/KARI\ Creatives/DaBin/native/Sources/DaBin/Domain.swift /Users/roeylibfeld/Documents/KARI\ Creatives/DaBin/native/Sources/DaBin/DraftArchive.swift /Users/roeylibfeld/Documents/KARI\ Creatives/DaBin/native/Sources/DaBin/ExplorerItems.swift /Users/roeylibfeld/Documents/KARI\ Creatives/DaBin/native/Sources/DaBin/ExplorerQuery.swift /Users/roeylibfeld/Documents/KARI\ Creatives/DaBin/native/Sources/DaBin/ExplorerScreen.swift /Users/roeylibfeld/Documents/KARI\ Creatives/DaBin/native/Sources/DaBin/ExplorerTransfer.swift /Users/roeylibfeld/Documents/KARI\ Creatives/DaBin/native/Sources/DaBin/FittedPDFPreview.swift /Users/roeylibfeld/Documents/KARI\ Creatives/DaBin/native/Sources/DaBin/GroupedCaptureCard.swift /Users/roeylibfeld/Documents/KARI\ Creatives/DaBin/native/Sources/DaBin/HourlyCaptureCard.swift /Users/roeylibfeld/Documents/KARI\ Creatives/DaBin/native/Sources/DaBin/HourlyCaptureFeed.swift /Users/roeylibfeld/Documents/KARI\ Creatives/DaBin/native/Sources/DaBin/HoverTooltips.swift /Users/roeylibfeld/Documents/KARI\ Creatives/DaBin/native/Sources/DaBin/InboxScreen.swift /Users/roeylibfeld/Documents/KARI\ Creatives/DaBin/native/Sources/DaBin/InputService.swift /Users/roeylibfeld/Documents/KARI\ Creatives/DaBin/native/Sources/DaBin/IslandRobotChoreography.swift /Users/roeylibfeld/Documents/KARI\ Creatives/DaBin/native/Sources/DaBin/LibraryScreen.swift /Users/roeylibfeld/Documents/KARI\ Creatives/DaBin/native/Sources/DaBin/NewNoteScreen.swift /Users/roeylibfeld/Documents/KARI\ Creatives/DaBin/native/Sources/DaBin/OriginalFileStorage.swift /Users/roeylibfeld/Documents/KARI\ Creatives/DaBin/native/Sources/DaBin/PreviewRequest.swift /Users/roeylibfeld/Documents/KARI\ Creatives/DaBin/native/Sources/DaBin/PreviewService.swift /Users/roeylibfeld/Documents/KARI\ Creatives/DaBin/native/Sources/DaBin/PrivacyInformation.swift /Users/roeylibfeld/Documents/KARI\ Creatives/DaBin/native/Sources/DaBin/ProjectFileArchive.swift /Users/roeylibfeld/Documents/KARI\ Creatives/DaBin/native/Sources/DaBin/ProjectPickerView.swift /Users/roeylibfeld/Documents/KARI\ Creatives/DaBin/native/Sources/DaBin/QuickAccess.swift /Users/roeylibfeld/Documents/KARI\ Creatives/DaBin/native/Sources/DaBin/QuietOrbitGeometry.swift /Users/roeylibfeld/Documents/KARI\ Creatives/DaBin/native/Sources/DaBin/QuietOrbitVisualStyle.swift /Users/roeylibfeld/Documents/KARI\ Creatives/DaBin/native/Sources/DaBin/ReminderClockEditor.swift /Users/roeylibfeld/Documents/KARI\ Creatives/DaBin/native/Sources/DaBin/ReminderLifecycle.swift /Users/roeylibfeld/Documents/KARI\ Creatives/DaBin/native/Sources/DaBin/ReminderSchedule.swift /Users/roeylibfeld/Documents/KARI\ Creatives/DaBin/native/Sources/DaBin/ReminderService.swift /Users/roeylibfeld/Documents/KARI\ Creatives/DaBin/native/Sources/DaBin/RemindersScreen.swift /Users/roeylibfeld/Documents/KARI\ Creatives/DaBin/native/Sources/DaBin/RobotAppFrameView.swift /Users/roeylibfeld/Documents/KARI\ Creatives/DaBin/native/Sources/DaBin/RobotCharacterView.swift /Users/roeylibfeld/Documents/KARI\ Creatives/DaBin/native/Sources/DaBin/RobotLifecycle.swift /Users/roeylibfeld/Documents/KARI\ Creatives/DaBin/native/Sources/DaBin/RobotMotion.swift /Users/roeylibfeld/Documents/KARI\ Creatives/DaBin/native/Sources/DaBin/RobotPlacementSettings.swift /Users/roeylibfeld/Documents/KARI\ Creatives/DaBin/native/Sources/DaBin/RobotView.swift /Users/roeylibfeld/Documents/KARI\ Creatives/DaBin/native/Sources/DaBin/ScratchpadView.swift /Users/roeylibfeld/Documents/KARI\ Creatives/DaBin/native/Sources/DaBin/ScreenshotFolderMonitor.swift /Users/roeylibfeld/Documents/KARI\ Creatives/DaBin/native/Sources/DaBin/SearchScreen.swift /Users/roeylibfeld/Documents/KARI\ Creatives/DaBin/native/Sources/DaBin/SettingsScreen.swift /Users/roeylibfeld/Documents/KARI\ Creatives/DaBin/native/Sources/DaBin/ShelfCaptureController.swift /Users/roeylibfeld/Documents/KARI\ Creatives/DaBin/native/Sources/DaBin/ShelfExport.swift /Users/roeylibfeld/Documents/KARI\ Creatives/DaBin/native/Sources/DaBin/SoftwareUpdateService.swift /Users/roeylibfeld/Documents/KARI\ Creatives/DaBin/native/Sources/DaBin/StatusBarController.swift /Users/roeylibfeld/Documents/KARI\ Creatives/DaBin/native/Sources/DaBin/TaskAttachmentsView.swift /Users/roeylibfeld/Documents/KARI\ Creatives/DaBin/native/Sources/DaBin/TaskEditorScreen.swift /Users/roeylibfeld/Documents/KARI\ Creatives/DaBin/native/Sources/DaBin/TaskFocusControls.swift /Users/roeylibfeld/Documents/KARI\ Creatives/DaBin/native/Sources/DaBin/TaskFocusSession.swift /Users/roeylibfeld/Documents/KARI\ Creatives/DaBin/native/Sources/DaBin/TaskPlanning.swift /Users/roeylibfeld/Documents/KARI\ Creatives/DaBin/native/Sources/DaBin/TaskPlanningEditor.swift /Users/roeylibfeld/Documents/KARI\ Creatives/DaBin/native/Sources/DaBin/TaskTimerRobotPresenter.swift /Users/roeylibfeld/Documents/KARI\ Creatives/DaBin/native/Sources/DaBin/TaskTimerRobotView.swift /Users/roeylibfeld/Documents/KARI\ Creatives/DaBin/native/Sources/DaBin/ThemeSettings.swift /Users/roeylibfeld/Documents/KARI\ Creatives/DaBin/native/Sources/DaBin/TodayPlanningScreen.swift /Users/roeylibfeld/Documents/KARI\ Creatives/DaBin/native/Sources/DaBin/TransientMessagePresentation.swift /Users/roeylibfeld/Documents/KARI\ Creatives/DaBin/native/Sources/DaBin/TrashScreen.swift /Users/roeylibfeld/Documents/KARI\ Creatives/DaBin/native/Sources/DaBin/UpdateHandoff.swift /Users/roeylibfeld/Documents/KARI\ Creatives/DaBin/native/Sources/DaBin/WeeklyScopeActions.swift /Users/roeylibfeld/Documents/KARI\ Creatives/DaBin/native/Sources/DaBin/WeeklyScreen.swift /Users/roeylibfeld/Documents/KARI\ Creatives/DaBin/native/Sources/DaBin/WindowDragHandle.swift /Users/roeylibfeld/Documents/KARI\ Creatives/DaBin/native/Sources/DaBin/WorkspaceClipboard.swift /Users/roeylibfeld/Documents/KARI\ Creatives/DaBin/native/Sources/DaBin/WorkspaceItemCard.swift /Users/roeylibfeld/Documents/KARI\ Creatives/DaBin/native/Sources/DaBin/WorkspaceQuery.swift /Users/roeylibfeld/Documents/KARI\ Creatives/DaBin/native/Sources/DaBin/WorkspaceStore.swift /Applications/Xcode.app/Contents/Developer/Toolchains/XcodeDefault.xctoolchain/usr/lib/swift/macosx/prebuilt-modules/27.0/ObjectiveC.swiftmodule/arm64e-apple-macos.swiftmodule /Applications/Xcode.app/Contents/Developer/Toolchains/XcodeDefault.xctoolchain/usr/lib/swift/macosx/prebuilt-modules/27.0/XPC.swiftmodule/arm64e-apple-macos.swiftmodule /Applications/Xcode.app/Contents/Developer/Toolchains/XcodeDefault.xctoolchain/usr/lib/swift/macosx/prebuilt-modules/27.0/Dispatch.swiftmodule/arm64e-apple-macos.swiftmodule /Applications/Xcode.app/Contents/Developer/Toolchains/XcodeDefault.xctoolchain/usr/lib/swift/macosx/prebuilt-modules/27.0/DataDetection.swiftmodule/arm64e-apple-macos.swiftmodule /Applications/Xcode.app/Contents/Developer/Toolchains/XcodeDefault.xctoolchain/usr/lib/swift/macosx/prebuilt-modules/27.0/UniformTypeIdentifiers.swiftmodule/arm64e-apple-macos.swiftmodule /Applications/Xcode.app/Contents/Developer/Toolchains/XcodeDefault.xctoolchain/usr/lib/swift/macosx/prebuilt-modules/27.0/System.swiftmodule/arm64e-apple-macos.swiftmodule /Applications/Xcode.app/Contents/Developer/Toolchains/XcodeDefault.xctoolchain/usr/lib/swift/macosx/prebuilt-modules/27.0/QuartzCore.swiftmodule/arm64e-apple-macos.swiftmodule /Applications/Xcode.app/Contents/Developer/Toolchains/XcodeDefault.xctoolchain/usr/lib/swift/macosx/prebuilt-modules/27.0/OSLog.swiftmodule/arm64e-apple-macos.swiftmodule /Applications/Xcode.app/Contents/Developer/Toolchains/XcodeDefault.xctoolchain/usr/lib/swift/macosx/prebuilt-modules/27.0/CryptoKit.swiftmodule/arm64e-apple-macos.swiftmodule /Applications/Xcode.app/Contents/Developer/Toolchains/XcodeDefault.xctoolchain/usr/lib/swift/macosx/prebuilt-modules/27.0/Darwin.swiftmodule/arm64e-apple-macos.swiftmodule /Applications/Xcode.app/Contents/Developer/Toolchains/XcodeDefault.xctoolchain/usr/lib/swift/macosx/prebuilt-modules/27.0/LinkPresentation.swiftmodule/arm64e-apple-macos.swiftmodule /Applications/Xcode.app/Contents/Developer/Toolchains/XcodeDefault.xctoolchain/usr/lib/swift/macosx/prebuilt-modules/27.0/DeveloperToolsSupport.swiftmodule/arm64e-apple-macos.swiftmodule /Applications/Xcode.app/Contents/Developer/Toolchains/XcodeDefault.xctoolchain/usr/lib/swift/macosx/prebuilt-modules/27.0/_DarwinFoundation3.swiftmodule/arm64e-apple-macos.swiftmodule /Applications/Xcode.app/Contents/Developer/Toolchains/XcodeDefault.xctoolchain/usr/lib/swift/macosx/prebuilt-modules/27.0/CoreImage.swiftmodule/arm64e-apple-macos.swiftmodule /Applications/Xcode.app/Contents/Developer/Toolchains/XcodeDefault.xctoolchain/usr/lib/swift/macosx/prebuilt-modules/27.0/Synchronization.swiftmodule/arm64e-apple-macos.swiftmodule /Applications/Xcode.app/Contents/Developer/Toolchains/XcodeDefault.xctoolchain/usr/lib/swift/macosx/prebuilt-modules/27.0/_Builtin_float.swiftmodule/arm64e-apple-macos.swiftmodule /Applications/Xcode.app/Contents/Developer/Toolchains/XcodeDefault.xctoolchain/usr/lib/swift/macosx/prebuilt-modules/27.0/Observation.swiftmodule/arm64e-apple-macos.swiftmodule /Applications/Xcode.app/Contents/Developer/Toolchains/XcodeDefault.xctoolchain/usr/lib/swift/macosx/prebuilt-modules/27.0/PDFKit.swiftmodule/arm64e-apple-macos.swiftmodule /Applications/Xcode.app/Contents/Developer/Toolchains/XcodeDefault.xctoolchain/usr/lib/swift/macosx/prebuilt-modules/27.0/AVFoundation.swiftmodule/arm64e-apple-macos.swiftmodule /Applications/Xcode.app/Contents/Developer/Toolchains/XcodeDefault.xctoolchain/usr/lib/swift/macosx/prebuilt-modules/27.0/AVKit.swiftmodule/arm64e-apple-macos.swiftmodule /Applications/Xcode.app/Contents/Developer/Toolchains/XcodeDefault.xctoolchain/usr/lib/swift/macosx/prebuilt-modules/27.0/MediaToolbox.swiftmodule/arm64e-apple-macos.swiftmodule /Applications/Xcode.app/Contents/Developer/Toolchains/XcodeDefault.xctoolchain/usr/lib/swift/macosx/prebuilt-modules/27.0/Distributed.swiftmodule/arm64e-apple-macos.swiftmodule /Applications/Xcode.app/Contents/Developer/Toolchains/XcodeDefault.xctoolchain/usr/lib/swift/macosx/prebuilt-modules/27.0/ExtensionFoundation.swiftmodule/arm64e-apple-macos.swiftmodule /Applications/Xcode.app/Contents/Developer/Toolchains/XcodeDefault.xctoolchain/usr/lib/swift/macosx/prebuilt-modules/27.0/Network.swiftmodule/arm64e-apple-macos.swiftmodule /Applications/Xcode.app/Contents/Developer/Toolchains/XcodeDefault.xctoolchain/usr/lib/swift/macosx/prebuilt-modules/27.0/Foundation.swiftmodule/arm64e-apple-macos.swiftmodule /Applications/Xcode.app/Contents/Developer/Toolchains/XcodeDefault.xctoolchain/usr/lib/swift/macosx/prebuilt-modules/27.0/CoreAudio.swiftmodule/arm64e-apple-macos.swiftmodule /Applications/Xcode.app/Contents/Developer/Toolchains/XcodeDefault.xctoolchain/usr/lib/swift/macosx/prebuilt-modules/27.0/LocalAuthentication.swiftmodule/arm64e-apple-macos.swiftmodule /Applications/Xcode.app/Contents/Developer/Toolchains/XcodeDefault.xctoolchain/usr/lib/swift/macosx/prebuilt-modules/27.0/_Concurrency.swiftmodule/arm64e-apple-macos.swiftmodule /Applications/Xcode.app/Contents/Developer/Toolchains/XcodeDefault.xctoolchain/usr/lib/swift/macosx/prebuilt-modules/27.0/Metal.swiftmodule/arm64e-apple-macos.swiftmodule /Applications/Xcode.app/Contents/Developer/Toolchains/XcodeDefault.xctoolchain/usr/lib/swift/macosx/prebuilt-modules/27.0/AVFAudio.swiftmodule/arm64e-apple-macos.swiftmodule /Applications/Xcode.app/Contents/Developer/Toolchains/XcodeDefault.xctoolchain/usr/lib/swift/macosx/prebuilt-modules/27.0/AudioToolbox.swiftmodule/arm64e-apple-macos.swiftmodule /Applications/Xcode.app/Contents/Developer/Toolchains/XcodeDefault.xctoolchain/usr/lib/swift/macosx/prebuilt-modules/27.0/QuickLookThumbnailing.swiftmodule/arm64e-apple-macos.swiftmodule /Applications/Xcode.app/Contents/Developer/Toolchains/XcodeDefault.xctoolchain/usr/lib/swift/macosx/prebuilt-modules/27.0/CoreML.swiftmodule/arm64e-apple-macos.swiftmodule /Applications/Xcode.app/Contents/Developer/Toolchains/XcodeDefault.xctoolchain/usr/lib/swift/macosx/prebuilt-modules/27.0/Accessibility.swiftmodule/arm64e-apple-macos.swiftmodule /Applications/Xcode.app/Contents/Developer/Toolchains/XcodeDefault.xctoolchain/usr/lib/swift/macosx/prebuilt-modules/27.0/Spatial.swiftmodule/arm64e-apple-macos.swiftmodule /Applications/Xcode.app/Contents/Developer/Toolchains/XcodeDefault.xctoolchain/usr/lib/swift/macosx/prebuilt-modules/27.0/LightweightCodeRequirements.swiftmodule/arm64e-apple-macos.swiftmodule /Applications/Xcode.app/Contents/Developer/Toolchains/XcodeDefault.xctoolchain/usr/lib/swift/macosx/prebuilt-modules/27.0/CoreTransferable.swiftmodule/arm64e-apple-macos.swiftmodule /Applications/Xcode.app/Contents/Developer/Toolchains/XcodeDefault.xctoolchain/usr/lib/swift/macosx/prebuilt-modules/27.0/CoreText.swiftmodule/arm64e-apple-macos.swiftmodule /Applications/Xcode.app/Contents/Developer/Toolchains/XcodeDefault.xctoolchain/usr/lib/swift/macosx/prebuilt-modules/27.0/_DarwinFoundation1.swiftmodule/arm64e-apple-macos.swiftmodule /Applications/Xcode.app/Contents/Developer/Toolchains/XcodeDefault.xctoolchain/usr/lib/swift/macosx/prebuilt-modules/27.0/SwiftUI.swiftmodule/arm64e-apple-macos.swiftmodule /Applications/Xcode.app/Contents/Developer/Toolchains/XcodeDefault.xctoolchain/usr/lib/swift/macosx/prebuilt-modules/27.0/os.swiftmodule/arm64e-apple-macos.swiftmodule /Applications/Xcode.app/Contents/Developer/Toolchains/XcodeDefault.xctoolchain/usr/lib/swift/macosx/prebuilt-modules/27.0/_StringProcessing.swiftmodule/arm64e-apple-macos.swiftmodule /Applications/Xcode.app/Contents/Developer/Toolchains/XcodeDefault.xctoolchain/usr/lib/swift/macosx/prebuilt-modules/27.0/Swift.swiftmodule/arm64e-apple-macos.swiftmodule /Applications/Xcode.app/Contents/Developer/Toolchains/XcodeDefault.xctoolchain/usr/lib/swift/macosx/prebuilt-modules/27.0/Accelerate.swiftmodule/arm64e-apple-macos.swiftmodule /Applications/Xcode.app/Contents/Developer/Toolchains/XcodeDefault.xctoolchain/usr/lib/swift/macosx/prebuilt-modules/27.0/_AVKit_SwiftUI.swiftmodule/arm64e-apple-macos.swiftmodule /Applications/Xcode.app/Contents/Developer/Toolchains/XcodeDefault.xctoolchain/usr/lib/swift/macosx/prebuilt-modules/27.0/ColorSync.swiftmodule/arm64e-apple-macos.swiftmodule /Applications/Xcode.app/Contents/Developer/Toolchains/XcodeDefault.xctoolchain/usr/lib/swift/macosx/prebuilt-modules/27.0/VideoToolbox.swiftmodule/arm64e-apple-macos.swiftmodule /Applications/Xcode.app/Contents/Developer/Toolchains/XcodeDefault.xctoolchain/usr/lib/swift/macosx/prebuilt-modules/27.0/_DarwinFoundation2.swiftmodule/arm64e-apple-macos.swiftmodule /Applications/Xcode.app/Contents/Developer/Toolchains/XcodeDefault.xctoolchain/usr/lib/swift/macosx/prebuilt-modules/27.0/simd.swiftmodule/arm64e-apple-macos.swiftmodule /Applications/Xcode.app/Contents/Developer/Toolchains/XcodeDefault.xctoolchain/usr/lib/swift/macosx/prebuilt-modules/27.0/CoreData.swiftmodule/arm64e-apple-macos.swiftmodule /Applications/Xcode.app/Contents/Developer/Toolchains/XcodeDefault.xctoolchain/usr/lib/swift/macosx/prebuilt-modules/27.0/Symbols.swiftmodule/arm64e-apple-macos.swiftmodule /Applications/Xcode.app/Contents/Developer/Toolchains/XcodeDefault.xctoolchain/usr/lib/swift/macosx/prebuilt-modules/27.0/CoreMIDI.swiftmodule/arm64e-apple-macos.swiftmodule /Applications/Xcode.app/Contents/Developer/Toolchains/XcodeDefault.xctoolchain/usr/lib/swift/macosx/prebuilt-modules/27.0/ImageIO.swiftmodule/arm64e-apple-macos.swiftmodule /Applications/Xcode.app/Contents/Developer/Toolchains/XcodeDefault.xctoolchain/usr/lib/swift/macosx/prebuilt-modules/27.0/Compression.swiftmodule/arm64e-apple-macos.swiftmodule /Applications/Xcode.app/Contents/Developer/Toolchains/XcodeDefault.xctoolchain/usr/lib/swift/macosx/prebuilt-modules/27.0/SwiftUICore.swiftmodule/arm64e-apple-macos.swiftmodule /Applications/Xcode.app/Contents/Developer/Toolchains/XcodeDefault.xctoolchain/usr/lib/swift/macosx/prebuilt-modules/27.0/CoreGraphics.swiftmodule/arm64e-apple-macos.swiftmodule /Applications/Xcode.app/Contents/Developer/Toolchains/XcodeDefault.xctoolchain/usr/lib/swift/macosx/prebuilt-modules/27.0/IOKit.swiftmodule/arm64e-apple-macos.swiftmodule /Applications/Xcode.app/Contents/Developer/Toolchains/XcodeDefault.xctoolchain/usr/lib/swift/macosx/prebuilt-modules/27.0/AppKit.swiftmodule/arm64e-apple-macos.swiftmodule /Applications/Xcode.app/Contents/Developer/Toolchains/XcodeDefault.xctoolchain/usr/lib/swift/macosx/prebuilt-modules/27.0/CoreFoundation.swiftmodule/arm64e-apple-macos.swiftmodule /Applications/Xcode.app/Contents/Developer/Toolchains/XcodeDefault.xctoolchain/usr/lib/swift/macosx/prebuilt-modules/27.0/Combine.swiftmodule/arm64e-apple-macos.swiftmodule /Applications/Xcode.app/Contents/Developer/Toolchains/XcodeDefault.xctoolchain/usr/lib/swift/macosx/prebuilt-modules/27.0/CoreMedia.swiftmodule/arm64e-apple-macos.swiftmodule /Applications/Xcode.app/Contents/Developer/Toolchains/XcodeDefault.xctoolchain/usr/lib/swift/macosx/prebuilt-modules/27.0/Vision.swiftmodule/arm64e-apple-macos.swiftmodule /Applications/Xcode.app/Contents/Developer/Toolchains/XcodeDefault.xctoolchain/usr/lib/swift/macosx/prebuilt-modules/27.0/CoreVideo.swiftmodule/arm64e-apple-macos.swiftmodule /tmp/DaBin-AppStore-2026-10-02-SWUyJN/derived-data-final/SDKExplicitPrecompiledModules/CoreAudio-2WLJ8C8E5KK57HLYV6BW494DS.pcm /tmp/DaBin-AppStore-2026-10-02-SWUyJN/derived-data-final/SDKExplicitPrecompiledModules/DataDetection-AFHWGG25MB250K0MLZN119SS8.pcm /tmp/DaBin-AppStore-2026-10-02-SWUyJN/derived-data-final/SDKExplicitPrecompiledModules/Vision-92A67EOTVSWUCFE7N34JCIPAX.pcm /tmp/DaBin-AppStore-2026-10-02-SWUyJN/derived-data-final/SDKExplicitPrecompiledModules/_DarwinFoundation2-17PCARDAVX16BF8D85181ILP3.pcm /tmp/DaBin-AppStore-2026-10-02-SWUyJN/derived-data-final/SDKExplicitPrecompiledModules/Dispatch-AE6GEZZC8K4Y9DT0PV6LLHM63.pcm /tmp/DaBin-AppStore-2026-10-02-SWUyJN/derived-data-final/SDKExplicitPrecompiledModules/_Builtin_float-EC01AWP7D9CWVM82XO01JN0RV.pcm /tmp/DaBin-AppStore-2026-10-02-SWUyJN/derived-data-final/SDKExplicitPrecompiledModules/UserNotifications-6QMEIPR6NLE209C1OTEF7SB02.pcm /tmp/DaBin-AppStore-2026-10-02-SWUyJN/derived-data-final/SDKExplicitPrecompiledModules/libkern-5TZCUU7PQBAZ4TMVK60PTYSAH.pcm /tmp/DaBin-AppStore-2026-10-02-SWUyJN/derived-data-final/SDKExplicitPrecompiledModules/os-4OYOK0KA1EXPL306WAQFTNHUK.pcm /tmp/DaBin-AppStore-2026-10-02-SWUyJN/derived-data-final/SDKExplicitPrecompiledModules/PDFKit-7HKYER6PXWRH4VO3ICI7G9ARI.pcm /tmp/DaBin-AppStore-2026-10-02-SWUyJN/derived-data-final/SDKExplicitPrecompiledModules/XPC-6URJA48H8N2R6D4K3URXSPK6B.pcm /tmp/DaBin-AppStore-2026-10-02-SWUyJN/derived-data-final/SDKExplicitPrecompiledModules/_Builtin_stddef-965697GTG4VFI8M1AKA9JY8NZ.pcm /tmp/DaBin-AppStore-2026-10-02-SWUyJN/derived-data-final/SDKExplicitPrecompiledModules/VideoToolbox-2E620V90J1D1EJ4TP29WEYF9Y.pcm /tmp/DaBin-AppStore-2026-10-02-SWUyJN/derived-data-final/SDKExplicitPrecompiledModules/Carbon-92WTYCOKOZ8UG3ZXXLAO1TGXQ.pcm /tmp/DaBin-AppStore-2026-10-02-SWUyJN/derived-data-final/SDKExplicitPrecompiledModules/Metal-4WQ4STVR3QC4IV6E649NEJVU0.pcm /tmp/DaBin-AppStore-2026-10-02-SWUyJN/derived-data-final/SDKExplicitPrecompiledModules/MediaToolbox-3C8ZFK29I1OP2SUCAYJL9209P.pcm /tmp/DaBin-AppStore-2026-10-02-SWUyJN/derived-data-final/SDKExplicitPrecompiledModules/CoreGraphics-AX63UJPFYQBKLXNH643T4S6F7.pcm /tmp/DaBin-AppStore-2026-10-02-SWUyJN/derived-data-final/SDKExplicitPrecompiledModules/_Builtin_stdatomic-5JIDA1TKDJBXABKRCK50139B.pcm /tmp/DaBin-AppStore-2026-10-02-SWUyJN/derived-data-final/SDKExplicitPrecompiledModules/LinkPresentation-98U0WGJM2GZXCZLI7RYIT9I4F.pcm /tmp/DaBin-AppStore-2026-10-02-SWUyJN/derived-data-final/SDKExplicitPrecompiledModules/CoreData-ACA45ZMTKS10PZY01QX7YCVT1.pcm /tmp/DaBin-AppStore-2026-10-02-SWUyJN/derived-data-final/SDKExplicitPrecompiledModules/QuickLookThumbnailing-DVJSR4LFUCCQR7AB4N6FFIAYD.pcm /tmp/DaBin-AppStore-2026-10-02-SWUyJN/derived-data-final/SDKExplicitPrecompiledModules/AVKit-BLCR4OQNIJYY4F3VMBLN3HQ5U.pcm /tmp/DaBin-AppStore-2026-10-02-SWUyJN/derived-data-final/SDKExplicitPrecompiledModules/AudioToolbox-DZROD4GZ5C53I9VKDRRWNLJ3B.pcm /tmp/DaBin-AppStore-2026-10-02-SWUyJN/derived-data-final/SDKExplicitPrecompiledModules/ExtensionFoundation-5FBOES0XQ6WXQXR5HNJ5BX64N.pcm /tmp/DaBin-AppStore-2026-10-02-SWUyJN/derived-data-final/SDKExplicitPrecompiledModules/LocalAuthentication-E0T6OZV3JWVWCB9HDYO3KYZTS.pcm /tmp/DaBin-AppStore-2026-10-02-SWUyJN/derived-data-final/SDKExplicitPrecompiledModules/os_workgroup-8Z59UNXJVPWU64XACQQJFK0Q9.pcm /tmp/DaBin-AppStore-2026-10-02-SWUyJN/derived-data-final/SDKExplicitPrecompiledModules/UniformTypeIdentifiers-BXPKQIK4IU7SXGL7SDCA64169.pcm /tmp/DaBin-AppStore-2026-10-02-SWUyJN/derived-data-final/SDKExplicitPrecompiledModules/os_object-4DJ3M1OYLK9734EYRWHX4KLT4.pcm /tmp/DaBin-AppStore-2026-10-02-SWUyJN/derived-data-final/SDKExplicitPrecompiledModules/_AvailabilityInternal-D26WHJXRFT8SCCQD6WOQMQ2JY.pcm /tmp/DaBin-AppStore-2026-10-02-SWUyJN/derived-data-final/SDKExplicitPrecompiledModules/Symbols-5GCLUT80YS2LH8G7CKUMOIU76.pcm /tmp/DaBin-AppStore-2026-10-02-SWUyJN/derived-data-final/SDKExplicitPrecompiledModules/Cocoa-2SAQ740AIC1UVGYNON2QHO7GJ.pcm /tmp/DaBin-AppStore-2026-10-02-SWUyJN/derived-data-final/SDKExplicitPrecompiledModules/CoreAudioTypes-CPXZKO1OYO15FWFQY53YL2CPG.pcm /tmp/DaBin-AppStore-2026-10-02-SWUyJN/derived-data-final/SDKExplicitPrecompiledModules/CoreServices-2IDC07K9WPK1T0J9AVEXUT2XM.pcm /tmp/DaBin-AppStore-2026-10-02-SWUyJN/derived-data-final/SDKExplicitPrecompiledModules/CUPS-4MJUWI9WDBSKLE25BB5ZVKRV1.pcm /tmp/DaBin-AppStore-2026-10-02-SWUyJN/derived-data-final/SDKExplicitPrecompiledModules/CoreText-34RQQHEUZJARE8BRPJ30KXYAZ.pcm /tmp/DaBin-AppStore-2026-10-02-SWUyJN/derived-data-final/SDKExplicitPrecompiledModules/MachO-3V463GW6WXSRI3435NHSN3C26.pcm /tmp/DaBin-AppStore-2026-10-02-SWUyJN/derived-data-final/SDKExplicitPrecompiledModules/ObjectiveC-6HFM4YJ5FRDO2MB56838RD0JI.pcm /tmp/DaBin-AppStore-2026-10-02-SWUyJN/derived-data-final/SDKExplicitPrecompiledModules/_Builtin_stdarg-23EAUN0WH6BZ9O9WC72QIVF0O.pcm /tmp/DaBin-AppStore-2026-10-02-SWUyJN/derived-data-final/SDKExplicitPrecompiledModules/CoreMedia-5IKCEX3QNGAUOQSBKUT35VZKQ.pcm /tmp/DaBin-AppStore-2026-10-02-SWUyJN/derived-data-final/SDKExplicitPrecompiledModules/launch-8VGNAAOB7HLQQRWFXPMXYOU3S.pcm /tmp/DaBin-AppStore-2026-10-02-SWUyJN/derived-data-final/SDKExplicitPrecompiledModules/Spatial-6P78WJY1ZQIYH4C7X9FM6HYO1.pcm /tmp/DaBin-AppStore-2026-10-02-SWUyJN/derived-data-final/SDKExplicitPrecompiledModules/CFNetwork-EUJSYPRGEW7VNJ6CFBWARIGMW.pcm /tmp/DaBin-AppStore-2026-10-02-SWUyJN/derived-data-final/SDKExplicitPrecompiledModules/sys_types-A4L2X99FOZUHJPCMF2C16T675.pcm /tmp/DaBin-AppStore-2026-10-02-SWUyJN/derived-data-final/SDKExplicitPrecompiledModules/_Builtin_intrinsics-4UU43VWTENE8A4G5JY0PXHM75.pcm /tmp/DaBin-AppStore-2026-10-02-SWUyJN/derived-data-final/SDKExplicitPrecompiledModules/CoreMIDI-6EQA3KLT02993LYRE7YUYXCQR.pcm /tmp/DaBin-AppStore-2026-10-02-SWUyJN/derived-data-final/SDKExplicitPrecompiledModules/_Builtin_inttypes-C70IKLAS26JC86AGJXSLX1LZ8.pcm /tmp/DaBin-AppStore-2026-10-02-SWUyJN/derived-data-final/SDKExplicitPrecompiledModules/Darwin-DRD1S65OGU265AME50WKKNDBT.pcm /tmp/DaBin-AppStore-2026-10-02-SWUyJN/derived-data-final/SDKExplicitPrecompiledModules/CoreML-EQ1E34LDGD73ZO7U8PBGVK6SI.pcm /tmp/DaBin-AppStore-2026-10-02-SWUyJN/derived-data-final/SDKExplicitPrecompiledModules/Security-8LLPEV5GKR5BIE38OLHZGPZ7A.pcm /tmp/DaBin-AppStore-2026-10-02-SWUyJN/derived-data-final/SDKExplicitPrecompiledModules/_Builtin_limits-4CDHU8EKWABNXSAVY5GFZIU3I.pcm /tmp/DaBin-AppStore-2026-10-02-SWUyJN/derived-data-final/SDKExplicitPrecompiledModules/CoreVideo-7ILOOAVQBFH6TLWFQYSI014JB.pcm /tmp/DaBin-AppStore-2026-10-02-SWUyJN/derived-data-final/SDKExplicitPrecompiledModules/SwiftUI-873E3SDHNSP1479YPG35C9DIE.pcm /tmp/DaBin-AppStore-2026-10-02-SWUyJN/derived-data-final/SDKExplicitPrecompiledModules/Network-4W86CMFT61K4ZGRAS9X5PIWXQ.pcm /tmp/DaBin-AppStore-2026-10-02-SWUyJN/derived-data-final/SDKExplicitPrecompiledModules/IOKit-D7W4HNCYXKLPYVON9WW97X8K6.pcm /tmp/DaBin-AppStore-2026-10-02-SWUyJN/derived-data-final/SDKExplicitPrecompiledModules/DeveloperToolsSupport-15MX6C5XSDPUYZGJ2O5SFY2YG.pcm /tmp/DaBin-AppStore-2026-10-02-SWUyJN/derived-data-final/SDKExplicitPrecompiledModules/string_h-UKZIY1HWLI53HFPIOHFFORX8.pcm /tmp/DaBin-AppStore-2026-10-02-SWUyJN/derived-data-final/SDKExplicitPrecompiledModules/Accessibility-DFK2SN2AX0INHQ9O930U3663Z.pcm /tmp/DaBin-AppStore-2026-10-02-SWUyJN/derived-data-final/SDKExplicitPrecompiledModules/_DarwinFoundation3-39BV1KSE635LBKQXVU2GIBPP8.pcm /tmp/DaBin-AppStore-2026-10-02-SWUyJN/derived-data-final/SDKExplicitPrecompiledModules/CoreFoundation-EP8B7Y9YP5QJWAKXWA2YUKNSX.pcm /tmp/DaBin-AppStore-2026-10-02-SWUyJN/derived-data-final/SDKExplicitPrecompiledModules/ApplicationServices-CPNQX62FP64EXGPAWXK95UCMN.pcm /tmp/DaBin-AppStore-2026-10-02-SWUyJN/derived-data-final/SDKExplicitPrecompiledModules/OpenGL-2DHHQFUMRUB9KCW1VWHBAT2XC.pcm /tmp/DaBin-AppStore-2026-10-02-SWUyJN/derived-data-final/SDKExplicitPrecompiledModules/DiskArbitration-1ESHLD1A04ANNWUJMNAEXG354.pcm /tmp/DaBin-AppStore-2026-10-02-SWUyJN/derived-data-final/SDKExplicitPrecompiledModules/dnssd-2T7JWR40H8CLTFO5HIQP6HRCS.pcm /tmp/DaBin-AppStore-2026-10-02-SWUyJN/derived-data-final/SDKExplicitPrecompiledModules/ptrauth-DB1J3M1QTBESRHE6WV4XT2ZK8.pcm /tmp/DaBin-AppStore-2026-10-02-SWUyJN/derived-data-final/SDKExplicitPrecompiledModules/_SwiftConcurrencyShims-CTMCNCRG47X0PZ09EUJEVYW87.pcm /tmp/DaBin-AppStore-2026-10-02-SWUyJN/derived-data-final/SDKExplicitPrecompiledModules/AVFAudio-9EPNHIWZB0UEJ0UUF820ERKUY.pcm /tmp/DaBin-AppStore-2026-10-02-SWUyJN/derived-data-final/SDKExplicitPrecompiledModules/_Builtin_stdint-C6PQDYWQFX56A49FSZ5UGSNMQ.pcm /tmp/DaBin-AppStore-2026-10-02-SWUyJN/derived-data-final/SDKExplicitPrecompiledModules/simd-6Z2YKV58W904QBW511A20A5KU.pcm /tmp/DaBin-AppStore-2026-10-02-SWUyJN/derived-data-final/SDKExplicitPrecompiledModules/Accelerate-9PAD1EZZDLPQ9NIOL8H3DV6O9.pcm /tmp/DaBin-AppStore-2026-10-02-SWUyJN/derived-data-final/SDKExplicitPrecompiledModules/ptrcheck-7XRLDBIJEDQHB5YF8QMMM97AR.pcm /tmp/DaBin-AppStore-2026-10-02-SWUyJN/derived-data-final/SDKExplicitPrecompiledModules/Compression-57MIOFS8W5DPP8X6SNYQZSNT0.pcm /tmp/DaBin-AppStore-2026-10-02-SWUyJN/derived-data-final/SDKExplicitPrecompiledModules/SwiftUICore-6XGCGD87YLXLS82ZRHBVKDJT3.pcm /tmp/DaBin-AppStore-2026-10-02-SWUyJN/derived-data-final/SDKExplicitPrecompiledModules/libDER-7PS2VHGWAS0AQV2NTI801YQ6Q.pcm /tmp/DaBin-AppStore-2026-10-02-SWUyJN/derived-data-final/SDKExplicitPrecompiledModules/AppKit-22X1BI1Z0GJWS84923BWSXX0M.pcm /tmp/DaBin-AppStore-2026-10-02-SWUyJN/derived-data-final/SDKExplicitPrecompiledModules/_Builtin_tgmath-AU5UKOUBRBM86ZAQCYDOP4H59.pcm /tmp/DaBin-AppStore-2026-10-02-SWUyJN/derived-data-final/SDKExplicitPrecompiledModules/_Builtin_stdbool-8M8XC5CLWNF3QA40X64DIYULX.pcm /tmp/DaBin-AppStore-2026-10-02-SWUyJN/derived-data-final/SDKExplicitPrecompiledModules/CoreTransferable-91HT4DUHXTJ75O8RRO3IETGYM.pcm /tmp/DaBin-AppStore-2026-10-02-SWUyJN/derived-data-final/SDKExplicitPrecompiledModules/ImageIO-739L7ZE1Z7HMA3JBT3B0FBEGE.pcm /tmp/DaBin-AppStore-2026-10-02-SWUyJN/derived-data-final/SDKExplicitPrecompiledModules/CoreImage-4AQM6QY1VIXZOKJ60BWRJJI6J.pcm /tmp/DaBin-AppStore-2026-10-02-SWUyJN/derived-data-final/SDKExplicitPrecompiledModules/_DarwinFoundation1-369AGJUKZQXW5NW1UOAWHSVK5.pcm /tmp/DaBin-AppStore-2026-10-02-SWUyJN/derived-data-final/SDKExplicitPrecompiledModules/ColorSync-7WH77M4HQN3V6919J64VEH5DY.pcm /tmp/DaBin-AppStore-2026-10-02-SWUyJN/derived-data-final/SDKExplicitPrecompiledModules/Foundation-EY57N6C9KXX6DTX5HUMMRM7IH.pcm /tmp/DaBin-AppStore-2026-10-02-SWUyJN/derived-data-final/SDKExplicitPrecompiledModules/IOSurface-AKCWBB666PY698FQKTX9IB7YR.pcm /tmp/DaBin-AppStore-2026-10-02-SWUyJN/derived-data-final/SDKExplicitPrecompiledModules/QuartzCore-F2D3LYSD8JNXP7GC2TSGMWXVU.pcm /tmp/DaBin-AppStore-2026-10-02-SWUyJN/derived-data-final/SDKExplicitPrecompiledModules/AVFoundation-14QY46FENK578U8NSUXL8ZLIM.pcm /tmp/DaBin-AppStore-2026-10-02-SWUyJN/derived-data-final/SDKExplicitPrecompiledModules/OSLog-48VAT6LM0RJHWG11BGSDYZ4T3.pcm /tmp/DaBin-AppStore-2026-10-02-SWUyJN/derived-data-final/SDKExplicitPrecompiledModules/SwiftShims-97Y3SEZ8H723MQQ9O3150IHGH.pcm /tmp/DaBin-AppStore-2026-10-02-SWUyJN/derived-data-final/Build/Intermediates.noindex/ArchiveIntermediates/DaBin/IntermediateBuildFilesPath/DaBin.build/Release/DaBin.build/Objects-normal/arm64/DaBin-dependencies-1.json (in target 'DaBin' from project 'DaBin')

SwiftCompile normal arm64 (in target 'DaBin' from project 'DaBin')
    cd /Users/roeylibfeld/Documents/KARI\ Creatives/DaBin/native


SwiftDriverJobDiscovery normal arm64 Compiling AccessibilityAnnouncement.swift, AppDelegate.swift, AppState.swift, ApplicationCoordinator.swift, ApplicationMenu.swift, ArchiveBackup.swift, AutoCaptureFingerprint.swift, AutoCaptureRobotCelebration.swift, AutoCaptureRobotPresenter.swift, AutoCaptureService.swift, AutoCaptureSettings.swift, BoardComponents.swift, BoardResizeGeometry.swift, BoardView.swift, BoardWindowChrome.swift, BoredRobotView.swift, BuddyControls.swift, CaptureCardGroup.swift, CaptureCards.swift, CaptureClipboard.swift, CaptureCopyButton.swift, CaptureFilterStrip.swift, CapturePresentation.swift, CapturePreviews.swift, CaptureProvenance.swift, CaptureRemoval.swift, CaptureRepository.swift, CaptureSourceView.swift, CaptureStore.swift, CaptureTrailView.swift, ClipboardRetentionService.swift, ClipboardRetentionSettings.swift, CollectionPreviewMosaic.swift, ContentIndexService.swift, CornerController.swift, DaBinLogo.swift, DaBinMain.swift, DailyArchive.swift, DailyCaptureView.swift, DailyScreen.swift, DayExport.swift, DayExportUI.swift, DetailScreen.swift, Domain.swift, DraftArchive.swift, ExplorerItems.swift, ExplorerQuery.swift, ExplorerScreen.swift, ExplorerTransfer.swift, FittedPDFPreview.swift, GroupedCaptureCard.swift, HourlyCaptureCard.swift, HourlyCaptureFeed.swift, HoverTooltips.swift, InboxScreen.swift, InputService.swift, IslandRobotChoreography.swift, LibraryScreen.swift, NewNoteScreen.swift, OriginalFileStorage.swift, PreviewRequest.swift, PreviewService.swift, PrivacyInformation.swift, ProjectFileArchive.swift, ProjectPickerView.swift, QuickAccess.swift, QuietOrbitGeometry.swift, QuietOrbitVisualStyle.swift, ReminderClockEditor.swift, ReminderLifecycle.swift, ReminderSchedule.swift, ReminderService.swift, RemindersScreen.swift, RobotAppFrameView.swift, RobotCharacterView.swift, RobotLifecycle.swift, RobotMotion.swift, RobotPlacementSettings.swift, RobotView.swift, ScratchpadView.swift, ScreenshotFolderMonitor.swift, SearchScreen.swift, SettingsScreen.swift, ShelfCaptureController.swift, ShelfExport.swift, SoftwareUpdateService.swift, StatusBarController.swift, TaskAttachmentsView.swift, TaskEditorScreen.swift, TaskFocusControls.swift, TaskFocusSession.swift, TaskPlanning.swift, TaskPlanningEditor.swift, TaskTimerRobotPresenter.swift, TaskTimerRobotView.swift, ThemeSettings.swift, TodayPlanningScreen.swift, TransientMessagePresentation.swift, TrashScreen.swift, UpdateHandoff.swift, WeeklyScopeActions.swift, WeeklyScreen.swift, WindowDragHandle.swift, WorkspaceClipboard.swift, WorkspaceItemCard.swift, WorkspaceQuery.swift, WorkspaceStore.swift (in target 'DaBin' from project 'DaBin')

SwiftDriver\ Compilation\ Requirements DaBin normal arm64 com.apple.xcode.tools.swift.compiler (in target 'DaBin' from project 'DaBin')
    cd /Users/roeylibfeld/Documents/KARI\ Creatives/DaBin/native
    builtin-Swift-Compilation-Requirements -- /Applications/Xcode.app/Contents/Developer/Toolchains/XcodeDefault.xctoolchain/usr/bin/swiftc -module-name DaBin -O -whole-module-optimization @/tmp/DaBin-AppStore-2026-10-02-SWUyJN/derived-data-final/Build/Intermediates.noindex/ArchiveIntermediates/DaBin/IntermediateBuildFilesPath/DaBin.build/Release/DaBin.build/Objects-normal/arm64/DaBin.SwiftFileList -enable-bare-slash-regex -enable-experimental-feature DebugDescriptionMacro -sdk /Applications/Xcode.app/Contents/Developer/Platforms/MacOSX.platform/Developer/SDKs/MacOSX27.0.sdk -target arm64-apple-macos14.0 -g -module-cache-path /tmp/DaBin-AppStore-2026-10-02-SWUyJN/derived-data-final/ModuleCache.noindex -Xfrontend -serialize-debugging-options -warnings-as-errors -swift-version 5 -I /tmp/DaBin-AppStore-2026-10-02-SWUyJN/derived-data-final/Build/Intermediates.noindex/ArchiveIntermediates/DaBin/BuildProductsPath/Release -F /tmp/DaBin-AppStore-2026-10-02-SWUyJN/derived-data-final/Build/Intermediates.noindex/ArchiveIntermediates/DaBin/BuildProductsPath/Release -c -num-threads 15 -Xcc -ivfsstatcache -Xcc /tmp/DaBin-AppStore-2026-10-02-SWUyJN/derived-data-final/SDKStatCaches.noindex/macosx27.0-26A425-7231f6df4def33e022ae2eb8f782df1a.sdkstatcache -output-file-map /tmp/DaBin-AppStore-2026-10-02-SWUyJN/derived-data-final/Build/Intermediates.noindex/ArchiveIntermediates/DaBin/IntermediateBuildFilesPath/DaBin.build/Release/DaBin.build/Objects-normal/arm64/DaBin-OutputFileMap.json -save-temps -no-color-diagnostics -explicit-module-build -module-cache-path /tmp/DaBin-AppStore-2026-10-02-SWUyJN/derived-data-final/Build/Intermediates.noindex/ArchiveIntermediates/DaBin/IntermediateBuildFilesPath/SwiftExplicitPrecompiledModules -clang-scanner-module-cache-path /tmp/DaBin-AppStore-2026-10-02-SWUyJN/derived-data-final/ModuleCache.noindex -sdk-module-cache-path /tmp/DaBin-AppStore-2026-10-02-SWUyJN/derived-data-final/SDKExplicitPrecompiledModules -emit-dependencies -emit-module -emit-module-path /tmp/DaBin-AppStore-2026-10-02-SWUyJN/derived-data-final/Build/Intermediates.noindex/ArchiveIntermediates/DaBin/IntermediateBuildFilesPath/DaBin.build/Release/DaBin.build/Objects-normal/arm64/DaBin.swiftmodule -serialize-diagnostics -dependency-scan-serialize-diagnostics-path /tmp/DaBin-AppStore-2026-10-02-SWUyJN/derived-data-final/Build/Intermediates.noindex/ArchiveIntermediates/DaBin/IntermediateBuildFilesPath/DaBin.build/Release/DaBin.build/Objects-normal/arm64/DaBin-dependency-scan.dia -validate-clang-modules-once -clang-build-session-file /tmp/DaBin-AppStore-2026-10-02-SWUyJN/derived-data-final/ModuleCache.noindex/Session.modulevalidation -Xcc -fmodules-prune-interval\=86400 -Xcc -fmodules-prune-after\=345600 -emit-const-values -const-gather-protocols-list /tmp/DaBin-AppStore-2026-10-02-SWUyJN/derived-data-final/Build/Intermediates.noindex/ArchiveIntermediates/DaBin/IntermediateBuildFilesPath/DaBin.build/Release/DaBin.build/Objects-normal/arm64/DaBin_const_extract_protocols.json -Xcc -iquote -Xcc /tmp/DaBin-AppStore-2026-10-02-SWUyJN/derived-data-final/Build/Intermediates.noindex/ArchiveIntermediates/DaBin/IntermediateBuildFilesPath/DaBin.build/Release/DaBin.build/DaBin-generated-files.hmap -Xcc -I/tmp/DaBin-AppStore-2026-10-02-SWUyJN/derived-data-final/Build/Intermediates.noindex/ArchiveIntermediates/DaBin/IntermediateBuildFilesPath/DaBin.build/Release/DaBin.build/DaBin-own-target-headers.hmap -Xcc -I/tmp/DaBin-AppStore-2026-10-02-SWUyJN/derived-data-final/Build/Intermediates.noindex/ArchiveIntermediates/DaBin/IntermediateBuildFilesPath/DaBin.build/Release/DaBin.build/DaBin-all-target-headers.hmap -Xcc -iquote -Xcc /tmp/DaBin-AppStore-2026-10-02-SWUyJN/derived-data-final/Build/Intermediates.noindex/ArchiveIntermediates/DaBin/IntermediateBuildFilesPath/DaBin.build/Release/DaBin.build/DaBin-project-headers.hmap -Xcc -I/tmp/DaBin-AppStore-2026-10-02-SWUyJN/derived-data-final/Build/Intermediates.noindex/ArchiveIntermediates/DaBin/BuildProductsPath/Release/include -Xcc -I/tmp/DaBin-AppStore-2026-10-02-SWUyJN/derived-data-final/Build/Intermediates.noindex/ArchiveIntermediates/DaBin/IntermediateBuildFilesPath/DaBin.build/Release/DaBin.build/DerivedSources-normal/arm64 -Xcc -I/tmp/DaBin-AppStore-2026-10-02-SWUyJN/derived-data-final/Build/Intermediates.noindex/ArchiveIntermediates/DaBin/IntermediateBuildFilesPath/DaBin.build/Release/DaBin.build/DerivedSources/arm64 -Xcc -I/tmp/DaBin-AppStore-2026-10-02-SWUyJN/derived-data-final/Build/Intermediates.noindex/ArchiveIntermediates/DaBin/IntermediateBuildFilesPath/DaBin.build/Release/DaBin.build/DerivedSources -emit-objc-header -emit-objc-header-path /tmp/DaBin-AppStore-2026-10-02-SWUyJN/derived-data-final/Build/Intermediates.noindex/ArchiveIntermediates/DaBin/IntermediateBuildFilesPath/DaBin.build/Release/DaBin.build/Objects-normal/arm64/DaBin-Swift.h -working-directory /Users/roeylibfeld/Documents/KARI\ Creatives/DaBin/native -no-emit-module-separately-wmo

SwiftMergeGeneratedHeaders /tmp/DaBin-AppStore-2026-10-02-SWUyJN/derived-data-final/Build/Intermediates.noindex/ArchiveIntermediates/DaBin/IntermediateBuildFilesPath/DaBin.build/Release/DaBin.build/DerivedSources/DaBin-Swift.h /tmp/DaBin-AppStore-2026-10-02-SWUyJN/derived-data-final/Build/Intermediates.noindex/ArchiveIntermediates/DaBin/IntermediateBuildFilesPath/DaBin.build/Release/DaBin.build/Objects-normal/arm64/DaBin-Swift.h (in target 'DaBin' from project 'DaBin')
    cd /Users/roeylibfeld/Documents/KARI\ Creatives/DaBin/native
    builtin-swiftHeaderTool -arch arm64 /tmp/DaBin-AppStore-2026-10-02-SWUyJN/derived-data-final/Build/Intermediates.noindex/ArchiveIntermediates/DaBin/IntermediateBuildFilesPath/DaBin.build/Release/DaBin.build/Objects-normal/arm64/DaBin-Swift.h -o /tmp/DaBin-AppStore-2026-10-02-SWUyJN/derived-data-final/Build/Intermediates.noindex/ArchiveIntermediates/DaBin/IntermediateBuildFilesPath/DaBin.build/Release/DaBin.build/DerivedSources/DaBin-Swift.h

Copy /tmp/DaBin-AppStore-2026-10-02-SWUyJN/derived-data-final/Build/Intermediates.noindex/ArchiveIntermediates/DaBin/BuildProductsPath/Release/DaBin.swiftmodule/arm64-apple-macos.swiftdoc /tmp/DaBin-AppStore-2026-10-02-SWUyJN/derived-data-final/Build/Intermediates.noindex/ArchiveIntermediates/DaBin/IntermediateBuildFilesPath/DaBin.build/Release/DaBin.build/Objects-normal/arm64/DaBin.swiftdoc (in target 'DaBin' from project 'DaBin')
    cd /Users/roeylibfeld/Documents/KARI\ Creatives/DaBin/native
    builtin-copy -exclude .DS_Store -exclude CVS -exclude .svn -exclude .git -exclude .hg -strip-unsigned-binaries -strip-deterministic -strip-tool /Applications/Xcode.app/Contents/Developer/Toolchains/XcodeDefault.xctoolchain/usr/bin/strip -resolve-src-symlinks -rename /tmp/DaBin-AppStore-2026-10-02-SWUyJN/derived-data-final/Build/Intermediates.noindex/ArchiveIntermediates/DaBin/IntermediateBuildFilesPath/DaBin.build/Release/DaBin.build/Objects-normal/arm64/DaBin.swiftdoc /tmp/DaBin-AppStore-2026-10-02-SWUyJN/derived-data-final/Build/Intermediates.noindex/ArchiveIntermediates/DaBin/BuildProductsPath/Release/DaBin.swiftmodule/arm64-apple-macos.swiftdoc

Copy /tmp/DaBin-AppStore-2026-10-02-SWUyJN/derived-data-final/Build/Intermediates.noindex/ArchiveIntermediates/DaBin/BuildProductsPath/Release/DaBin.swiftmodule/arm64-apple-macos.abi.json /tmp/DaBin-AppStore-2026-10-02-SWUyJN/derived-data-final/Build/Intermediates.noindex/ArchiveIntermediates/DaBin/IntermediateBuildFilesPath/DaBin.build/Release/DaBin.build/Objects-normal/arm64/DaBin.abi.json (in target 'DaBin' from project 'DaBin')
    cd /Users/roeylibfeld/Documents/KARI\ Creatives/DaBin/native
    builtin-copy -exclude .DS_Store -exclude CVS -exclude .svn -exclude .git -exclude .hg -strip-unsigned-binaries -strip-deterministic -strip-tool /Applications/Xcode.app/Contents/Developer/Toolchains/XcodeDefault.xctoolchain/usr/bin/strip -resolve-src-symlinks -rename /tmp/DaBin-AppStore-2026-10-02-SWUyJN/derived-data-final/Build/Intermediates.noindex/ArchiveIntermediates/DaBin/IntermediateBuildFilesPath/DaBin.build/Release/DaBin.build/Objects-normal/arm64/DaBin.abi.json /tmp/DaBin-AppStore-2026-10-02-SWUyJN/derived-data-final/Build/Intermediates.noindex/ArchiveIntermediates/DaBin/BuildProductsPath/Release/DaBin.swiftmodule/arm64-apple-macos.abi.json

Copy /tmp/DaBin-AppStore-2026-10-02-SWUyJN/derived-data-final/Build/Intermediates.noindex/ArchiveIntermediates/DaBin/BuildProductsPath/Release/DaBin.swiftmodule/arm64-apple-macos.swiftmodule /tmp/DaBin-AppStore-2026-10-02-SWUyJN/derived-data-final/Build/Intermediates.noindex/ArchiveIntermediates/DaBin/IntermediateBuildFilesPath/DaBin.build/Release/DaBin.build/Objects-normal/arm64/DaBin.swiftmodule (in target 'DaBin' from project 'DaBin')
    cd /Users/roeylibfeld/Documents/KARI\ Creatives/DaBin/native
    builtin-copy -exclude .DS_Store -exclude CVS -exclude .svn -exclude .git -exclude .hg -strip-unsigned-binaries -strip-deterministic -strip-tool /Applications/Xcode.app/Contents/Developer/Toolchains/XcodeDefault.xctoolchain/usr/bin/strip -resolve-src-symlinks -rename /tmp/DaBin-AppStore-2026-10-02-SWUyJN/derived-data-final/Build/Intermediates.noindex/ArchiveIntermediates/DaBin/IntermediateBuildFilesPath/DaBin.build/Release/DaBin.build/Objects-normal/arm64/DaBin.swiftmodule /tmp/DaBin-AppStore-2026-10-02-SWUyJN/derived-data-final/Build/Intermediates.noindex/ArchiveIntermediates/DaBin/BuildProductsPath/Release/DaBin.swiftmodule/arm64-apple-macos.swiftmodule

Ld /tmp/DaBin-AppStore-2026-10-02-SWUyJN/derived-data-final/Build/Intermediates.noindex/ArchiveIntermediates/DaBin/InstallationBuildProductsLocation/Applications/DaBin.app/Contents/MacOS/DaBin normal (in target 'DaBin' from project 'DaBin')
    cd /Users/roeylibfeld/Documents/KARI\ Creatives/DaBin/native
    /Applications/Xcode.app/Contents/Developer/Toolchains/XcodeDefault.xctoolchain/usr/bin/clang -Xlinker -reproducible -target arm64-apple-macos14.0 -isysroot /Applications/Xcode.app/Contents/Developer/Platforms/MacOSX.platform/Developer/SDKs/MacOSX27.0.sdk -Os -Xlinker -no_warn_duplicate_libraries -L/tmp/DaBin-AppStore-2026-10-02-SWUyJN/derived-data-final/Build/Intermediates.noindex/ArchiveIntermediates/DaBin/IntermediateBuildFilesPath/EagerLinkingTBDs/Release -L/tmp/DaBin-AppStore-2026-10-02-SWUyJN/derived-data-final/Build/Intermediates.noindex/ArchiveIntermediates/DaBin/BuildProductsPath/Release -F/tmp/DaBin-AppStore-2026-10-02-SWUyJN/derived-data-final/Build/Intermediates.noindex/ArchiveIntermediates/DaBin/IntermediateBuildFilesPath/EagerLinkingTBDs/Release -F/tmp/DaBin-AppStore-2026-10-02-SWUyJN/derived-data-final/Build/Intermediates.noindex/ArchiveIntermediates/DaBin/BuildProductsPath/Release -filelist /tmp/DaBin-AppStore-2026-10-02-SWUyJN/derived-data-final/Build/Intermediates.noindex/ArchiveIntermediates/DaBin/IntermediateBuildFilesPath/DaBin.build/Release/DaBin.build/Objects-normal/arm64/DaBin.LinkFileList -Xlinker -rpath -Xlinker /usr/lib/swift -Xlinker -object_path_lto -Xlinker /tmp/DaBin-AppStore-2026-10-02-SWUyJN/derived-data-final/Build/Intermediates.noindex/ArchiveIntermediates/DaBin/IntermediateBuildFilesPath/DaBin.build/Release/DaBin.build/Objects-normal/arm64/DaBin_lto.o -Xlinker -final_output -Xlinker /Applications/DaBin.app/Contents/MacOS/DaBin -Xlinker -dependency_info -Xlinker /tmp/DaBin-AppStore-2026-10-02-SWUyJN/derived-data-final/Build/Intermediates.noindex/ArchiveIntermediates/DaBin/IntermediateBuildFilesPath/DaBin.build/Release/DaBin.build/Objects-normal/arm64/DaBin_dependency_info.dat -fobjc-link-runtime -L/Applications/Xcode.app/Contents/Developer/Toolchains/XcodeDefault.xctoolchain/usr/lib/swift/macosx -L/usr/lib/swift -Xlinker -add_ast_path -Xlinker /tmp/DaBin-AppStore-2026-10-02-SWUyJN/derived-data-final/Build/Intermediates.noindex/ArchiveIntermediates/DaBin/IntermediateBuildFilesPath/DaBin.build/Release/DaBin.build/Objects-normal/arm64/DaBin.swiftmodule -Xlinker -no_adhoc_codesign -o /tmp/DaBin-AppStore-2026-10-02-SWUyJN/derived-data-final/Build/Intermediates.noindex/ArchiveIntermediates/DaBin/InstallationBuildProductsLocation/Applications/DaBin.app/Contents/MacOS/DaBin

CopySwiftLibs /tmp/DaBin-AppStore-2026-10-02-SWUyJN/derived-data-final/Build/Intermediates.noindex/ArchiveIntermediates/DaBin/InstallationBuildProductsLocation/Applications/DaBin.app (in target 'DaBin' from project 'DaBin')
    cd /Users/roeylibfeld/Documents/KARI\ Creatives/DaBin/native
    builtin-swiftStdLibTool --copy --verbose --sign D71587B10060E08FD5E2312876531CDEE97266B6 --Xcodesign --timestamp\=none --scan-executable /tmp/DaBin-AppStore-2026-10-02-SWUyJN/derived-data-final/Build/Intermediates.noindex/ArchiveIntermediates/DaBin/InstallationBuildProductsLocation/Applications/DaBin.app/Contents/MacOS/DaBin --scan-folder /tmp/DaBin-AppStore-2026-10-02-SWUyJN/derived-data-final/Build/Intermediates.noindex/ArchiveIntermediates/DaBin/InstallationBuildProductsLocation/Applications/DaBin.app/Contents/Frameworks --scan-folder /tmp/DaBin-AppStore-2026-10-02-SWUyJN/derived-data-final/Build/Intermediates.noindex/ArchiveIntermediates/DaBin/InstallationBuildProductsLocation/Applications/DaBin.app/Contents/PlugIns --scan-folder /tmp/DaBin-AppStore-2026-10-02-SWUyJN/derived-data-final/Build/Intermediates.noindex/ArchiveIntermediates/DaBin/InstallationBuildProductsLocation/Applications/DaBin.app/Contents/Library/SystemExtensions --scan-folder /tmp/DaBin-AppStore-2026-10-02-SWUyJN/derived-data-final/Build/Intermediates.noindex/ArchiveIntermediates/DaBin/InstallationBuildProductsLocation/Applications/DaBin.app/Contents/Extensions --platform macosx --toolchain /Applications/Xcode.app/Contents/Developer/Toolchains/XcodeDefault.xctoolchain --destination /tmp/DaBin-AppStore-2026-10-02-SWUyJN/derived-data-final/Build/Intermediates.noindex/ArchiveIntermediates/DaBin/InstallationBuildProductsLocation/Applications/DaBin.app/Contents/Frameworks --unsigned-destination /tmp/DaBin-AppStore-2026-10-02-SWUyJN/derived-data-final/Build/Intermediates.noindex/ArchiveIntermediates/DaBin/BuildProductsPath/SwiftSupport --strip-bitcode --strip-bitcode-tool /Applications/Xcode.app/Contents/Developer/Toolchains/XcodeDefault.xctoolchain/usr/bin/bitcode_strip --emit-dependency-info /tmp/DaBin-AppStore-2026-10-02-SWUyJN/derived-data-final/Build/Intermediates.noindex/ArchiveIntermediates/DaBin/IntermediateBuildFilesPath/DaBin.build/Release/DaBin.build/SwiftStdLibToolInputDependencies.dep --filter-for-swift-os --back-deploy-swift-span

ExtractAppIntentsMetadata (in target 'DaBin' from project 'DaBin')
    cd /Users/roeylibfeld/Documents/KARI\ Creatives/DaBin/native
    /Applications/Xcode.app/Contents/Developer/Toolchains/XcodeDefault.xctoolchain/usr/bin/appintentsmetadataprocessor --toolchain-dir /Applications/Xcode.app/Contents/Developer/Toolchains/XcodeDefault.xctoolchain --module-name DaBin --sdk-root /Applications/Xcode.app/Contents/Developer/Platforms/MacOSX.platform/Developer/SDKs/MacOSX27.0.sdk --xcode-version 27A266a --platform-family macOS --deployment-target 14.0 --bundle-identifier com.dabin.mac --output /tmp/DaBin-AppStore-2026-10-02-SWUyJN/derived-data-final/Build/Intermediates.noindex/ArchiveIntermediates/DaBin/InstallationBuildProductsLocation/Applications/DaBin.app/Contents/Resources --target-triple arm64-apple-macos14.0 --binary-file /tmp/DaBin-AppStore-2026-10-02-SWUyJN/derived-data-final/Build/Intermediates.noindex/ArchiveIntermediates/DaBin/InstallationBuildProductsLocation/Applications/DaBin.app/Contents/MacOS/DaBin --dependency-file /tmp/DaBin-AppStore-2026-10-02-SWUyJN/derived-data-final/Build/Intermediates.noindex/ArchiveIntermediates/DaBin/IntermediateBuildFilesPath/DaBin.build/Release/DaBin.build/Objects-normal/arm64/DaBin_dependency_info.dat --stringsdata-file /tmp/DaBin-AppStore-2026-10-02-SWUyJN/derived-data-final/Build/Intermediates.noindex/ArchiveIntermediates/DaBin/IntermediateBuildFilesPath/DaBin.build/Release/DaBin.build/Objects-normal/arm64/ExtractedAppShortcutsMetadata.stringsdata --source-file-list /tmp/DaBin-AppStore-2026-10-02-SWUyJN/derived-data-final/Build/Intermediates.noindex/ArchiveIntermediates/DaBin/IntermediateBuildFilesPath/DaBin.build/Release/DaBin.build/Objects-normal/arm64/DaBin.SwiftFileList --metadata-file-list /tmp/DaBin-AppStore-2026-10-02-SWUyJN/derived-data-final/Build/Intermediates.noindex/ArchiveIntermediates/DaBin/IntermediateBuildFilesPath/DaBin.build/Release/DaBin.build/DaBin.DependencyMetadataFileList --static-metadata-file-list /tmp/DaBin-AppStore-2026-10-02-SWUyJN/derived-data-final/Build/Intermediates.noindex/ArchiveIntermediates/DaBin/IntermediateBuildFilesPath/DaBin.build/Release/DaBin.build/DaBin.DependencyStaticMetadataFileList --swift-const-vals-list /tmp/DaBin-AppStore-2026-10-02-SWUyJN/derived-data-final/Build/Intermediates.noindex/ArchiveIntermediates/DaBin/IntermediateBuildFilesPath/DaBin.build/Release/DaBin.build/Objects-normal/arm64/DaBin.SwiftConstValuesFileList --compile-time-extraction --deployment-aware-processing --no-app-shortcuts-localization
2026-10-02 02:12:09.138 appintentsmetadataprocessor[91730:21648140] Starting appintentsmetadataprocessor export
2026-10-02 02:12:09.139 appintentsmetadataprocessor[91730:21648140] warning: Metadata extraction skipped, no AppIntents.framework dependency found

GenerateDSYMFile /tmp/DaBin-AppStore-2026-10-02-SWUyJN/derived-data-final/Build/Intermediates.noindex/ArchiveIntermediates/DaBin/BuildProductsPath/Release/DaBin.app.dSYM /tmp/DaBin-AppStore-2026-10-02-SWUyJN/derived-data-final/Build/Intermediates.noindex/ArchiveIntermediates/DaBin/InstallationBuildProductsLocation/Applications/DaBin.app/Contents/MacOS/DaBin (in target 'DaBin' from project 'DaBin')
    cd /Users/roeylibfeld/Documents/KARI\ Creatives/DaBin/native
    export PATH\=/Applications/Xcode.app/Contents/SharedFrameworks/SwiftBuild.framework/Versions/A/PlugIns/SWBBuildService.bundle/Contents/PlugIns/SWBUniversalPlatformPlugin.bundle/Contents/Frameworks/SWBUniversalPlatform.framework/Resources:/Applications/Xcode.app/Contents/Developer/Toolchains/XcodeDefault.xctoolchain/usr/bin:/Applications/Xcode.app/Contents/Developer/Toolchains/XcodeDefault.xctoolchain/usr/local/bin:/Applications/Xcode.app/Contents/Developer/Toolchains/XcodeDefault.xctoolchain/usr/libexec:/Applications/Xcode.app/Contents/Developer/Platforms/MacOSX.platform/usr/bin:/Applications/Xcode.app/Contents/Developer/Platforms/MacOSX.platform/usr/local/bin:/Applications/Xcode.app/Contents/Developer/Platforms/MacOSX.platform/Developer/usr/bin:/Applications/Xcode.app/Contents/Developer/Platforms/MacOSX.platform/Developer/usr/local/bin:/Applications/Xcode.app/Contents/Developer/usr/bin:/Applications/Xcode.app/Contents/Developer/usr/local/bin:/Users/roeylibfeld/.local/bin:/opt/homebrew/bin:/opt/homebrew/sbin:/usr/local/bin:/System/Cryptexes/App/usr/bin:/usr/bin:/bin:/usr/sbin:/sbin:/var/run/com.apple.security.cryptexd/codex.system/bootstrap/usr/local/bin:/var/run/com.apple.security.cryptexd/codex.system/bootstrap/usr/bin:/var/run/com.apple.security.cryptexd/codex.system/bootstrap/usr/appleinternal/bin:/pkg/env/global/bin:/Library/Apple/usr/bin:/Applications/ChatGPT.app/Contents/Resources/codex-cli/codex-path:/Users/roeylibfeld/.codex/tmp/arg0/codex-arg0erB3jU:/Users/roeylibfeld/.cache/codex-runtimes/codex-primary-runtime/dependencies/bin/override:/Users/roeylibfeld/.cache/codex-runtimes/codex-primary-runtime/dependencies/bin/fallback:/Applications/ChatGPT.app/Contents/Resources:/Applications/ChatGPT.app/Contents/Resources/codex-cli/CodexCLI.app/Contents/MacOS
    /Applications/Xcode.app/Contents/Developer/Toolchains/XcodeDefault.xctoolchain/usr/bin/dsymutil /tmp/DaBin-AppStore-2026-10-02-SWUyJN/derived-data-final/Build/Intermediates.noindex/ArchiveIntermediates/DaBin/InstallationBuildProductsLocation/Applications/DaBin.app/Contents/MacOS/DaBin -o /tmp/DaBin-AppStore-2026-10-02-SWUyJN/derived-data-final/Build/Intermediates.noindex/ArchiveIntermediates/DaBin/BuildProductsPath/Release/DaBin.app.dSYM

Strip /tmp/DaBin-AppStore-2026-10-02-SWUyJN/derived-data-final/Build/Intermediates.noindex/ArchiveIntermediates/DaBin/InstallationBuildProductsLocation/Applications/DaBin.app/Contents/MacOS/DaBin (in target 'DaBin' from project 'DaBin')
    cd /Users/roeylibfeld/Documents/KARI\ Creatives/DaBin/native
    /Applications/Xcode.app/Contents/Developer/Toolchains/XcodeDefault.xctoolchain/usr/bin/strip -D /tmp/DaBin-AppStore-2026-10-02-SWUyJN/derived-data-final/Build/Intermediates.noindex/ArchiveIntermediates/DaBin/InstallationBuildProductsLocation/Applications/DaBin.app/Contents/MacOS/DaBin

SetOwnerAndGroup roeylibfeld:staff /tmp/DaBin-AppStore-2026-10-02-SWUyJN/derived-data-final/Build/Intermediates.noindex/ArchiveIntermediates/DaBin/InstallationBuildProductsLocation/Applications/DaBin.app (in target 'DaBin' from project 'DaBin')
    cd /Users/roeylibfeld/Documents/KARI\ Creatives/DaBin/native
    /usr/sbin/chown -RH roeylibfeld:staff /tmp/DaBin-AppStore-2026-10-02-SWUyJN/derived-data-final/Build/Intermediates.noindex/ArchiveIntermediates/DaBin/InstallationBuildProductsLocation/Applications/DaBin.app

SetMode u+w,go-w,a+rX /tmp/DaBin-AppStore-2026-10-02-SWUyJN/derived-data-final/Build/Intermediates.noindex/ArchiveIntermediates/DaBin/InstallationBuildProductsLocation/Applications/DaBin.app (in target 'DaBin' from project 'DaBin')
    cd /Users/roeylibfeld/Documents/KARI\ Creatives/DaBin/native
    /bin/chmod -RH u+w,go-w,a+rX /tmp/DaBin-AppStore-2026-10-02-SWUyJN/derived-data-final/Build/Intermediates.noindex/ArchiveIntermediates/DaBin/InstallationBuildProductsLocation/Applications/DaBin.app

CodeSign /tmp/DaBin-AppStore-2026-10-02-SWUyJN/derived-data-final/Build/Intermediates.noindex/ArchiveIntermediates/DaBin/InstallationBuildProductsLocation/Applications/DaBin.app (in target 'DaBin' from project 'DaBin')
    cd /Users/roeylibfeld/Documents/KARI\ Creatives/DaBin/native

    Signing Identity:     "Apple Development: [personal subject redacted for publication]"

    /usr/bin/codesign --force --sign D71587B10060E08FD5E2312876531CDEE97266B6 --timestamp\=none --entitlements /tmp/DaBin-AppStore-2026-10-02-SWUyJN/derived-data-final/Build/Intermediates.noindex/ArchiveIntermediates/DaBin/IntermediateBuildFilesPath/DaBin.build/Release/DaBin.build/DaBin.app.xcent --generate-entitlement-der /tmp/DaBin-AppStore-2026-10-02-SWUyJN/derived-data-final/Build/Intermediates.noindex/ArchiveIntermediates/DaBin/InstallationBuildProductsLocation/Applications/DaBin.app
Command CodeSign failed with a nonzero exit code

** BUILD INTERRUPTED **
