Command line invocation:
    /Applications/Xcode.app/Contents/Developer/usr/bin/xcodebuild -project "/Users/roeylibfeld/Documents/KARI Creatives/DaBin/native/DaBin.xcodeproj" -scheme DaBin -configuration Release -destination generic/platform=macOS -derivedDataPath "/Users/roeylibfeld/Documents/KARI Creatives/DaBin/native/build/store-shortcuts-ime-verified-20261005/derived-data" -disableAutomaticPackageResolution CODE_SIGNING_ALLOWED=NO CODE_SIGNING_REQUIRED=NO CODE_SIGN_IDENTITY= ARCHS=arm64 ONLY_ACTIVE_ARCH=NO SWIFT_ACTIVE_COMPILATION_CONDITIONS= "INFOPLIST_FILE=/Users/roeylibfeld/Documents/KARI Creatives/DaBin/native/build/store-shortcuts-ime-verified-20261005/Store-Info.plist" build

Build settings from command line:
    ARCHS = arm64
    CODE_SIGN_IDENTITY = 
    CODE_SIGNING_ALLOWED = NO
    CODE_SIGNING_REQUIRED = NO
    INFOPLIST_FILE = /Users/roeylibfeld/Documents/KARI Creatives/DaBin/native/build/store-shortcuts-ime-verified-20261005/Store-Info.plist
    ONLY_ACTIVE_ARCH = NO
    SWIFT_ACTIVE_COMPILATION_CONDITIONS = 

note: Using codesigning identity override: 
ComputePackagePrebuildTargetDependencyGraph

Prepare packages

CreateBuildRequest

SendProjectDescription

CreateBuildOperation

ComputeTargetDependencyGraph
note: Building targets in dependency order
note: Target dependency graph (1 target)
    Target 'DaBin' in project 'DaBin' (no dependencies)

GatherProvisioningInputs

CreateBuildDescription

ExecuteExternalTool /Applications/Xcode.app/Contents/Developer/Toolchains/XcodeDefault.xctoolchain/usr/bin/clang -v -E -dM -isysroot /Applications/Xcode.app/Contents/Developer/Platforms/MacOSX.platform/Developer/SDKs/MacOSX27.0.sdk -x c -c /dev/null

ExecuteExternalTool /Applications/Xcode.app/Contents/Developer/Toolchains/XcodeDefault.xctoolchain/usr/bin/swiftc --version

ExecuteExternalTool /Applications/Xcode.app/Contents/Developer/Toolchains/XcodeDefault.xctoolchain/usr/bin/ld -version_details

Build description signature: 9666a3f7e4f02d792f8c2613c6c95858
Build description path: /Users/roeylibfeld/Documents/KARI Creatives/DaBin/native/build/store-shortcuts-ime-verified-20261005/derived-data/Build/Intermediates.noindex/XCBuildData/9666a3f7e4f02d792f8c2613c6c95858.xcbuilddata
CreateBuildDirectory /Users/roeylibfeld/Documents/KARI\ Creatives/DaBin/native/build/store-shortcuts-ime-verified-20261005/derived-data/CompilationCache.noindex
    cd /Users/roeylibfeld/Documents/KARI\ Creatives/DaBin/native/DaBin.xcodeproj
    builtin-create-build-directory /Users/roeylibfeld/Documents/KARI\ Creatives/DaBin/native/build/store-shortcuts-ime-verified-20261005/derived-data/CompilationCache.noindex

CreateBuildDirectory /Users/roeylibfeld/Documents/KARI\ Creatives/DaBin/native/build/store-shortcuts-ime-verified-20261005/derived-data/SDKExplicitPrecompiledModules
    cd /Users/roeylibfeld/Documents/KARI\ Creatives/DaBin/native/DaBin.xcodeproj
    builtin-create-build-directory /Users/roeylibfeld/Documents/KARI\ Creatives/DaBin/native/build/store-shortcuts-ime-verified-20261005/derived-data/SDKExplicitPrecompiledModules

CreateBuildDirectory /Users/roeylibfeld/Documents/KARI\ Creatives/DaBin/native/build/store-shortcuts-ime-verified-20261005/derived-data/ModuleCache.noindex
    cd /Users/roeylibfeld/Documents/KARI\ Creatives/DaBin/native/DaBin.xcodeproj
    builtin-create-build-directory /Users/roeylibfeld/Documents/KARI\ Creatives/DaBin/native/build/store-shortcuts-ime-verified-20261005/derived-data/ModuleCache.noindex

ClangStatCache /Applications/Xcode.app/Contents/Developer/Toolchains/XcodeDefault.xctoolchain/usr/bin/clang-stat-cache /Applications/Xcode.app/Contents/Developer/Platforms/MacOSX.platform/Developer/SDKs/MacOSX27.0.sdk /Users/roeylibfeld/Documents/KARI\ Creatives/DaBin/native/build/store-shortcuts-ime-verified-20261005/derived-data/SDKStatCaches.noindex/macosx27.0-26A425-7231f6df4def33e022ae2eb8f782df1a.sdkstatcache
    cd /Users/roeylibfeld/Documents/KARI\ Creatives/DaBin/native/DaBin.xcodeproj
    /Applications/Xcode.app/Contents/Developer/Toolchains/XcodeDefault.xctoolchain/usr/bin/clang-stat-cache /Applications/Xcode.app/Contents/Developer/Platforms/MacOSX.platform/Developer/SDKs/MacOSX27.0.sdk -o /Users/roeylibfeld/Documents/KARI\ Creatives/DaBin/native/build/store-shortcuts-ime-verified-20261005/derived-data/SDKStatCaches.noindex/macosx27.0-26A425-7231f6df4def33e022ae2eb8f782df1a.sdkstatcache

CreateBuildDirectory /Users/roeylibfeld/Documents/KARI\ Creatives/DaBin/native/build/store-shortcuts-ime-verified-20261005/derived-data/Build/Intermediates.noindex
    cd /Users/roeylibfeld/Documents/KARI\ Creatives/DaBin/native/DaBin.xcodeproj
    builtin-create-build-directory /Users/roeylibfeld/Documents/KARI\ Creatives/DaBin/native/build/store-shortcuts-ime-verified-20261005/derived-data/Build/Intermediates.noindex

CreateBuildDirectory /Users/roeylibfeld/Documents/KARI\ Creatives/DaBin/native/build/store-shortcuts-ime-verified-20261005/derived-data/Build/Products
    cd /Users/roeylibfeld/Documents/KARI\ Creatives/DaBin/native/DaBin.xcodeproj
    builtin-create-build-directory /Users/roeylibfeld/Documents/KARI\ Creatives/DaBin/native/build/store-shortcuts-ime-verified-20261005/derived-data/Build/Products

CreateBuildDirectory /Users/roeylibfeld/Documents/KARI\ Creatives/DaBin/native/build/store-shortcuts-ime-verified-20261005/derived-data/Build/Products/Release
    cd /Users/roeylibfeld/Documents/KARI\ Creatives/DaBin/native/DaBin.xcodeproj
    builtin-create-build-directory /Users/roeylibfeld/Documents/KARI\ Creatives/DaBin/native/build/store-shortcuts-ime-verified-20261005/derived-data/Build/Products/Release

CreateBuildDirectory /Users/roeylibfeld/Documents/KARI\ Creatives/DaBin/native/build/store-shortcuts-ime-verified-20261005/derived-data/Build/Intermediates.noindex/SwiftExplicitPrecompiledModules
    cd /Users/roeylibfeld/Documents/KARI\ Creatives/DaBin/native/DaBin.xcodeproj
    builtin-create-build-directory /Users/roeylibfeld/Documents/KARI\ Creatives/DaBin/native/build/store-shortcuts-ime-verified-20261005/derived-data/Build/Intermediates.noindex/SwiftExplicitPrecompiledModules

WriteAuxiliaryFile /Users/roeylibfeld/Documents/KARI\ Creatives/DaBin/native/build/store-shortcuts-ime-verified-20261005/derived-data/Build/Intermediates.noindex/DaBin.build/Release/DaBin-3054bc69c6cf927e91acad80e75a3dd3-VFS/all-product-headers.yaml
    cd /Users/roeylibfeld/Documents/KARI\ Creatives/DaBin/native/DaBin.xcodeproj
    write-file /Users/roeylibfeld/Documents/KARI\ Creatives/DaBin/native/build/store-shortcuts-ime-verified-20261005/derived-data/Build/Intermediates.noindex/DaBin.build/Release/DaBin-3054bc69c6cf927e91acad80e75a3dd3-VFS/all-product-headers.yaml

CreateBuildDirectory /Users/roeylibfeld/Documents/KARI\ Creatives/DaBin/native/build/store-shortcuts-ime-verified-20261005/derived-data/Build/Intermediates.noindex/ExplicitPrecompiledModules
    cd /Users/roeylibfeld/Documents/KARI\ Creatives/DaBin/native/DaBin.xcodeproj
    builtin-create-build-directory /Users/roeylibfeld/Documents/KARI\ Creatives/DaBin/native/build/store-shortcuts-ime-verified-20261005/derived-data/Build/Intermediates.noindex/ExplicitPrecompiledModules

CreateBuildDirectory /Users/roeylibfeld/Documents/KARI\ Creatives/DaBin/native/build/store-shortcuts-ime-verified-20261005/derived-data/Build/Intermediates.noindex/PrecompiledHeaders
    cd /Users/roeylibfeld/Documents/KARI\ Creatives/DaBin/native/DaBin.xcodeproj
    builtin-create-build-directory /Users/roeylibfeld/Documents/KARI\ Creatives/DaBin/native/build/store-shortcuts-ime-verified-20261005/derived-data/Build/Intermediates.noindex/PrecompiledHeaders

CreateBuildDirectory /Users/roeylibfeld/Documents/KARI\ Creatives/DaBin/native/build/store-shortcuts-ime-verified-20261005/derived-data/Build/Intermediates.noindex/EagerLinkingTBDs/Release
    cd /Users/roeylibfeld/Documents/KARI\ Creatives/DaBin/native/DaBin.xcodeproj
    builtin-create-build-directory /Users/roeylibfeld/Documents/KARI\ Creatives/DaBin/native/build/store-shortcuts-ime-verified-20261005/derived-data/Build/Intermediates.noindex/EagerLinkingTBDs/Release

MkDir /Users/roeylibfeld/Documents/KARI\ Creatives/DaBin/native/build/store-shortcuts-ime-verified-20261005/derived-data/Build/Products/Release/DaBin.app (in target 'DaBin' from project 'DaBin')
    cd /Users/roeylibfeld/Documents/KARI\ Creatives/DaBin/native
    /bin/mkdir -p /Users/roeylibfeld/Documents/KARI\ Creatives/DaBin/native/build/store-shortcuts-ime-verified-20261005/derived-data/Build/Products/Release/DaBin.app

WriteAuxiliaryFile /Users/roeylibfeld/Documents/KARI\ Creatives/DaBin/native/build/store-shortcuts-ime-verified-20261005/derived-data/Build/Intermediates.noindex/DaBin.build/Release/DaBin.build/DaBin-own-target-headers.hmap (in target 'DaBin' from project 'DaBin')
    cd /Users/roeylibfeld/Documents/KARI\ Creatives/DaBin/native
    write-file /Users/roeylibfeld/Documents/KARI\ Creatives/DaBin/native/build/store-shortcuts-ime-verified-20261005/derived-data/Build/Intermediates.noindex/DaBin.build/Release/DaBin.build/DaBin-own-target-headers.hmap

WriteAuxiliaryFile /Users/roeylibfeld/Documents/KARI\ Creatives/DaBin/native/build/store-shortcuts-ime-verified-20261005/derived-data/Build/Intermediates.noindex/DaBin.build/Release/DaBin.build/DaBin-project-headers.hmap (in target 'DaBin' from project 'DaBin')
    cd /Users/roeylibfeld/Documents/KARI\ Creatives/DaBin/native
    write-file /Users/roeylibfeld/Documents/KARI\ Creatives/DaBin/native/build/store-shortcuts-ime-verified-20261005/derived-data/Build/Intermediates.noindex/DaBin.build/Release/DaBin.build/DaBin-project-headers.hmap

WriteAuxiliaryFile /Users/roeylibfeld/Documents/KARI\ Creatives/DaBin/native/build/store-shortcuts-ime-verified-20261005/derived-data/Build/Intermediates.noindex/DaBin.build/Release/DaBin.build/DaBin.hmap (in target 'DaBin' from project 'DaBin')
    cd /Users/roeylibfeld/Documents/KARI\ Creatives/DaBin/native
    write-file /Users/roeylibfeld/Documents/KARI\ Creatives/DaBin/native/build/store-shortcuts-ime-verified-20261005/derived-data/Build/Intermediates.noindex/DaBin.build/Release/DaBin.build/DaBin.hmap

WriteAuxiliaryFile /Users/roeylibfeld/Documents/KARI\ Creatives/DaBin/native/build/store-shortcuts-ime-verified-20261005/derived-data/Build/Intermediates.noindex/DaBin.build/Release/DaBin.build/DaBin.DependencyMetadataFileList (in target 'DaBin' from project 'DaBin')
    cd /Users/roeylibfeld/Documents/KARI\ Creatives/DaBin/native
    write-file /Users/roeylibfeld/Documents/KARI\ Creatives/DaBin/native/build/store-shortcuts-ime-verified-20261005/derived-data/Build/Intermediates.noindex/DaBin.build/Release/DaBin.build/DaBin.DependencyMetadataFileList

WriteAuxiliaryFile /Users/roeylibfeld/Documents/KARI\ Creatives/DaBin/native/build/store-shortcuts-ime-verified-20261005/derived-data/Build/Intermediates.noindex/DaBin.build/Release/DaBin.build/DaBin-generated-files.hmap (in target 'DaBin' from project 'DaBin')
    cd /Users/roeylibfeld/Documents/KARI\ Creatives/DaBin/native
    write-file /Users/roeylibfeld/Documents/KARI\ Creatives/DaBin/native/build/store-shortcuts-ime-verified-20261005/derived-data/Build/Intermediates.noindex/DaBin.build/Release/DaBin.build/DaBin-generated-files.hmap

WriteAuxiliaryFile /Users/roeylibfeld/Documents/KARI\ Creatives/DaBin/native/build/store-shortcuts-ime-verified-20261005/derived-data/Build/Intermediates.noindex/DaBin.build/Release/DaBin.build/DaBin.DependencyStaticMetadataFileList (in target 'DaBin' from project 'DaBin')
    cd /Users/roeylibfeld/Documents/KARI\ Creatives/DaBin/native
    write-file /Users/roeylibfeld/Documents/KARI\ Creatives/DaBin/native/build/store-shortcuts-ime-verified-20261005/derived-data/Build/Intermediates.noindex/DaBin.build/Release/DaBin.build/DaBin.DependencyStaticMetadataFileList

WriteAuxiliaryFile /Users/roeylibfeld/Documents/KARI\ Creatives/DaBin/native/build/store-shortcuts-ime-verified-20261005/derived-data/Build/Intermediates.noindex/DaBin.build/Release/DaBin.build/DaBin-all-target-headers.hmap (in target 'DaBin' from project 'DaBin')
    cd /Users/roeylibfeld/Documents/KARI\ Creatives/DaBin/native
    write-file /Users/roeylibfeld/Documents/KARI\ Creatives/DaBin/native/build/store-shortcuts-ime-verified-20261005/derived-data/Build/Intermediates.noindex/DaBin.build/Release/DaBin.build/DaBin-all-target-headers.hmap

WriteAuxiliaryFile /Users/roeylibfeld/Documents/KARI\ Creatives/DaBin/native/build/store-shortcuts-ime-verified-20261005/derived-data/Build/Intermediates.noindex/DaBin.build/Release/DaBin.build/DaBin-all-non-framework-target-headers.hmap (in target 'DaBin' from project 'DaBin')
    cd /Users/roeylibfeld/Documents/KARI\ Creatives/DaBin/native
    write-file /Users/roeylibfeld/Documents/KARI\ Creatives/DaBin/native/build/store-shortcuts-ime-verified-20261005/derived-data/Build/Intermediates.noindex/DaBin.build/Release/DaBin.build/DaBin-all-non-framework-target-headers.hmap

WriteAuxiliaryFile /Users/roeylibfeld/Documents/KARI\ Creatives/DaBin/native/build/store-shortcuts-ime-verified-20261005/derived-data/Build/Intermediates.noindex/DaBin.build/Release/DaBin.build/Objects-normal/arm64/DaBin.SwiftConstValuesFileList (in target 'DaBin' from project 'DaBin')
    cd /Users/roeylibfeld/Documents/KARI\ Creatives/DaBin/native
    write-file /Users/roeylibfeld/Documents/KARI\ Creatives/DaBin/native/build/store-shortcuts-ime-verified-20261005/derived-data/Build/Intermediates.noindex/DaBin.build/Release/DaBin.build/Objects-normal/arm64/DaBin.SwiftConstValuesFileList

WriteAuxiliaryFile /Users/roeylibfeld/Documents/KARI\ Creatives/DaBin/native/build/store-shortcuts-ime-verified-20261005/derived-data/Build/Intermediates.noindex/DaBin.build/Release/DaBin.build/Objects-normal/arm64/DaBin.LinkFileList (in target 'DaBin' from project 'DaBin')
    cd /Users/roeylibfeld/Documents/KARI\ Creatives/DaBin/native
    write-file /Users/roeylibfeld/Documents/KARI\ Creatives/DaBin/native/build/store-shortcuts-ime-verified-20261005/derived-data/Build/Intermediates.noindex/DaBin.build/Release/DaBin.build/Objects-normal/arm64/DaBin.LinkFileList

WriteAuxiliaryFile /Users/roeylibfeld/Documents/KARI\ Creatives/DaBin/native/build/store-shortcuts-ime-verified-20261005/derived-data/Build/Intermediates.noindex/DaBin.build/Release/DaBin.build/Objects-normal/arm64/DaBin_const_extract_protocols.json (in target 'DaBin' from project 'DaBin')
    cd /Users/roeylibfeld/Documents/KARI\ Creatives/DaBin/native
    write-file /Users/roeylibfeld/Documents/KARI\ Creatives/DaBin/native/build/store-shortcuts-ime-verified-20261005/derived-data/Build/Intermediates.noindex/DaBin.build/Release/DaBin.build/Objects-normal/arm64/DaBin_const_extract_protocols.json

WriteAuxiliaryFile /Users/roeylibfeld/Documents/KARI\ Creatives/DaBin/native/build/store-shortcuts-ime-verified-20261005/derived-data/Build/Intermediates.noindex/DaBin.build/Release/DaBin.build/Objects-normal/arm64/DaBin-OutputFileMap.json (in target 'DaBin' from project 'DaBin')
    cd /Users/roeylibfeld/Documents/KARI\ Creatives/DaBin/native
    write-file /Users/roeylibfeld/Documents/KARI\ Creatives/DaBin/native/build/store-shortcuts-ime-verified-20261005/derived-data/Build/Intermediates.noindex/DaBin.build/Release/DaBin.build/Objects-normal/arm64/DaBin-OutputFileMap.json

WriteAuxiliaryFile /Users/roeylibfeld/Documents/KARI\ Creatives/DaBin/native/build/store-shortcuts-ime-verified-20261005/derived-data/Build/Intermediates.noindex/DaBin.build/Release/DaBin.build/Objects-normal/arm64/DaBin.SwiftFileList (in target 'DaBin' from project 'DaBin')
    cd /Users/roeylibfeld/Documents/KARI\ Creatives/DaBin/native
    write-file /Users/roeylibfeld/Documents/KARI\ Creatives/DaBin/native/build/store-shortcuts-ime-verified-20261005/derived-data/Build/Intermediates.noindex/DaBin.build/Release/DaBin.build/Objects-normal/arm64/DaBin.SwiftFileList

MkDir /Users/roeylibfeld/Documents/KARI\ Creatives/DaBin/native/build/store-shortcuts-ime-verified-20261005/derived-data/Build/Products/Release/DaBin.app/Contents/Resources (in target 'DaBin' from project 'DaBin')
    cd /Users/roeylibfeld/Documents/KARI\ Creatives/DaBin/native
    /bin/mkdir -p /Users/roeylibfeld/Documents/KARI\ Creatives/DaBin/native/build/store-shortcuts-ime-verified-20261005/derived-data/Build/Products/Release/DaBin.app/Contents/Resources

MkDir /Users/roeylibfeld/Documents/KARI\ Creatives/DaBin/native/build/store-shortcuts-ime-verified-20261005/derived-data/Build/Products/Release/DaBin.app/Contents (in target 'DaBin' from project 'DaBin')
    cd /Users/roeylibfeld/Documents/KARI\ Creatives/DaBin/native
    /bin/mkdir -p /Users/roeylibfeld/Documents/KARI\ Creatives/DaBin/native/build/store-shortcuts-ime-verified-20261005/derived-data/Build/Products/Release/DaBin.app/Contents

MkDir /Users/roeylibfeld/Documents/KARI\ Creatives/DaBin/native/build/store-shortcuts-ime-verified-20261005/derived-data/Build/Products/Release/DaBin.app/Contents/MacOS (in target 'DaBin' from project 'DaBin')
    cd /Users/roeylibfeld/Documents/KARI\ Creatives/DaBin/native
    /bin/mkdir -p /Users/roeylibfeld/Documents/KARI\ Creatives/DaBin/native/build/store-shortcuts-ime-verified-20261005/derived-data/Build/Products/Release/DaBin.app/Contents/MacOS

CpResource /Users/roeylibfeld/Documents/KARI\ Creatives/DaBin/native/build/store-shortcuts-ime-verified-20261005/derived-data/Build/Products/Release/DaBin.app/Contents/Resources/robot.svg /Users/roeylibfeld/Documents/KARI\ Creatives/DaBin/native/Resources/robot.svg (in target 'DaBin' from project 'DaBin')
    cd /Users/roeylibfeld/Documents/KARI\ Creatives/DaBin/native
    builtin-copy -exclude .DS_Store -exclude CVS -exclude .svn -exclude .git -exclude .hg -strip-unsigned-binaries -strip-deterministic -strip-tool /Applications/Xcode.app/Contents/Developer/Toolchains/XcodeDefault.xctoolchain/usr/bin/strip -resolve-src-symlinks /Users/roeylibfeld/Documents/KARI\ Creatives/DaBin/native/Resources/robot.svg /Users/roeylibfeld/Documents/KARI\ Creatives/DaBin/native/build/store-shortcuts-ime-verified-20261005/derived-data/Build/Products/Release/DaBin.app/Contents/Resources

CpResource /Users/roeylibfeld/Documents/KARI\ Creatives/DaBin/native/build/store-shortcuts-ime-verified-20261005/derived-data/Build/Products/Release/DaBin.app/Contents/Resources/PrivacyPolicy.md /Users/roeylibfeld/Documents/KARI\ Creatives/DaBin/native/Resources/PrivacyPolicy.md (in target 'DaBin' from project 'DaBin')
    cd /Users/roeylibfeld/Documents/KARI\ Creatives/DaBin/native
    builtin-copy -exclude .DS_Store -exclude CVS -exclude .svn -exclude .git -exclude .hg -strip-unsigned-binaries -strip-deterministic -strip-tool /Applications/Xcode.app/Contents/Developer/Toolchains/XcodeDefault.xctoolchain/usr/bin/strip -resolve-src-symlinks /Users/roeylibfeld/Documents/KARI\ Creatives/DaBin/native/Resources/PrivacyPolicy.md /Users/roeylibfeld/Documents/KARI\ Creatives/DaBin/native/build/store-shortcuts-ime-verified-20261005/derived-data/Build/Products/Release/DaBin.app/Contents/Resources

ProcessInfoPlistFile /Users/roeylibfeld/Documents/KARI\ Creatives/DaBin/native/build/store-shortcuts-ime-verified-20261005/derived-data/Build/Products/Release/DaBin.app/Contents/Info.plist /Users/roeylibfeld/Documents/KARI\ Creatives/DaBin/native/build/store-shortcuts-ime-verified-20261005/Store-Info.plist (in target 'DaBin' from project 'DaBin')
    cd /Users/roeylibfeld/Documents/KARI\ Creatives/DaBin/native
    builtin-infoPlistUtility /Users/roeylibfeld/Documents/KARI\ Creatives/DaBin/native/build/store-shortcuts-ime-verified-20261005/Store-Info.plist -producttype com.apple.product-type.application -genpkginfo /Users/roeylibfeld/Documents/KARI\ Creatives/DaBin/native/build/store-shortcuts-ime-verified-20261005/derived-data/Build/Products/Release/DaBin.app/Contents/PkgInfo -expandbuildsettings -platform macosx -o /Users/roeylibfeld/Documents/KARI\ Creatives/DaBin/native/build/store-shortcuts-ime-verified-20261005/derived-data/Build/Products/Release/DaBin.app/Contents/Info.plist

CpResource /Users/roeylibfeld/Documents/KARI\ Creatives/DaBin/native/build/store-shortcuts-ime-verified-20261005/derived-data/Build/Products/Release/DaBin.app/Contents/Resources/PrivacyInfo.xcprivacy /Users/roeylibfeld/Documents/KARI\ Creatives/DaBin/native/Resources/PrivacyInfo.xcprivacy (in target 'DaBin' from project 'DaBin')
    cd /Users/roeylibfeld/Documents/KARI\ Creatives/DaBin/native
    builtin-copy -exclude .DS_Store -exclude CVS -exclude .svn -exclude .git -exclude .hg -strip-unsigned-binaries -strip-deterministic -strip-tool /Applications/Xcode.app/Contents/Developer/Toolchains/XcodeDefault.xctoolchain/usr/bin/strip -resolve-src-symlinks /Users/roeylibfeld/Documents/KARI\ Creatives/DaBin/native/Resources/PrivacyInfo.xcprivacy /Users/roeylibfeld/Documents/KARI\ Creatives/DaBin/native/build/store-shortcuts-ime-verified-20261005/derived-data/Build/Products/Release/DaBin.app/Contents/Resources

CpResource /Users/roeylibfeld/Documents/KARI\ Creatives/DaBin/native/build/store-shortcuts-ime-verified-20261005/derived-data/Build/Products/Release/DaBin.app/Contents/Resources/AppIcon.icns /Users/roeylibfeld/Documents/KARI\ Creatives/DaBin/native/Resources/AppIcon.icns (in target 'DaBin' from project 'DaBin')
    cd /Users/roeylibfeld/Documents/KARI\ Creatives/DaBin/native
    builtin-copy -exclude .DS_Store -exclude CVS -exclude .svn -exclude .git -exclude .hg -strip-unsigned-binaries -strip-deterministic -strip-tool /Applications/Xcode.app/Contents/Developer/Toolchains/XcodeDefault.xctoolchain/usr/bin/strip -resolve-src-symlinks /Users/roeylibfeld/Documents/KARI\ Creatives/DaBin/native/Resources/AppIcon.icns /Users/roeylibfeld/Documents/KARI\ Creatives/DaBin/native/build/store-shortcuts-ime-verified-20261005/derived-data/Build/Products/Release/DaBin.app/Contents/Resources

SwiftDriver DaBin normal arm64 com.apple.xcode.tools.swift.compiler (in target 'DaBin' from project 'DaBin')
    cd /Users/roeylibfeld/Documents/KARI\ Creatives/DaBin/native
    builtin-SwiftDriver -- /Applications/Xcode.app/Contents/Developer/Toolchains/XcodeDefault.xctoolchain/usr/bin/swiftc -module-name DaBin -O -whole-module-optimization @/Users/roeylibfeld/Documents/KARI\ Creatives/DaBin/native/build/store-shortcuts-ime-verified-20261005/derived-data/Build/Intermediates.noindex/DaBin.build/Release/DaBin.build/Objects-normal/arm64/DaBin.SwiftFileList -enable-bare-slash-regex -enable-experimental-feature DebugDescriptionMacro -sdk /Applications/Xcode.app/Contents/Developer/Platforms/MacOSX.platform/Developer/SDKs/MacOSX27.0.sdk -target arm64-apple-macos14.0 -g -module-cache-path /Users/roeylibfeld/Documents/KARI\ Creatives/DaBin/native/build/store-shortcuts-ime-verified-20261005/derived-data/ModuleCache.noindex -Xfrontend -serialize-debugging-options -warnings-as-errors -swift-version 5 -I /Users/roeylibfeld/Documents/KARI\ Creatives/DaBin/native/build/store-shortcuts-ime-verified-20261005/derived-data/Build/Products/Release -F /Users/roeylibfeld/Documents/KARI\ Creatives/DaBin/native/build/store-shortcuts-ime-verified-20261005/derived-data/Build/Products/Release -c -num-threads 15 -Xcc -ivfsstatcache -Xcc /Users/roeylibfeld/Documents/KARI\ Creatives/DaBin/native/build/store-shortcuts-ime-verified-20261005/derived-data/SDKStatCaches.noindex/macosx27.0-26A425-7231f6df4def33e022ae2eb8f782df1a.sdkstatcache -output-file-map /Users/roeylibfeld/Documents/KARI\ Creatives/DaBin/native/build/store-shortcuts-ime-verified-20261005/derived-data/Build/Intermediates.noindex/DaBin.build/Release/DaBin.build/Objects-normal/arm64/DaBin-OutputFileMap.json -save-temps -no-color-diagnostics -explicit-module-build -module-cache-path /Users/roeylibfeld/Documents/KARI\ Creatives/DaBin/native/build/store-shortcuts-ime-verified-20261005/derived-data/Build/Intermediates.noindex/SwiftExplicitPrecompiledModules -clang-scanner-module-cache-path /Users/roeylibfeld/Documents/KARI\ Creatives/DaBin/native/build/store-shortcuts-ime-verified-20261005/derived-data/ModuleCache.noindex -sdk-module-cache-path /Users/roeylibfeld/Documents/KARI\ Creatives/DaBin/native/build/store-shortcuts-ime-verified-20261005/derived-data/SDKExplicitPrecompiledModules -emit-dependencies -emit-module -emit-module-path /Users/roeylibfeld/Documents/KARI\ Creatives/DaBin/native/build/store-shortcuts-ime-verified-20261005/derived-data/Build/Intermediates.noindex/DaBin.build/Release/DaBin.build/Objects-normal/arm64/DaBin.swiftmodule -serialize-diagnostics -dependency-scan-serialize-diagnostics-path /Users/roeylibfeld/Documents/KARI\ Creatives/DaBin/native/build/store-shortcuts-ime-verified-20261005/derived-data/Build/Intermediates.noindex/DaBin.build/Release/DaBin.build/Objects-normal/arm64/DaBin-dependency-scan.dia -validate-clang-modules-once -clang-build-session-file /Users/roeylibfeld/Documents/KARI\ Creatives/DaBin/native/build/store-shortcuts-ime-verified-20261005/derived-data/ModuleCache.noindex/Session.modulevalidation -Xcc -fmodules-prune-interval\=86400 -Xcc -fmodules-prune-after\=345600 -emit-const-values -const-gather-protocols-list /Users/roeylibfeld/Documents/KARI\ Creatives/DaBin/native/build/store-shortcuts-ime-verified-20261005/derived-data/Build/Intermediates.noindex/DaBin.build/Release/DaBin.build/Objects-normal/arm64/DaBin_const_extract_protocols.json -Xcc -iquote -Xcc /Users/roeylibfeld/Documents/KARI\ Creatives/DaBin/native/build/store-shortcuts-ime-verified-20261005/derived-data/Build/Intermediates.noindex/DaBin.build/Release/DaBin.build/DaBin-generated-files.hmap -Xcc -I/Users/roeylibfeld/Documents/KARI\ Creatives/DaBin/native/build/store-shortcuts-ime-verified-20261005/derived-data/Build/Intermediates.noindex/DaBin.build/Release/DaBin.build/DaBin-own-target-headers.hmap -Xcc -I/Users/roeylibfeld/Documents/KARI\ Creatives/DaBin/native/build/store-shortcuts-ime-verified-20261005/derived-data/Build/Intermediates.noindex/DaBin.build/Release/DaBin.build/DaBin-all-target-headers.hmap -Xcc -iquote -Xcc /Users/roeylibfeld/Documents/KARI\ Creatives/DaBin/native/build/store-shortcuts-ime-verified-20261005/derived-data/Build/Intermediates.noindex/DaBin.build/Release/DaBin.build/DaBin-project-headers.hmap -Xcc -I/Users/roeylibfeld/Documents/KARI\ Creatives/DaBin/native/build/store-shortcuts-ime-verified-20261005/derived-data/Build/Products/Release/include -Xcc -I/Users/roeylibfeld/Documents/KARI\ Creatives/DaBin/native/build/store-shortcuts-ime-verified-20261005/derived-data/Build/Intermediates.noindex/DaBin.build/Release/DaBin.build/DerivedSources-normal/arm64 -Xcc -I/Users/roeylibfeld/Documents/KARI\ Creatives/DaBin/native/build/store-shortcuts-ime-verified-20261005/derived-data/Build/Intermediates.noindex/DaBin.build/Release/DaBin.build/DerivedSources/arm64 -Xcc -I/Users/roeylibfeld/Documents/KARI\ Creatives/DaBin/native/build/store-shortcuts-ime-verified-20261005/derived-data/Build/Intermediates.noindex/DaBin.build/Release/DaBin.build/DerivedSources -emit-objc-header -emit-objc-header-path /Users/roeylibfeld/Documents/KARI\ Creatives/DaBin/native/build/store-shortcuts-ime-verified-20261005/derived-data/Build/Intermediates.noindex/DaBin.build/Release/DaBin.build/Objects-normal/arm64/DaBin-Swift.h -working-directory /Users/roeylibfeld/Documents/KARI\ Creatives/DaBin/native -no-emit-module-separately-wmo

SwiftDriver\ Compilation DaBin normal arm64 com.apple.xcode.tools.swift.compiler (in target 'DaBin' from project 'DaBin')
    cd /Users/roeylibfeld/Documents/KARI\ Creatives/DaBin/native
    builtin-Swift-Compilation -- /Applications/Xcode.app/Contents/Developer/Toolchains/XcodeDefault.xctoolchain/usr/bin/swiftc -module-name DaBin -O -whole-module-optimization @/Users/roeylibfeld/Documents/KARI\ Creatives/DaBin/native/build/store-shortcuts-ime-verified-20261005/derived-data/Build/Intermediates.noindex/DaBin.build/Release/DaBin.build/Objects-normal/arm64/DaBin.SwiftFileList -enable-bare-slash-regex -enable-experimental-feature DebugDescriptionMacro -sdk /Applications/Xcode.app/Contents/Developer/Platforms/MacOSX.platform/Developer/SDKs/MacOSX27.0.sdk -target arm64-apple-macos14.0 -g -module-cache-path /Users/roeylibfeld/Documents/KARI\ Creatives/DaBin/native/build/store-shortcuts-ime-verified-20261005/derived-data/ModuleCache.noindex -Xfrontend -serialize-debugging-options -warnings-as-errors -swift-version 5 -I /Users/roeylibfeld/Documents/KARI\ Creatives/DaBin/native/build/store-shortcuts-ime-verified-20261005/derived-data/Build/Products/Release -F /Users/roeylibfeld/Documents/KARI\ Creatives/DaBin/native/build/store-shortcuts-ime-verified-20261005/derived-data/Build/Products/Release -c -num-threads 15 -Xcc -ivfsstatcache -Xcc /Users/roeylibfeld/Documents/KARI\ Creatives/DaBin/native/build/store-shortcuts-ime-verified-20261005/derived-data/SDKStatCaches.noindex/macosx27.0-26A425-7231f6df4def33e022ae2eb8f782df1a.sdkstatcache -output-file-map /Users/roeylibfeld/Documents/KARI\ Creatives/DaBin/native/build/store-shortcuts-ime-verified-20261005/derived-data/Build/Intermediates.noindex/DaBin.build/Release/DaBin.build/Objects-normal/arm64/DaBin-OutputFileMap.json -save-temps -no-color-diagnostics -explicit-module-build -module-cache-path /Users/roeylibfeld/Documents/KARI\ Creatives/DaBin/native/build/store-shortcuts-ime-verified-20261005/derived-data/Build/Intermediates.noindex/SwiftExplicitPrecompiledModules -clang-scanner-module-cache-path /Users/roeylibfeld/Documents/KARI\ Creatives/DaBin/native/build/store-shortcuts-ime-verified-20261005/derived-data/ModuleCache.noindex -sdk-module-cache-path /Users/roeylibfeld/Documents/KARI\ Creatives/DaBin/native/build/store-shortcuts-ime-verified-20261005/derived-data/SDKExplicitPrecompiledModules -emit-dependencies -emit-module -emit-module-path /Users/roeylibfeld/Documents/KARI\ Creatives/DaBin/native/build/store-shortcuts-ime-verified-20261005/derived-data/Build/Intermediates.noindex/DaBin.build/Release/DaBin.build/Objects-normal/arm64/DaBin.swiftmodule -serialize-diagnostics -dependency-scan-serialize-diagnostics-path /Users/roeylibfeld/Documents/KARI\ Creatives/DaBin/native/build/store-shortcuts-ime-verified-20261005/derived-data/Build/Intermediates.noindex/DaBin.build/Release/DaBin.build/Objects-normal/arm64/DaBin-dependency-scan.dia -validate-clang-modules-once -clang-build-session-file /Users/roeylibfeld/Documents/KARI\ Creatives/DaBin/native/build/store-shortcuts-ime-verified-20261005/derived-data/ModuleCache.noindex/Session.modulevalidation -Xcc -fmodules-prune-interval\=86400 -Xcc -fmodules-prune-after\=345600 -emit-const-values -const-gather-protocols-list /Users/roeylibfeld/Documents/KARI\ Creatives/DaBin/native/build/store-shortcuts-ime-verified-20261005/derived-data/Build/Intermediates.noindex/DaBin.build/Release/DaBin.build/Objects-normal/arm64/DaBin_const_extract_protocols.json -Xcc -iquote -Xcc /Users/roeylibfeld/Documents/KARI\ Creatives/DaBin/native/build/store-shortcuts-ime-verified-20261005/derived-data/Build/Intermediates.noindex/DaBin.build/Release/DaBin.build/DaBin-generated-files.hmap -Xcc -I/Users/roeylibfeld/Documents/KARI\ Creatives/DaBin/native/build/store-shortcuts-ime-verified-20261005/derived-data/Build/Intermediates.noindex/DaBin.build/Release/DaBin.build/DaBin-own-target-headers.hmap -Xcc -I/Users/roeylibfeld/Documents/KARI\ Creatives/DaBin/native/build/store-shortcuts-ime-verified-20261005/derived-data/Build/Intermediates.noindex/DaBin.build/Release/DaBin.build/DaBin-all-target-headers.hmap -Xcc -iquote -Xcc /Users/roeylibfeld/Documents/KARI\ Creatives/DaBin/native/build/store-shortcuts-ime-verified-20261005/derived-data/Build/Intermediates.noindex/DaBin.build/Release/DaBin.build/DaBin-project-headers.hmap -Xcc -I/Users/roeylibfeld/Documents/KARI\ Creatives/DaBin/native/build/store-shortcuts-ime-verified-20261005/derived-data/Build/Products/Release/include -Xcc -I/Users/roeylibfeld/Documents/KARI\ Creatives/DaBin/native/build/store-shortcuts-ime-verified-20261005/derived-data/Build/Intermediates.noindex/DaBin.build/Release/DaBin.build/DerivedSources-normal/arm64 -Xcc -I/Users/roeylibfeld/Documents/KARI\ Creatives/DaBin/native/build/store-shortcuts-ime-verified-20261005/derived-data/Build/Intermediates.noindex/DaBin.build/Release/DaBin.build/DerivedSources/arm64 -Xcc -I/Users/roeylibfeld/Documents/KARI\ Creatives/DaBin/native/build/store-shortcuts-ime-verified-20261005/derived-data/Build/Intermediates.noindex/DaBin.build/Release/DaBin.build/DerivedSources -emit-objc-header -emit-objc-header-path /Users/roeylibfeld/Documents/KARI\ Creatives/DaBin/native/build/store-shortcuts-ime-verified-20261005/derived-data/Build/Intermediates.noindex/DaBin.build/Release/DaBin.build/Objects-normal/arm64/DaBin-Swift.h -working-directory /Users/roeylibfeld/Documents/KARI\ Creatives/DaBin/native -no-emit-module-separately-wmo

SwiftExplicitDependencyGeneratePcm arm64 /Users/roeylibfeld/Documents/KARI\ Creatives/DaBin/native/build/store-shortcuts-ime-verified-20261005/derived-data/SDKExplicitPrecompiledModules/_Builtin_stdarg-1I86S8X470V0FB35ZV9PK1UC1.pcm

SwiftExplicitDependencyGeneratePcm arm64 /Users/roeylibfeld/Documents/KARI\ Creatives/DaBin/native/build/store-shortcuts-ime-verified-20261005/derived-data/SDKExplicitPrecompiledModules/_Builtin_stdbool-CJGA8AILZBDN6835YKXXDR1VM.pcm

SwiftExplicitDependencyGeneratePcm arm64 /Users/roeylibfeld/Documents/KARI\ Creatives/DaBin/native/build/store-shortcuts-ime-verified-20261005/derived-data/SDKExplicitPrecompiledModules/_Builtin_float-BZIKSI01W75G6BL8H92FCOFTD.pcm

SwiftExplicitDependencyGeneratePcm arm64 /Users/roeylibfeld/Documents/KARI\ Creatives/DaBin/native/build/store-shortcuts-ime-verified-20261005/derived-data/SDKExplicitPrecompiledModules/_AvailabilityInternal-ANPI9CBPY6A0I08JQO7ZF58DL.pcm

SwiftExplicitDependencyGeneratePcm arm64 /Users/roeylibfeld/Documents/KARI\ Creatives/DaBin/native/build/store-shortcuts-ime-verified-20261005/derived-data/SDKExplicitPrecompiledModules/_Builtin_stddef-12A70MD6DD5U3BMMD2X425G2N.pcm

SwiftExplicitDependencyGeneratePcm arm64 /Users/roeylibfeld/Documents/KARI\ Creatives/DaBin/native/build/store-shortcuts-ime-verified-20261005/derived-data/SDKExplicitPrecompiledModules/ptrauth-EHBHJCNWOD2I6SQ8JNU9YDODQ.pcm

SwiftExplicitDependencyGeneratePcm arm64 /Users/roeylibfeld/Documents/KARI\ Creatives/DaBin/native/build/store-shortcuts-ime-verified-20261005/derived-data/SDKExplicitPrecompiledModules/SwiftShims-BUW5O356RY4BOM62EK2TPJQ35.pcm

SwiftExplicitDependencyGeneratePcm arm64 /Users/roeylibfeld/Documents/KARI\ Creatives/DaBin/native/build/store-shortcuts-ime-verified-20261005/derived-data/SDKExplicitPrecompiledModules/DeveloperToolsSupport-CTJA654ZFE9F73MGJMQE6FKFA.pcm

SwiftExplicitDependencyGeneratePcm arm64 /Users/roeylibfeld/Documents/KARI\ Creatives/DaBin/native/build/store-shortcuts-ime-verified-20261005/derived-data/SDKExplicitPrecompiledModules/ptrcheck-40NK1QP2U2RIO5C5V5LOJFG46.pcm

SwiftExplicitDependencyGeneratePcm arm64 /Users/roeylibfeld/Documents/KARI\ Creatives/DaBin/native/build/store-shortcuts-ime-verified-20261005/derived-data/SDKExplicitPrecompiledModules/_SwiftConcurrencyShims-1PY7RK7EF7AA0VBVJMRJGD5S5.pcm

SwiftExplicitDependencyGeneratePcm arm64 /Users/roeylibfeld/Documents/KARI\ Creatives/DaBin/native/build/store-shortcuts-ime-verified-20261005/derived-data/SDKExplicitPrecompiledModules/_DarwinFoundation1-4G6B4GPWLBKL1Z9CQ5MU3M062.pcm

SwiftExplicitDependencyGeneratePcm arm64 /Users/roeylibfeld/Documents/KARI\ Creatives/DaBin/native/build/store-shortcuts-ime-verified-20261005/derived-data/SDKExplicitPrecompiledModules/_Builtin_limits-3HSY6C5SJAT4C173SNCMDQIW3.pcm

SwiftExplicitDependencyGeneratePcm arm64 /Users/roeylibfeld/Documents/KARI\ Creatives/DaBin/native/build/store-shortcuts-ime-verified-20261005/derived-data/SDKExplicitPrecompiledModules/ExtensionFoundation-6MU9PKN16Z59EEU6UYIKDL9PX.pcm

SwiftExplicitDependencyGeneratePcm arm64 /Users/roeylibfeld/Documents/KARI\ Creatives/DaBin/native/build/store-shortcuts-ime-verified-20261005/derived-data/SDKExplicitPrecompiledModules/_DarwinFoundation2-3L88HQMW0IKRKQO0XOKX2YW7V.pcm

SwiftExplicitDependencyGeneratePcm arm64 /Users/roeylibfeld/Documents/KARI\ Creatives/DaBin/native/build/store-shortcuts-ime-verified-20261005/derived-data/SDKExplicitPrecompiledModules/_Builtin_stdint-CVCHXTFZ7BPP1P46GO5V6NLX7.pcm

SwiftExplicitDependencyGeneratePcm arm64 /Users/roeylibfeld/Documents/KARI\ Creatives/DaBin/native/build/store-shortcuts-ime-verified-20261005/derived-data/SDKExplicitPrecompiledModules/_Builtin_tgmath-1WWYU0JVT6N5A9RM9RDNOAE4N.pcm

SwiftExplicitDependencyGeneratePcm arm64 /Users/roeylibfeld/Documents/KARI\ Creatives/DaBin/native/build/store-shortcuts-ime-verified-20261005/derived-data/SDKExplicitPrecompiledModules/string_h-CSI4H56R8JTERAKBCXV48JNKJ.pcm

SwiftExplicitDependencyGeneratePcm arm64 /Users/roeylibfeld/Documents/KARI\ Creatives/DaBin/native/build/store-shortcuts-ime-verified-20261005/derived-data/SDKExplicitPrecompiledModules/sys_types-EI9C26Z8ON1CAI0O8QCF5O9UJ.pcm

SwiftExplicitDependencyGeneratePcm arm64 /Users/roeylibfeld/Documents/KARI\ Creatives/DaBin/native/build/store-shortcuts-ime-verified-20261005/derived-data/SDKExplicitPrecompiledModules/_Builtin_intrinsics-955E3H2MLS3AV08N4YWNK61TJ.pcm

SwiftExplicitDependencyGeneratePcm arm64 /Users/roeylibfeld/Documents/KARI\ Creatives/DaBin/native/build/store-shortcuts-ime-verified-20261005/derived-data/SDKExplicitPrecompiledModules/libDER-10SLJ3IWB4NN9JHYHULDU7HUZ.pcm

SwiftExplicitDependencyGeneratePcm arm64 /Users/roeylibfeld/Documents/KARI\ Creatives/DaBin/native/build/store-shortcuts-ime-verified-20261005/derived-data/SDKExplicitPrecompiledModules/_DarwinFoundation3-9QVEC8GUX5KXVMWYPTBDKNF3.pcm

SwiftExplicitDependencyGeneratePcm arm64 /Users/roeylibfeld/Documents/KARI\ Creatives/DaBin/native/build/store-shortcuts-ime-verified-20261005/derived-data/SDKExplicitPrecompiledModules/_Builtin_stdatomic-8P3P3MAW1N0F2Q3Z3KR3DKRAT.pcm

SwiftExplicitDependencyGeneratePcm arm64 /Users/roeylibfeld/Documents/KARI\ Creatives/DaBin/native/build/store-shortcuts-ime-verified-20261005/derived-data/SDKExplicitPrecompiledModules/_Builtin_inttypes-IDZOBYXO2SM9WFZCQZRRWO64.pcm

SwiftExplicitDependencyGeneratePcm arm64 /Users/roeylibfeld/Documents/KARI\ Creatives/DaBin/native/build/store-shortcuts-ime-verified-20261005/derived-data/SDKExplicitPrecompiledModules/zlib-BUU8KLTKYNDBZMKJRDWNSZRCN.pcm

SwiftExplicitDependencyGeneratePcm arm64 /Users/roeylibfeld/Documents/KARI\ Creatives/DaBin/native/build/store-shortcuts-ime-verified-20261005/derived-data/SDKExplicitPrecompiledModules/Darwin-9IX530VRYGLU7I607H2V58TAB.pcm

SwiftExplicitDependencyGeneratePcm arm64 /Users/roeylibfeld/Documents/KARI\ Creatives/DaBin/native/build/store-shortcuts-ime-verified-20261005/derived-data/SDKExplicitPrecompiledModules/simd-5WHVV2GG7PB9NXBC9KECGBW4X.pcm

SwiftExplicitDependencyGeneratePcm arm64 /Users/roeylibfeld/Documents/KARI\ Creatives/DaBin/native/build/store-shortcuts-ime-verified-20261005/derived-data/SDKExplicitPrecompiledModules/libkern-5IYX7VC81OX30HU8DSKREBSUO.pcm

SwiftExplicitDependencyGeneratePcm arm64 /Users/roeylibfeld/Documents/KARI\ Creatives/DaBin/native/build/store-shortcuts-ime-verified-20261005/derived-data/SDKExplicitPrecompiledModules/Compression-CO0J1A3NNEX17LVQ0LCBJ0V8F.pcm

SwiftExplicitDependencyGeneratePcm arm64 /Users/roeylibfeld/Documents/KARI\ Creatives/DaBin/native/build/store-shortcuts-ime-verified-20261005/derived-data/SDKExplicitPrecompiledModules/CUPS-4KDCKB9I0MA1KLYLKDYDO36B5.pcm

SwiftExplicitDependencyGeneratePcm arm64 /Users/roeylibfeld/Documents/KARI\ Creatives/DaBin/native/build/store-shortcuts-ime-verified-20261005/derived-data/SDKExplicitPrecompiledModules/launch-8U9LLG4EKSEW8WQ0U4KN0ASMF.pcm

SwiftExplicitDependencyGeneratePcm arm64 /Users/roeylibfeld/Documents/KARI\ Creatives/DaBin/native/build/store-shortcuts-ime-verified-20261005/derived-data/SDKExplicitPrecompiledModules/MachO-574D041120K8DVKNANDBHOXIH.pcm

SwiftExplicitDependencyGeneratePcm arm64 /Users/roeylibfeld/Documents/KARI\ Creatives/DaBin/native/build/store-shortcuts-ime-verified-20261005/derived-data/SDKExplicitPrecompiledModules/Spatial-9QZAEWTVHIPCR21BHL91M55AW.pcm

SwiftExplicitDependencyGeneratePcm arm64 /Users/roeylibfeld/Documents/KARI\ Creatives/DaBin/native/build/store-shortcuts-ime-verified-20261005/derived-data/SDKExplicitPrecompiledModules/ObjectiveC-4AYL3J6OIIU7BELKBPG7FQA0M.pcm

SwiftExplicitDependencyGeneratePcm arm64 /Users/roeylibfeld/Documents/KARI\ Creatives/DaBin/native/build/store-shortcuts-ime-verified-20261005/derived-data/SDKExplicitPrecompiledModules/os_object-1Y1BJF9OW5IAPE1JJXOZ6B29.pcm

SwiftExplicitDependencyGeneratePcm arm64 /Users/roeylibfeld/Documents/KARI\ Creatives/DaBin/native/build/store-shortcuts-ime-verified-20261005/derived-data/SDKExplicitPrecompiledModules/os_workgroup-5EMQ0QGMFPQVLHO0XX9J7R830.pcm

SwiftExplicitDependencyGeneratePcm arm64 /Users/roeylibfeld/Documents/KARI\ Creatives/DaBin/native/build/store-shortcuts-ime-verified-20261005/derived-data/SDKExplicitPrecompiledModules/Dispatch-DG3TC5846Z1MOBPM3EEIGTC1N.pcm

SwiftExplicitDependencyGeneratePcm arm64 /Users/roeylibfeld/Documents/KARI\ Creatives/DaBin/native/build/store-shortcuts-ime-verified-20261005/derived-data/SDKExplicitPrecompiledModules/XPC-CSPQNM26OU6RU04RRMU95Q0TE.pcm

SwiftExplicitDependencyGeneratePcm arm64 /Users/roeylibfeld/Documents/KARI\ Creatives/DaBin/native/build/store-shortcuts-ime-verified-20261005/derived-data/SDKExplicitPrecompiledModules/CoreFoundation-3OGOAJ1XSCY1YNC0AYMU4AZYI.pcm

SwiftExplicitDependencyGeneratePcm arm64 /Users/roeylibfeld/Documents/KARI\ Creatives/DaBin/native/build/store-shortcuts-ime-verified-20261005/derived-data/SDKExplicitPrecompiledModules/dnssd-CBCZOPS4HPAGMHYY8DXG3KI64.pcm

SwiftExplicitDependencyGeneratePcm arm64 /Users/roeylibfeld/Documents/KARI\ Creatives/DaBin/native/build/store-shortcuts-ime-verified-20261005/derived-data/SDKExplicitPrecompiledModules/os-454XVKX6GYJCS5S4RXLQ871H1.pcm

SwiftExplicitDependencyGeneratePcm arm64 /Users/roeylibfeld/Documents/KARI\ Creatives/DaBin/native/build/store-shortcuts-ime-verified-20261005/derived-data/SDKExplicitPrecompiledModules/IOKit-9WTNVPDRW9ICOKABS2AB6VQIC.pcm

SwiftExplicitDependencyGeneratePcm arm64 /Users/roeylibfeld/Documents/KARI\ Creatives/DaBin/native/build/store-shortcuts-ime-verified-20261005/derived-data/SDKExplicitPrecompiledModules/ColorSync-AW5BB1HPRG0C4UW4Q59WT84O7.pcm

SwiftExplicitDependencyGeneratePcm arm64 /Users/roeylibfeld/Documents/KARI\ Creatives/DaBin/native/build/store-shortcuts-ime-verified-20261005/derived-data/SDKExplicitPrecompiledModules/CFNetwork-AV4Z2XFOIYL4I6J9G0WL3QBJX.pcm

SwiftExplicitDependencyGeneratePcm arm64 /Users/roeylibfeld/Documents/KARI\ Creatives/DaBin/native/build/store-shortcuts-ime-verified-20261005/derived-data/SDKExplicitPrecompiledModules/Security-31GY1WCML239I5LLM0HGSXQP5.pcm

SwiftExplicitDependencyGeneratePcm arm64 /Users/roeylibfeld/Documents/KARI\ Creatives/DaBin/native/build/store-shortcuts-ime-verified-20261005/derived-data/SDKExplicitPrecompiledModules/CoreAudioTypes-A5DJOEO07MMIBB2V71AYK5TUD.pcm

SwiftExplicitDependencyGeneratePcm arm64 /Users/roeylibfeld/Documents/KARI\ Creatives/DaBin/native/build/store-shortcuts-ime-verified-20261005/derived-data/SDKExplicitPrecompiledModules/DiskArbitration-5MJZHXO1YEPPX68PLDIK9O3F0.pcm

SwiftExplicitDependencyGeneratePcm arm64 /Users/roeylibfeld/Documents/KARI\ Creatives/DaBin/native/build/store-shortcuts-ime-verified-20261005/derived-data/SDKExplicitPrecompiledModules/CoreGraphics-DOH0KK6OXKWN0TUYMJKKDRCPB.pcm

SwiftExplicitDependencyGeneratePcm arm64 /Users/roeylibfeld/Documents/KARI\ Creatives/DaBin/native/build/store-shortcuts-ime-verified-20261005/derived-data/SDKExplicitPrecompiledModules/CoreServices-ERDB5HLQA9GCHXA7H1Z5CHWDK.pcm

SwiftExplicitDependencyGeneratePcm arm64 /Users/roeylibfeld/Documents/KARI\ Creatives/DaBin/native/build/store-shortcuts-ime-verified-20261005/derived-data/SDKExplicitPrecompiledModules/ImageIO-AITMEZC9BQ4ZE6ACMZW693KOC.pcm

SwiftExplicitDependencyGeneratePcm arm64 /Users/roeylibfeld/Documents/KARI\ Creatives/DaBin/native/build/store-shortcuts-ime-verified-20261005/derived-data/SDKExplicitPrecompiledModules/CoreText-DSHU4C5UH2ADC0QMHLPRW2FN3.pcm

SwiftExplicitDependencyGeneratePcm arm64 /Users/roeylibfeld/Documents/KARI\ Creatives/DaBin/native/build/store-shortcuts-ime-verified-20261005/derived-data/SDKExplicitPrecompiledModules/Foundation-CPABRCVA0W4QCKMUKDF4TWD5J.pcm

SwiftExplicitDependencyGeneratePcm arm64 /Users/roeylibfeld/Documents/KARI\ Creatives/DaBin/native/build/store-shortcuts-ime-verified-20261005/derived-data/SDKExplicitPrecompiledModules/CoreTransferable-5RTUA0OV1QI83AW2767M2IQ7H.pcm

SwiftExplicitDependencyGeneratePcm arm64 /Users/roeylibfeld/Documents/KARI\ Creatives/DaBin/native/build/store-shortcuts-ime-verified-20261005/derived-data/SDKExplicitPrecompiledModules/CoreAudio-5WOAJG6FKDB99CTA9H3OQLLJP.pcm

SwiftExplicitDependencyGeneratePcm arm64 /Users/roeylibfeld/Documents/KARI\ Creatives/DaBin/native/build/store-shortcuts-ime-verified-20261005/derived-data/SDKExplicitPrecompiledModules/CoreMIDI-21EL6PADZSRD2BBACODLPDL0V.pcm

SwiftExplicitDependencyGeneratePcm arm64 /Users/roeylibfeld/Documents/KARI\ Creatives/DaBin/native/build/store-shortcuts-ime-verified-20261005/derived-data/SDKExplicitPrecompiledModules/Symbols-ACKKG4IZ5UJMJXETXBJHEO3HO.pcm

SwiftExplicitDependencyGeneratePcm arm64 /Users/roeylibfeld/Documents/KARI\ Creatives/DaBin/native/build/store-shortcuts-ime-verified-20261005/derived-data/SDKExplicitPrecompiledModules/Accessibility-5V5KHPXNCY704X05GXTCF5R59.pcm

SwiftExplicitDependencyGeneratePcm arm64 /Users/roeylibfeld/Documents/KARI\ Creatives/DaBin/native/build/store-shortcuts-ime-verified-20261005/derived-data/SDKExplicitPrecompiledModules/Network-2RJB8L8AOZ1RI3PR1MH9H6RTI.pcm

SwiftExplicitDependencyGeneratePcm arm64 /Users/roeylibfeld/Documents/KARI\ Creatives/DaBin/native/build/store-shortcuts-ime-verified-20261005/derived-data/SDKExplicitPrecompiledModules/ApplicationServices-4RB15GPW01RGI62KBUTNO74RN.pcm

SwiftExplicitDependencyGeneratePcm arm64 /Users/roeylibfeld/Documents/KARI\ Creatives/DaBin/native/build/store-shortcuts-ime-verified-20261005/derived-data/SDKExplicitPrecompiledModules/UserNotifications-54ZTH6FTFYLP4QQJA8XZP9RFQ.pcm

SwiftExplicitDependencyGeneratePcm arm64 /Users/roeylibfeld/Documents/KARI\ Creatives/DaBin/native/build/store-shortcuts-ime-verified-20261005/derived-data/SDKExplicitPrecompiledModules/OSLog-3DV3XFVWTDU0OOSQNL25BLXYC.pcm

SwiftExplicitDependencyGeneratePcm arm64 /Users/roeylibfeld/Documents/KARI\ Creatives/DaBin/native/build/store-shortcuts-ime-verified-20261005/derived-data/SDKExplicitPrecompiledModules/UniformTypeIdentifiers-3JPOUL9LYRF42QS4DOPX5ZZ71.pcm

SwiftExplicitDependencyGeneratePcm arm64 /Users/roeylibfeld/Documents/KARI\ Creatives/DaBin/native/build/store-shortcuts-ime-verified-20261005/derived-data/SDKExplicitPrecompiledModules/CoreData-86U9BKU8XRGA17LA9GXVM2DPX.pcm

SwiftExplicitDependencyGeneratePcm arm64 /Users/roeylibfeld/Documents/KARI\ Creatives/DaBin/native/build/store-shortcuts-ime-verified-20261005/derived-data/SDKExplicitPrecompiledModules/LocalAuthentication-CQY1UDE63PAM8KV3W1Z5FXPAM.pcm

SwiftExplicitDependencyGeneratePcm arm64 /Users/roeylibfeld/Documents/KARI\ Creatives/DaBin/native/build/store-shortcuts-ime-verified-20261005/derived-data/SDKExplicitPrecompiledModules/IOSurface-ENZZERFHQVFU8GO8BYS3PHYFT.pcm

SwiftExplicitDependencyGeneratePcm arm64 /Users/roeylibfeld/Documents/KARI\ Creatives/DaBin/native/build/store-shortcuts-ime-verified-20261005/derived-data/SDKExplicitPrecompiledModules/DataDetection-213OYA5VGVS8V4I0HSSKHB43L.pcm

SwiftExplicitDependencyGeneratePcm arm64 /Users/roeylibfeld/Documents/KARI\ Creatives/DaBin/native/build/store-shortcuts-ime-verified-20261005/derived-data/SDKExplicitPrecompiledModules/QuickLookThumbnailing-BH5RRX5H93EM4F7CBVE8RBS6M.pcm

SwiftExplicitDependencyGeneratePcm arm64 /Users/roeylibfeld/Documents/KARI\ Creatives/DaBin/native/build/store-shortcuts-ime-verified-20261005/derived-data/SDKExplicitPrecompiledModules/OpenGL-BB0IC27AQD4S7K8IZ7Y04I01X.pcm

SwiftExplicitDependencyGeneratePcm arm64 /Users/roeylibfeld/Documents/KARI\ Creatives/DaBin/native/build/store-shortcuts-ime-verified-20261005/derived-data/SDKExplicitPrecompiledModules/Metal-2LQ56JG20BRUY7ZMLM1N6WWTQ.pcm

SwiftExplicitDependencyGeneratePcm arm64 /Users/roeylibfeld/Documents/KARI\ Creatives/DaBin/native/build/store-shortcuts-ime-verified-20261005/derived-data/SDKExplicitPrecompiledModules/Carbon-A317MJV8VWS5A0Y4W177SQKNK.pcm

SwiftExplicitDependencyGeneratePcm arm64 /Users/roeylibfeld/Documents/KARI\ Creatives/DaBin/native/build/store-shortcuts-ime-verified-20261005/derived-data/SDKExplicitPrecompiledModules/QuickLook-2V9S6BQJP2DIAYO7GDW0DN32U.pcm

SwiftExplicitDependencyGeneratePcm arm64 /Users/roeylibfeld/Documents/KARI\ Creatives/DaBin/native/build/store-shortcuts-ime-verified-20261005/derived-data/SDKExplicitPrecompiledModules/CoreVideo-8YY2LXC6IO3C4KHD7BDMS0JE4.pcm

SwiftExplicitDependencyGeneratePcm arm64 /Users/roeylibfeld/Documents/KARI\ Creatives/DaBin/native/build/store-shortcuts-ime-verified-20261005/derived-data/SDKExplicitPrecompiledModules/AudioToolbox-97DXI816P66HVTKO7A2RWA293.pcm

SwiftExplicitDependencyGeneratePcm arm64 /Users/roeylibfeld/Documents/KARI\ Creatives/DaBin/native/build/store-shortcuts-ime-verified-20261005/derived-data/SDKExplicitPrecompiledModules/QuartzCore-2T5B0GJBH5JVT5YSL7Q9DJZ5J.pcm

SwiftExplicitDependencyGeneratePcm arm64 /Users/roeylibfeld/Documents/KARI\ Creatives/DaBin/native/build/store-shortcuts-ime-verified-20261005/derived-data/SDKExplicitPrecompiledModules/CoreML-5TFDTI2ST3ZBBJ4U60TDUHOJ5.pcm

SwiftExplicitDependencyGeneratePcm arm64 /Users/roeylibfeld/Documents/KARI\ Creatives/DaBin/native/build/store-shortcuts-ime-verified-20261005/derived-data/SDKExplicitPrecompiledModules/Accelerate-8XR4S0XMBYLBSA9UTYMDY9RG8.pcm

SwiftExplicitDependencyGeneratePcm arm64 /Users/roeylibfeld/Documents/KARI\ Creatives/DaBin/native/build/store-shortcuts-ime-verified-20261005/derived-data/SDKExplicitPrecompiledModules/CoreImage-9MTO2BEIK0NJALNB7GXNA2R21.pcm

SwiftExplicitDependencyGeneratePcm arm64 /Users/roeylibfeld/Documents/KARI\ Creatives/DaBin/native/build/store-shortcuts-ime-verified-20261005/derived-data/SDKExplicitPrecompiledModules/CoreMedia-ECUBYG546T7Y3LYYFJCXOWSHU.pcm

SwiftExplicitDependencyGeneratePcm arm64 /Users/roeylibfeld/Documents/KARI\ Creatives/DaBin/native/build/store-shortcuts-ime-verified-20261005/derived-data/SDKExplicitPrecompiledModules/SwiftUICore-D2ULGSMVEH7PY187ZTRQHMP2M.pcm

SwiftExplicitDependencyGeneratePcm arm64 /Users/roeylibfeld/Documents/KARI\ Creatives/DaBin/native/build/store-shortcuts-ime-verified-20261005/derived-data/SDKExplicitPrecompiledModules/Vision-BW4QHZ3ZD3Y2GK50SX6R5YTJO.pcm

SwiftExplicitDependencyGeneratePcm arm64 /Users/roeylibfeld/Documents/KARI\ Creatives/DaBin/native/build/store-shortcuts-ime-verified-20261005/derived-data/SDKExplicitPrecompiledModules/VideoToolbox-6GJB0WKBF8BFLT2Y44H9OHMYC.pcm

SwiftExplicitDependencyGeneratePcm arm64 /Users/roeylibfeld/Documents/KARI\ Creatives/DaBin/native/build/store-shortcuts-ime-verified-20261005/derived-data/SDKExplicitPrecompiledModules/AVFAudio-B1XMU73A0NPKFM4G4U9ZEUJG9.pcm

SwiftExplicitDependencyGeneratePcm arm64 /Users/roeylibfeld/Documents/KARI\ Creatives/DaBin/native/build/store-shortcuts-ime-verified-20261005/derived-data/SDKExplicitPrecompiledModules/MediaToolbox-E1XOIOM669HVUA41SN2361ZMS.pcm

SwiftExplicitDependencyGeneratePcm arm64 /Users/roeylibfeld/Documents/KARI\ Creatives/DaBin/native/build/store-shortcuts-ime-verified-20261005/derived-data/SDKExplicitPrecompiledModules/AppKit-DSENR9DULLF2Y9UC2J47IXRPZ.pcm

SwiftExplicitDependencyGeneratePcm arm64 /Users/roeylibfeld/Documents/KARI\ Creatives/DaBin/native/build/store-shortcuts-ime-verified-20261005/derived-data/SDKExplicitPrecompiledModules/AVFoundation-8NIDO29IT13KLL7RFEA55WUBH.pcm

SwiftExplicitDependencyGeneratePcm arm64 /Users/roeylibfeld/Documents/KARI\ Creatives/DaBin/native/build/store-shortcuts-ime-verified-20261005/derived-data/SDKExplicitPrecompiledModules/SwiftUI-ZXX7IH1E9Q47BAONC8LBV5SZ.pcm

SwiftExplicitDependencyGeneratePcm arm64 /Users/roeylibfeld/Documents/KARI\ Creatives/DaBin/native/build/store-shortcuts-ime-verified-20261005/derived-data/SDKExplicitPrecompiledModules/Cocoa-F4E3D4R5I5MT7K7IQ8S7XKFW7.pcm

SwiftExplicitDependencyGeneratePcm arm64 /Users/roeylibfeld/Documents/KARI\ Creatives/DaBin/native/build/store-shortcuts-ime-verified-20261005/derived-data/SDKExplicitPrecompiledModules/LinkPresentation-MX58SFQ34AI0FIHJ0HNW9QDA.pcm

SwiftExplicitDependencyGeneratePcm arm64 /Users/roeylibfeld/Documents/KARI\ Creatives/DaBin/native/build/store-shortcuts-ime-verified-20261005/derived-data/SDKExplicitPrecompiledModules/PDFKit-2RFNX8ADJ41JL61M07ZQOQ3D4.pcm

SwiftExplicitDependencyGeneratePcm arm64 /Users/roeylibfeld/Documents/KARI\ Creatives/DaBin/native/build/store-shortcuts-ime-verified-20261005/derived-data/SDKExplicitPrecompiledModules/AVKit-7KMNDAS7CWTZNS58ESLO5O4T6.pcm

SwiftExplicitDependencyGeneratePcm arm64 /Users/roeylibfeld/Documents/KARI\ Creatives/DaBin/native/build/store-shortcuts-ime-verified-20261005/derived-data/SDKExplicitPrecompiledModules/QuickLookUI-1SJ9ZZPVSZIGB88TW7D90MQ0L.pcm

SwiftCompile normal arm64 Compiling\ AccessibilityAnnouncement.swift,\ AppDelegate.swift,\ AppState.swift,\ ApplicationCoordinator.swift,\ ApplicationMenu.swift,\ ArchiveBackup.swift,\ AutoCaptureFingerprint.swift,\ AutoCaptureRobotCelebration.swift,\ AutoCaptureRobotPresenter.swift,\ AutoCaptureService.swift,\ AutoCaptureSettings.swift,\ AutoCaptureSignMotion.swift,\ AutoCaptureSignRouting.swift,\ AutoCaptureSignView.swift,\ AutoRecordIndicator.swift,\ BoardComponents.swift,\ BoardResizeGeometry.swift,\ BoardView.swift,\ BoardWindowChrome.swift,\ BoredRobotView.swift,\ BuddyControls.swift,\ CaptureAnnotations.swift,\ CaptureCardGroup.swift,\ CaptureCards.swift,\ CaptureClipboard.swift,\ CaptureCopyButton.swift,\ CaptureDetailPanels.swift,\ CaptureExtendedCanvas.swift,\ CaptureExtendedWindow.swift,\ CaptureFilterStrip.swift,\ CaptureInboxActions.swift,\ CapturePresentation.swift,\ CapturePreviews.swift,\ CaptureProvenance.swift,\ CaptureRemoval.swift,\ CaptureRepository.swift,\ CaptureSourceView.swift,\ CaptureStore.swift,\ CaptureTrailView.swift,\ ClipboardRetentionService.swift,\ ClipboardRetentionSettings.swift,\ CollectionPreviewMosaic.swift,\ ContentIndexService.swift,\ CornerController.swift,\ DaBinLogo.swift,\ DaBinMain.swift,\ DailyArchive.swift,\ DailyCaptureView.swift,\ DailyScreen.swift,\ DayExport.swift,\ DayExportUI.swift,\ DetailScreen.swift,\ Domain.swift,\ DraftArchive.swift,\ ExplorerItems.swift,\ ExplorerQuery.swift,\ ExplorerScreen.swift,\ ExplorerTransfer.swift,\ ExplorerViewport.swift,\ FittedPDFPreview.swift,\ GroupedCaptureCard.swift,\ HourlyCaptureCard.swift,\ HourlyCaptureFeed.swift,\ HoverTooltips.swift,\ InboxScreen.swift,\ InputService.swift,\ IslandRobotChoreography.swift,\ LibraryScreen.swift,\ LocalDOCXTextExtractor.swift,\ NativeContentDrag.swift,\ NavigationHistory.swift,\ NewNoteScreen.swift,\ OriginalFileStorage.swift,\ PreviewRequest.swift,\ PreviewService.swift,\ PrivacyInformation.swift,\ ProjectFileArchive.swift,\ ProjectPickerView.swift,\ ProjectWorkspaceCard.swift,\ ProjectWorkspaceExport.swift,\ ProjectWorkspaceState.swift,\ ProjectWorkspaceTasks.swift,\ ProjectWorkspaceView.swift,\ QuickAccess.swift,\ QuietOrbitGeometry.swift,\ QuietOrbitVisualStyle.swift,\ ReminderAlertCoordinator.swift,\ ReminderClockEditor.swift,\ ReminderLifecycle.swift,\ ReminderSchedule.swift,\ ReminderService.swift,\ RemindersScreen.swift,\ RobotAppFrameView.swift,\ RobotCharacterView.swift,\ RobotLifecycle.swift,\ RobotMotion.swift,\ RobotPlacementSettings.swift,\ RobotProjectSignView.swift,\ RobotView.swift,\ ScratchpadView.swift,\ ScreenshotFolderMonitor.swift,\ SearchColumnViewport.swift,\ SearchDateBoard.swift,\ SearchResultCard.swift,\ SearchScreen.swift,\ SettingsScreen.swift,\ ShelfCaptureController.swift,\ ShelfExport.swift,\ SoftwareUpdateService.swift,\ StatusBarController.swift,\ TaskAttachmentsView.swift,\ TaskEditorScreen.swift,\ TaskFocusControls.swift,\ TaskFocusSession.swift,\ TaskPlanning.swift,\ TaskPlanningEditor.swift,\ TaskTimerAlarmMotion.swift,\ TaskTimerRobotPresenter.swift,\ TaskTimerRobotView.swift,\ ThemeSettings.swift,\ TimelineCalendarPicker.swift,\ TodayPlanningScreen.swift,\ TodayTaskCard.swift,\ TransientMessagePresentation.swift,\ TrashScreen.swift,\ UpdateHandoff.swift,\ WeeklyDateSelection.swift,\ WeeklyScopeActions.swift,\ WeeklyScreen.swift,\ WindowDragHandle.swift,\ WorkspaceClipboard.swift,\ WorkspaceInput.swift,\ WorkspaceItemCard.swift,\ WorkspaceQuery.swift,\ WorkspaceStore.swift,\ WorkspaceZoom.swift,\ WorkspaceZoomLayout.swift,\ WorkspaceZoomScrollAnchor.swift /Users/roeylibfeld/Documents/KARI\ Creatives/DaBin/native/Sources/DaBin/AccessibilityAnnouncement.swift /Users/roeylibfeld/Documents/KARI\ Creatives/DaBin/native/Sources/DaBin/AppDelegate.swift /Users/roeylibfeld/Documents/KARI\ Creatives/DaBin/native/Sources/DaBin/AppState.swift /Users/roeylibfeld/Documents/KARI\ Creatives/DaBin/native/Sources/DaBin/ApplicationCoordinator.swift /Users/roeylibfeld/Documents/KARI\ Creatives/DaBin/native/Sources/DaBin/ApplicationMenu.swift /Users/roeylibfeld/Documents/KARI\ Creatives/DaBin/native/Sources/DaBin/ArchiveBackup.swift /Users/roeylibfeld/Documents/KARI\ Creatives/DaBin/native/Sources/DaBin/AutoCaptureFingerprint.swift /Users/roeylibfeld/Documents/KARI\ Creatives/DaBin/native/Sources/DaBin/AutoCaptureRobotCelebration.swift /Users/roeylibfeld/Documents/KARI\ Creatives/DaBin/native/Sources/DaBin/AutoCaptureRobotPresenter.swift /Users/roeylibfeld/Documents/KARI\ Creatives/DaBin/native/Sources/DaBin/AutoCaptureService.swift /Users/roeylibfeld/Documents/KARI\ Creatives/DaBin/native/Sources/DaBin/AutoCaptureSettings.swift /Users/roeylibfeld/Documents/KARI\ Creatives/DaBin/native/Sources/DaBin/AutoCaptureSignMotion.swift /Users/roeylibfeld/Documents/KARI\ Creatives/DaBin/native/Sources/DaBin/AutoCaptureSignRouting.swift /Users/roeylibfeld/Documents/KARI\ Creatives/DaBin/native/Sources/DaBin/AutoCaptureSignView.swift /Users/roeylibfeld/Documents/KARI\ Creatives/DaBin/native/Sources/DaBin/AutoRecordIndicator.swift /Users/roeylibfeld/Documents/KARI\ Creatives/DaBin/native/Sources/DaBin/BoardComponents.swift /Users/roeylibfeld/Documents/KARI\ Creatives/DaBin/native/Sources/DaBin/BoardResizeGeometry.swift /Users/roeylibfeld/Documents/KARI\ Creatives/DaBin/native/Sources/DaBin/BoardView.swift /Users/roeylibfeld/Documents/KARI\ Creatives/DaBin/native/Sources/DaBin/BoardWindowChrome.swift /Users/roeylibfeld/Documents/KARI\ Creatives/DaBin/native/Sources/DaBin/BoredRobotView.swift /Users/roeylibfeld/Documents/KARI\ Creatives/DaBin/native/Sources/DaBin/BuddyControls.swift /Users/roeylibfeld/Documents/KARI\ Creatives/DaBin/native/Sources/DaBin/CaptureAnnotations.swift /Users/roeylibfeld/Documents/KARI\ Creatives/DaBin/native/Sources/DaBin/CaptureCardGroup.swift /Users/roeylibfeld/Documents/KARI\ Creatives/DaBin/native/Sources/DaBin/CaptureCards.swift /Users/roeylibfeld/Documents/KARI\ Creatives/DaBin/native/Sources/DaBin/CaptureClipboard.swift /Users/roeylibfeld/Documents/KARI\ Creatives/DaBin/native/Sources/DaBin/CaptureCopyButton.swift /Users/roeylibfeld/Documents/KARI\ Creatives/DaBin/native/Sources/DaBin/CaptureDetailPanels.swift /Users/roeylibfeld/Documents/KARI\ Creatives/DaBin/native/Sources/DaBin/CaptureExtendedCanvas.swift /Users/roeylibfeld/Documents/KARI\ Creatives/DaBin/native/Sources/DaBin/CaptureExtendedWindow.swift /Users/roeylibfeld/Documents/KARI\ Creatives/DaBin/native/Sources/DaBin/CaptureFilterStrip.swift /Users/roeylibfeld/Documents/KARI\ Creatives/DaBin/native/Sources/DaBin/CaptureInboxActions.swift /Users/roeylibfeld/Documents/KARI\ Creatives/DaBin/native/Sources/DaBin/CapturePresentation.swift /Users/roeylibfeld/Documents/KARI\ Creatives/DaBin/native/Sources/DaBin/CapturePreviews.swift /Users/roeylibfeld/Documents/KARI\ Creatives/DaBin/native/Sources/DaBin/CaptureProvenance.swift /Users/roeylibfeld/Documents/KARI\ Creatives/DaBin/native/Sources/DaBin/CaptureRemoval.swift /Users/roeylibfeld/Documents/KARI\ Creatives/DaBin/native/Sources/DaBin/CaptureRepository.swift /Users/roeylibfeld/Documents/KARI\ Creatives/DaBin/native/Sources/DaBin/CaptureSourceView.swift /Users/roeylibfeld/Documents/KARI\ Creatives/DaBin/native/Sources/DaBin/CaptureStore.swift /Users/roeylibfeld/Documents/KARI\ Creatives/DaBin/native/Sources/DaBin/CaptureTrailView.swift /Users/roeylibfeld/Documents/KARI\ Creatives/DaBin/native/Sources/DaBin/ClipboardRetentionService.swift /Users/roeylibfeld/Documents/KARI\ Creatives/DaBin/native/Sources/DaBin/ClipboardRetentionSettings.swift /Users/roeylibfeld/Documents/KARI\ Creatives/DaBin/native/Sources/DaBin/CollectionPreviewMosaic.swift /Users/roeylibfeld/Documents/KARI\ Creatives/DaBin/native/Sources/DaBin/ContentIndexService.swift /Users/roeylibfeld/Documents/KARI\ Creatives/DaBin/native/Sources/DaBin/CornerController.swift /Users/roeylibfeld/Documents/KARI\ Creatives/DaBin/native/Sources/DaBin/DaBinLogo.swift /Users/roeylibfeld/Documents/KARI\ Creatives/DaBin/native/Sources/DaBin/DaBinMain.swift /Users/roeylibfeld/Documents/KARI\ Creatives/DaBin/native/Sources/DaBin/DailyArchive.swift /Users/roeylibfeld/Documents/KARI\ Creatives/DaBin/native/Sources/DaBin/DailyCaptureView.swift /Users/roeylibfeld/Documents/KARI\ Creatives/DaBin/native/Sources/DaBin/DailyScreen.swift /Users/roeylibfeld/Documents/KARI\ Creatives/DaBin/native/Sources/DaBin/DayExport.swift /Users/roeylibfeld/Documents/KARI\ Creatives/DaBin/native/Sources/DaBin/DayExportUI.swift /Users/roeylibfeld/Documents/KARI\ Creatives/DaBin/native/Sources/DaBin/DetailScreen.swift /Users/roeylibfeld/Documents/KARI\ Creatives/DaBin/native/Sources/DaBin/Domain.swift /Users/roeylibfeld/Documents/KARI\ Creatives/DaBin/native/Sources/DaBin/DraftArchive.swift /Users/roeylibfeld/Documents/KARI\ Creatives/DaBin/native/Sources/DaBin/ExplorerItems.swift /Users/roeylibfeld/Documents/KARI\ Creatives/DaBin/native/Sources/DaBin/ExplorerQuery.swift /Users/roeylibfeld/Documents/KARI\ Creatives/DaBin/native/Sources/DaBin/ExplorerScreen.swift /Users/roeylibfeld/Documents/KARI\ Creatives/DaBin/native/Sources/DaBin/ExplorerTransfer.swift /Users/roeylibfeld/Documents/KARI\ Creatives/DaBin/native/Sources/DaBin/ExplorerViewport.swift /Users/roeylibfeld/Documents/KARI\ Creatives/DaBin/native/Sources/DaBin/FittedPDFPreview.swift /Users/roeylibfeld/Documents/KARI\ Creatives/DaBin/native/Sources/DaBin/GroupedCaptureCard.swift /Users/roeylibfeld/Documents/KARI\ Creatives/DaBin/native/Sources/DaBin/HourlyCaptureCard.swift /Users/roeylibfeld/Documents/KARI\ Creatives/DaBin/native/Sources/DaBin/HourlyCaptureFeed.swift /Users/roeylibfeld/Documents/KARI\ Creatives/DaBin/native/Sources/DaBin/HoverTooltips.swift /Users/roeylibfeld/Documents/KARI\ Creatives/DaBin/native/Sources/DaBin/InboxScreen.swift /Users/roeylibfeld/Documents/KARI\ Creatives/DaBin/native/Sources/DaBin/InputService.swift /Users/roeylibfeld/Documents/KARI\ Creatives/DaBin/native/Sources/DaBin/IslandRobotChoreography.swift /Users/roeylibfeld/Documents/KARI\ Creatives/DaBin/native/Sources/DaBin/LibraryScreen.swift /Users/roeylibfeld/Documents/KARI\ Creatives/DaBin/native/Sources/DaBin/LocalDOCXTextExtractor.swift /Users/roeylibfeld/Documents/KARI\ Creatives/DaBin/native/Sources/DaBin/NativeContentDrag.swift /Users/roeylibfeld/Documents/KARI\ Creatives/DaBin/native/Sources/DaBin/NavigationHistory.swift /Users/roeylibfeld/Documents/KARI\ Creatives/DaBin/native/Sources/DaBin/NewNoteScreen.swift /Users/roeylibfeld/Documents/KARI\ Creatives/DaBin/native/Sources/DaBin/OriginalFileStorage.swift /Users/roeylibfeld/Documents/KARI\ Creatives/DaBin/native/Sources/DaBin/PreviewRequest.swift /Users/roeylibfeld/Documents/KARI\ Creatives/DaBin/native/Sources/DaBin/PreviewService.swift /Users/roeylibfeld/Documents/KARI\ Creatives/DaBin/native/Sources/DaBin/PrivacyInformation.swift /Users/roeylibfeld/Documents/KARI\ Creatives/DaBin/native/Sources/DaBin/ProjectFileArchive.swift /Users/roeylibfeld/Documents/KARI\ Creatives/DaBin/native/Sources/DaBin/ProjectPickerView.swift /Users/roeylibfeld/Documents/KARI\ Creatives/DaBin/native/Sources/DaBin/ProjectWorkspaceCard.swift /Users/roeylibfeld/Documents/KARI\ Creatives/DaBin/native/Sources/DaBin/ProjectWorkspaceExport.swift /Users/roeylibfeld/Documents/KARI\ Creatives/DaBin/native/Sources/DaBin/ProjectWorkspaceState.swift /Users/roeylibfeld/Documents/KARI\ Creatives/DaBin/native/Sources/DaBin/ProjectWorkspaceTasks.swift /Users/roeylibfeld/Documents/KARI\ Creatives/DaBin/native/Sources/DaBin/ProjectWorkspaceView.swift /Users/roeylibfeld/Documents/KARI\ Creatives/DaBin/native/Sources/DaBin/QuickAccess.swift /Users/roeylibfeld/Documents/KARI\ Creatives/DaBin/native/Sources/DaBin/QuietOrbitGeometry.swift /Users/roeylibfeld/Documents/KARI\ Creatives/DaBin/native/Sources/DaBin/QuietOrbitVisualStyle.swift /Users/roeylibfeld/Documents/KARI\ Creatives/DaBin/native/Sources/DaBin/ReminderAlertCoordinator.swift /Users/roeylibfeld/Documents/KARI\ Creatives/DaBin/native/Sources/DaBin/ReminderClockEditor.swift /Users/roeylibfeld/Documents/KARI\ Creatives/DaBin/native/Sources/DaBin/ReminderLifecycle.swift /Users/roeylibfeld/Documents/KARI\ Creatives/DaBin/native/Sources/DaBin/ReminderSchedule.swift /Users/roeylibfeld/Documents/KARI\ Creatives/DaBin/native/Sources/DaBin/ReminderService.swift /Users/roeylibfeld/Documents/KARI\ Creatives/DaBin/native/Sources/DaBin/RemindersScreen.swift /Users/roeylibfeld/Documents/KARI\ Creatives/DaBin/native/Sources/DaBin/RobotAppFrameView.swift /Users/roeylibfeld/Documents/KARI\ Creatives/DaBin/native/Sources/DaBin/RobotCharacterView.swift /Users/roeylibfeld/Documents/KARI\ Creatives/DaBin/native/Sources/DaBin/RobotLifecycle.swift /Users/roeylibfeld/Documents/KARI\ Creatives/DaBin/native/Sources/DaBin/RobotMotion.swift /Users/roeylibfeld/Documents/KARI\ Creatives/DaBin/native/Sources/DaBin/RobotPlacementSettings.swift /Users/roeylibfeld/Documents/KARI\ Creatives/DaBin/native/Sources/DaBin/RobotProjectSignView.swift /Users/roeylibfeld/Documents/KARI\ Creatives/DaBin/native/Sources/DaBin/RobotView.swift /Users/roeylibfeld/Documents/KARI\ Creatives/DaBin/native/Sources/DaBin/ScratchpadView.swift /Users/roeylibfeld/Documents/KARI\ Creatives/DaBin/native/Sources/DaBin/ScreenshotFolderMonitor.swift /Users/roeylibfeld/Documents/KARI\ Creatives/DaBin/native/Sources/DaBin/SearchColumnViewport.swift /Users/roeylibfeld/Documents/KARI\ Creatives/DaBin/native/Sources/DaBin/SearchDateBoard.swift /Users/roeylibfeld/Documents/KARI\ Creatives/DaBin/native/Sources/DaBin/SearchResultCard.swift /Users/roeylibfeld/Documents/KARI\ Creatives/DaBin/native/Sources/DaBin/SearchScreen.swift /Users/roeylibfeld/Documents/KARI\ Creatives/DaBin/native/Sources/DaBin/SettingsScreen.swift /Users/roeylibfeld/Documents/KARI\ Creatives/DaBin/native/Sources/DaBin/ShelfCaptureController.swift /Users/roeylibfeld/Documents/KARI\ Creatives/DaBin/native/Sources/DaBin/ShelfExport.swift /Users/roeylibfeld/Documents/KARI\ Creatives/DaBin/native/Sources/DaBin/SoftwareUpdateService.swift /Users/roeylibfeld/Documents/KARI\ Creatives/DaBin/native/Sources/DaBin/StatusBarController.swift /Users/roeylibfeld/Documents/KARI\ Creatives/DaBin/native/Sources/DaBin/TaskAttachmentsView.swift /Users/roeylibfeld/Documents/KARI\ Creatives/DaBin/native/Sources/DaBin/TaskEditorScreen.swift /Users/roeylibfeld/Documents/KARI\ Creatives/DaBin/native/Sources/DaBin/TaskFocusControls.swift /Users/roeylibfeld/Documents/KARI\ Creatives/DaBin/native/Sources/DaBin/TaskFocusSession.swift /Users/roeylibfeld/Documents/KARI\ Creatives/DaBin/native/Sources/DaBin/TaskPlanning.swift /Users/roeylibfeld/Documents/KARI\ Creatives/DaBin/native/Sources/DaBin/TaskPlanningEditor.swift /Users/roeylibfeld/Documents/KARI\ Creatives/DaBin/native/Sources/DaBin/TaskTimerAlarmMotion.swift /Users/roeylibfeld/Documents/KARI\ Creatives/DaBin/native/Sources/DaBin/TaskTimerRobotPresenter.swift /Users/roeylibfeld/Documents/KARI\ Creatives/DaBin/native/Sources/DaBin/TaskTimerRobotView.swift /Users/roeylibfeld/Documents/KARI\ Creatives/DaBin/native/Sources/DaBin/ThemeSettings.swift /Users/roeylibfeld/Documents/KARI\ Creatives/DaBin/native/Sources/DaBin/TimelineCalendarPicker.swift /Users/roeylibfeld/Documents/KARI\ Creatives/DaBin/native/Sources/DaBin/TodayPlanningScreen.swift /Users/roeylibfeld/Documents/KARI\ Creatives/DaBin/native/Sources/DaBin/TodayTaskCard.swift /Users/roeylibfeld/Documents/KARI\ Creatives/DaBin/native/Sources/DaBin/TransientMessagePresentation.swift /Users/roeylibfeld/Documents/KARI\ Creatives/DaBin/native/Sources/DaBin/TrashScreen.swift /Users/roeylibfeld/Documents/KARI\ Creatives/DaBin/native/Sources/DaBin/UpdateHandoff.swift /Users/roeylibfeld/Documents/KARI\ Creatives/DaBin/native/Sources/DaBin/WeeklyDateSelection.swift /Users/roeylibfeld/Documents/KARI\ Creatives/DaBin/native/Sources/DaBin/WeeklyScopeActions.swift /Users/roeylibfeld/Documents/KARI\ Creatives/DaBin/native/Sources/DaBin/WeeklyScreen.swift /Users/roeylibfeld/Documents/KARI\ Creatives/DaBin/native/Sources/DaBin/WindowDragHandle.swift /Users/roeylibfeld/Documents/KARI\ Creatives/DaBin/native/Sources/DaBin/WorkspaceClipboard.swift /Users/roeylibfeld/Documents/KARI\ Creatives/DaBin/native/Sources/DaBin/WorkspaceInput.swift /Users/roeylibfeld/Documents/KARI\ Creatives/DaBin/native/Sources/DaBin/WorkspaceItemCard.swift /Users/roeylibfeld/Documents/KARI\ Creatives/DaBin/native/Sources/DaBin/WorkspaceQuery.swift /Users/roeylibfeld/Documents/KARI\ Creatives/DaBin/native/Sources/DaBin/WorkspaceStore.swift /Users/roeylibfeld/Documents/KARI\ Creatives/DaBin/native/Sources/DaBin/WorkspaceZoom.swift /Users/roeylibfeld/Documents/KARI\ Creatives/DaBin/native/Sources/DaBin/WorkspaceZoomLayout.swift /Users/roeylibfeld/Documents/KARI\ Creatives/DaBin/native/Sources/DaBin/WorkspaceZoomScrollAnchor.swift /Applications/Xcode.app/Contents/Developer/Toolchains/XcodeDefault.xctoolchain/usr/lib/swift/macosx/prebuilt-modules/27.0/System.swiftmodule/arm64e-apple-macos.swiftmodule /Applications/Xcode.app/Contents/Developer/Toolchains/XcodeDefault.xctoolchain/usr/lib/swift/macosx/prebuilt-modules/27.0/PDFKit.swiftmodule/arm64e-apple-macos.swiftmodule /Applications/Xcode.app/Contents/Developer/Toolchains/XcodeDefault.xctoolchain/usr/lib/swift/macosx/prebuilt-modules/27.0/XPC.swiftmodule/arm64e-apple-macos.swiftmodule /Applications/Xcode.app/Contents/Developer/Toolchains/XcodeDefault.xctoolchain/usr/lib/swift/macosx/prebuilt-modules/27.0/CoreText.swiftmodule/arm64e-apple-macos.swiftmodule /Applications/Xcode.app/Contents/Developer/Toolchains/XcodeDefault.xctoolchain/usr/lib/swift/macosx/prebuilt-modules/27.0/QuickLookUI.swiftmodule/arm64e-apple-macos.swiftmodule /Applications/Xcode.app/Contents/Developer/Toolchains/XcodeDefault.xctoolchain/usr/lib/swift/macosx/prebuilt-modules/27.0/_DarwinFoundation1.swiftmodule/arm64e-apple-macos.swiftmodule /Applications/Xcode.app/Contents/Developer/Toolchains/XcodeDefault.xctoolchain/usr/lib/swift/macosx/prebuilt-modules/27.0/QuartzCore.swiftmodule/arm64e-apple-macos.swiftmodule /Applications/Xcode.app/Contents/Developer/Toolchains/XcodeDefault.xctoolchain/usr/lib/swift/macosx/prebuilt-modules/27.0/DataDetection.swiftmodule/arm64e-apple-macos.swiftmodule /Applications/Xcode.app/Contents/Developer/Toolchains/XcodeDefault.xctoolchain/usr/lib/swift/macosx/prebuilt-modules/27.0/Dispatch.swiftmodule/arm64e-apple-macos.swiftmodule /Applications/Xcode.app/Contents/Developer/Toolchains/XcodeDefault.xctoolchain/usr/lib/swift/macosx/prebuilt-modules/27.0/LocalAuthentication.swiftmodule/arm64e-apple-macos.swiftmodule /Applications/Xcode.app/Contents/Developer/Toolchains/XcodeDefault.xctoolchain/usr/lib/swift/macosx/prebuilt-modules/27.0/_DarwinFoundation3.swiftmodule/arm64e-apple-macos.swiftmodule /Applications/Xcode.app/Contents/Developer/Toolchains/XcodeDefault.xctoolchain/usr/lib/swift/macosx/prebuilt-modules/27.0/DeveloperToolsSupport.swiftmodule/arm64e-apple-macos.swiftmodule /Applications/Xcode.app/Contents/Developer/Toolchains/XcodeDefault.xctoolchain/usr/lib/swift/macosx/prebuilt-modules/27.0/_DarwinFoundation2.swiftmodule/arm64e-apple-macos.swiftmodule /Applications/Xcode.app/Contents/Developer/Toolchains/XcodeDefault.xctoolchain/usr/lib/swift/macosx/prebuilt-modules/27.0/AVKit.swiftmodule/arm64e-apple-macos.swiftmodule /Applications/Xcode.app/Contents/Developer/Toolchains/XcodeDefault.xctoolchain/usr/lib/swift/macosx/prebuilt-modules/27.0/CoreVideo.swiftmodule/arm64e-apple-macos.swiftmodule /Applications/Xcode.app/Contents/Developer/Toolchains/XcodeDefault.xctoolchain/usr/lib/swift/macosx/prebuilt-modules/27.0/Observation.swiftmodule/arm64e-apple-macos.swiftmodule /Applications/Xcode.app/Contents/Developer/Toolchains/XcodeDefault.xctoolchain/usr/lib/swift/macosx/prebuilt-modules/27.0/ImageIO.swiftmodule/arm64e-apple-macos.swiftmodule /Applications/Xcode.app/Contents/Developer/Toolchains/XcodeDefault.xctoolchain/usr/lib/swift/macosx/prebuilt-modules/27.0/CoreAudio.swiftmodule/arm64e-apple-macos.swiftmodule /Applications/Xcode.app/Contents/Developer/Toolchains/XcodeDefault.xctoolchain/usr/lib/swift/macosx/prebuilt-modules/27.0/SwiftUICore.swiftmodule/arm64e-apple-macos.swiftmodule /Applications/Xcode.app/Contents/Developer/Toolchains/XcodeDefault.xctoolchain/usr/lib/swift/macosx/prebuilt-modules/27.0/CoreData.swiftmodule/arm64e-apple-macos.swiftmodule /Applications/Xcode.app/Contents/Developer/Toolchains/XcodeDefault.xctoolchain/usr/lib/swift/macosx/prebuilt-modules/27.0/OSLog.swiftmodule/arm64e-apple-macos.swiftmodule /Applications/Xcode.app/Contents/Developer/Toolchains/XcodeDefault.xctoolchain/usr/lib/swift/macosx/prebuilt-modules/27.0/Compression.swiftmodule/arm64e-apple-macos.swiftmodule /Applications/Xcode.app/Contents/Developer/Toolchains/XcodeDefault.xctoolchain/usr/lib/swift/macosx/prebuilt-modules/27.0/Accessibility.swiftmodule/arm64e-apple-macos.swiftmodule /Applications/Xcode.app/Contents/Developer/Toolchains/XcodeDefault.xctoolchain/usr/lib/swift/macosx/prebuilt-modules/27.0/os.swiftmodule/arm64e-apple-macos.swiftmodule /Applications/Xcode.app/Contents/Developer/Toolchains/XcodeDefault.xctoolchain/usr/lib/swift/macosx/prebuilt-modules/27.0/CoreTransferable.swiftmodule/arm64e-apple-macos.swiftmodule /Applications/Xcode.app/Contents/Developer/Toolchains/XcodeDefault.xctoolchain/usr/lib/swift/macosx/prebuilt-modules/27.0/ObjectiveC.swiftmodule/arm64e-apple-macos.swiftmodule /Applications/Xcode.app/Contents/Developer/Toolchains/XcodeDefault.xctoolchain/usr/lib/swift/macosx/prebuilt-modules/27.0/_Builtin_float.swiftmodule/arm64e-apple-macos.swiftmodule /Applications/Xcode.app/Contents/Developer/Toolchains/XcodeDefault.xctoolchain/usr/lib/swift/macosx/prebuilt-modules/27.0/CoreMIDI.swiftmodule/arm64e-apple-macos.swiftmodule /Applications/Xcode.app/Contents/Developer/Toolchains/XcodeDefault.xctoolchain/usr/lib/swift/macosx/prebuilt-modules/27.0/Accelerate.swiftmodule/arm64e-apple-macos.swiftmodule /Applications/Xcode.app/Contents/Developer/Toolchains/XcodeDefault.xctoolchain/usr/lib/swift/macosx/prebuilt-modules/27.0/CoreMedia.swiftmodule/arm64e-apple-macos.swiftmodule /Applications/Xcode.app/Contents/Developer/Toolchains/XcodeDefault.xctoolchain/usr/lib/swift/macosx/prebuilt-modules/27.0/ColorSync.swiftmodule/arm64e-apple-macos.swiftmodule /Applications/Xcode.app/Contents/Developer/Toolchains/XcodeDefault.xctoolchain/usr/lib/swift/macosx/prebuilt-modules/27.0/Synchronization.swiftmodule/arm64e-apple-macos.swiftmodule /Applications/Xcode.app/Contents/Developer/Toolchains/XcodeDefault.xctoolchain/usr/lib/swift/macosx/prebuilt-modules/27.0/Combine.swiftmodule/arm64e-apple-macos.swiftmodule /Applications/Xcode.app/Contents/Developer/Toolchains/XcodeDefault.xctoolchain/usr/lib/swift/macosx/prebuilt-modules/27.0/MediaToolbox.swiftmodule/arm64e-apple-macos.swiftmodule /Applications/Xcode.app/Contents/Developer/Toolchains/XcodeDefault.xctoolchain/usr/lib/swift/macosx/prebuilt-modules/27.0/Symbols.swiftmodule/arm64e-apple-macos.swiftmodule /Applications/Xcode.app/Contents/Developer/Toolchains/XcodeDefault.xctoolchain/usr/lib/swift/macosx/prebuilt-modules/27.0/Darwin.swiftmodule/arm64e-apple-macos.swiftmodule /Applications/Xcode.app/Contents/Developer/Toolchains/XcodeDefault.xctoolchain/usr/lib/swift/macosx/prebuilt-modules/27.0/VideoToolbox.swiftmodule/arm64e-apple-macos.swiftmodule /Applications/Xcode.app/Contents/Developer/Toolchains/XcodeDefault.xctoolchain/usr/lib/swift/macosx/prebuilt-modules/27.0/Metal.swiftmodule/arm64e-apple-macos.swiftmodule /Applications/Xcode.app/Contents/Developer/Toolchains/XcodeDefault.xctoolchain/usr/lib/swift/macosx/prebuilt-modules/27.0/SwiftUI.swiftmodule/arm64e-apple-macos.swiftmodule /Applications/Xcode.app/Contents/Developer/Toolchains/XcodeDefault.xctoolchain/usr/lib/swift/macosx/prebuilt-modules/27.0/CryptoKit.swiftmodule/arm64e-apple-macos.swiftmodule /Applications/Xcode.app/Contents/Developer/Toolchains/XcodeDefault.xctoolchain/usr/lib/swift/macosx/prebuilt-modules/27.0/Foundation.swiftmodule/arm64e-apple-macos.swiftmodule /Applications/Xcode.app/Contents/Developer/Toolchains/XcodeDefault.xctoolchain/usr/lib/swift/macosx/prebuilt-modules/27.0/LinkPresentation.swiftmodule/arm64e-apple-macos.swiftmodule /Applications/Xcode.app/Contents/Developer/Toolchains/XcodeDefault.xctoolchain/usr/lib/swift/macosx/prebuilt-modules/27.0/Spatial.swiftmodule/arm64e-apple-macos.swiftmodule /Applications/Xcode.app/Contents/Developer/Toolchains/XcodeDefault.xctoolchain/usr/lib/swift/macosx/prebuilt-modules/27.0/CoreML.swiftmodule/arm64e-apple-macos.swiftmodule /Applications/Xcode.app/Contents/Developer/Toolchains/XcodeDefault.xctoolchain/usr/lib/swift/macosx/prebuilt-modules/27.0/ExtensionFoundation.swiftmodule/arm64e-apple-macos.swiftmodule /Applications/Xcode.app/Contents/Developer/Toolchains/XcodeDefault.xctoolchain/usr/lib/swift/macosx/prebuilt-modules/27.0/CoreImage.swiftmodule/arm64e-apple-macos.swiftmodule /Applications/Xcode.app/Contents/Developer/Toolchains/XcodeDefault.xctoolchain/usr/lib/swift/macosx/prebuilt-modules/27.0/IOKit.swiftmodule/arm64e-apple-macos.swiftmodule /Applications/Xcode.app/Contents/Developer/Toolchains/XcodeDefault.xctoolchain/usr/lib/swift/macosx/prebuilt-modules/27.0/CoreFoundation.swiftmodule/arm64e-apple-macos.swiftmodule /Applications/Xcode.app/Contents/Developer/Toolchains/XcodeDefault.xctoolchain/usr/lib/swift/macosx/prebuilt-modules/27.0/AVFoundation.swiftmodule/arm64e-apple-macos.swiftmodule /Applications/Xcode.app/Contents/Developer/Toolchains/XcodeDefault.xctoolchain/usr/lib/swift/macosx/prebuilt-modules/27.0/_StringProcessing.swiftmodule/arm64e-apple-macos.swiftmodule /Applications/Xcode.app/Contents/Developer/Toolchains/XcodeDefault.xctoolchain/usr/lib/swift/macosx/prebuilt-modules/27.0/Distributed.swiftmodule/arm64e-apple-macos.swiftmodule /Applications/Xcode.app/Contents/Developer/Toolchains/XcodeDefault.xctoolchain/usr/lib/swift/macosx/prebuilt-modules/27.0/Vision.swiftmodule/arm64e-apple-macos.swiftmodule /Applications/Xcode.app/Contents/Developer/Toolchains/XcodeDefault.xctoolchain/usr/lib/swift/macosx/prebuilt-modules/27.0/UniformTypeIdentifiers.swiftmodule/arm64e-apple-macos.swiftmodule /Applications/Xcode.app/Contents/Developer/Toolchains/XcodeDefault.xctoolchain/usr/lib/swift/macosx/prebuilt-modules/27.0/simd.swiftmodule/arm64e-apple-macos.swiftmodule /Applications/Xcode.app/Contents/Developer/Toolchains/XcodeDefault.xctoolchain/usr/lib/swift/macosx/prebuilt-modules/27.0/AVFAudio.swiftmodule/arm64e-apple-macos.swiftmodule /Applications/Xcode.app/Contents/Developer/Toolchains/XcodeDefault.xctoolchain/usr/lib/swift/macosx/prebuilt-modules/27.0/CoreGraphics.swiftmodule/arm64e-apple-macos.swiftmodule /Applications/Xcode.app/Contents/Developer/Toolchains/XcodeDefault.xctoolchain/usr/lib/swift/macosx/prebuilt-modules/27.0/_AVKit_SwiftUI.swiftmodule/arm64e-apple-macos.swiftmodule /Applications/Xcode.app/Contents/Developer/Toolchains/XcodeDefault.xctoolchain/usr/lib/swift/macosx/prebuilt-modules/27.0/LightweightCodeRequirements.swiftmodule/arm64e-apple-macos.swiftmodule /Applications/Xcode.app/Contents/Developer/Toolchains/XcodeDefault.xctoolchain/usr/lib/swift/macosx/prebuilt-modules/27.0/_Concurrency.swiftmodule/arm64e-apple-macos.swiftmodule /Applications/Xcode.app/Contents/Developer/Toolchains/XcodeDefault.xctoolchain/usr/lib/swift/macosx/prebuilt-modules/27.0/Network.swiftmodule/arm64e-apple-macos.swiftmodule /Applications/Xcode.app/Contents/Developer/Toolchains/XcodeDefault.xctoolchain/usr/lib/swift/macosx/prebuilt-modules/27.0/AppKit.swiftmodule/arm64e-apple-macos.swiftmodule /Applications/Xcode.app/Contents/Developer/Toolchains/XcodeDefault.xctoolchain/usr/lib/swift/macosx/prebuilt-modules/27.0/Swift.swiftmodule/arm64e-apple-macos.swiftmodule /Applications/Xcode.app/Contents/Developer/Toolchains/XcodeDefault.xctoolchain/usr/lib/swift/macosx/prebuilt-modules/27.0/QuickLookThumbnailing.swiftmodule/arm64e-apple-macos.swiftmodule /Applications/Xcode.app/Contents/Developer/Toolchains/XcodeDefault.xctoolchain/usr/lib/swift/macosx/prebuilt-modules/27.0/AudioToolbox.swiftmodule/arm64e-apple-macos.swiftmodule /Users/roeylibfeld/Documents/KARI\ Creatives/DaBin/native/build/store-shortcuts-ime-verified-20261005/derived-data/SDKExplicitPrecompiledModules/Darwin-9IX530VRYGLU7I607H2V58TAB.pcm /Users/roeylibfeld/Documents/KARI\ Creatives/DaBin/native/build/store-shortcuts-ime-verified-20261005/derived-data/SDKExplicitPrecompiledModules/ObjectiveC-4AYL3J6OIIU7BELKBPG7FQA0M.pcm /Users/roeylibfeld/Documents/KARI\ Creatives/DaBin/native/build/store-shortcuts-ime-verified-20261005/derived-data/SDKExplicitPrecompiledModules/UserNotifications-54ZTH6FTFYLP4QQJA8XZP9RFQ.pcm /Users/roeylibfeld/Documents/KARI\ Creatives/DaBin/native/build/store-shortcuts-ime-verified-20261005/derived-data/SDKExplicitPrecompiledModules/QuickLookUI-1SJ9ZZPVSZIGB88TW7D90MQ0L.pcm /Users/roeylibfeld/Documents/KARI\ Creatives/DaBin/native/build/store-shortcuts-ime-verified-20261005/derived-data/SDKExplicitPrecompiledModules/Compression-CO0J1A3NNEX17LVQ0LCBJ0V8F.pcm /Users/roeylibfeld/Documents/KARI\ Creatives/DaBin/native/build/store-shortcuts-ime-verified-20261005/derived-data/SDKExplicitPrecompiledModules/IOSurface-ENZZERFHQVFU8GO8BYS3PHYFT.pcm /Users/roeylibfeld/Documents/KARI\ Creatives/DaBin/native/build/store-shortcuts-ime-verified-20261005/derived-data/SDKExplicitPrecompiledModules/_DarwinFoundation3-9QVEC8GUX5KXVMWYPTBDKNF3.pcm /Users/roeylibfeld/Documents/KARI\ Creatives/DaBin/native/build/store-shortcuts-ime-verified-20261005/derived-data/SDKExplicitPrecompiledModules/QuickLookThumbnailing-BH5RRX5H93EM4F7CBVE8RBS6M.pcm /Users/roeylibfeld/Documents/KARI\ Creatives/DaBin/native/build/store-shortcuts-ime-verified-20261005/derived-data/SDKExplicitPrecompiledModules/_Builtin_inttypes-IDZOBYXO2SM9WFZCQZRRWO64.pcm /Users/roeylibfeld/Documents/KARI\ Creatives/DaBin/native/build/store-shortcuts-ime-verified-20261005/derived-data/SDKExplicitPrecompiledModules/Symbols-ACKKG4IZ5UJMJXETXBJHEO3HO.pcm /Users/roeylibfeld/Documents/KARI\ Creatives/DaBin/native/build/store-shortcuts-ime-verified-20261005/derived-data/SDKExplicitPrecompiledModules/ExtensionFoundation-6MU9PKN16Z59EEU6UYIKDL9PX.pcm /Users/roeylibfeld/Documents/KARI\ Creatives/DaBin/native/build/store-shortcuts-ime-verified-20261005/derived-data/SDKExplicitPrecompiledModules/Accessibility-5V5KHPXNCY704X05GXTCF5R59.pcm /Users/roeylibfeld/Documents/KARI\ Creatives/DaBin/native/build/store-shortcuts-ime-verified-20261005/derived-data/SDKExplicitPrecompiledModules/AVFAudio-B1XMU73A0NPKFM4G4U9ZEUJG9.pcm /Users/roeylibfeld/Documents/KARI\ Creatives/DaBin/native/build/store-shortcuts-ime-verified-20261005/derived-data/SDKExplicitPrecompiledModules/os_object-1Y1BJF9OW5IAPE1JJXOZ6B29.pcm /Users/roeylibfeld/Documents/KARI\ Creatives/DaBin/native/build/store-shortcuts-ime-verified-20261005/derived-data/SDKExplicitPrecompiledModules/OpenGL-BB0IC27AQD4S7K8IZ7Y04I01X.pcm /Users/roeylibfeld/Documents/KARI\ Creatives/DaBin/native/build/store-shortcuts-ime-verified-20261005/derived-data/SDKExplicitPrecompiledModules/DiskArbitration-5MJZHXO1YEPPX68PLDIK9O3F0.pcm /Users/roeylibfeld/Documents/KARI\ Creatives/DaBin/native/build/store-shortcuts-ime-verified-20261005/derived-data/SDKExplicitPrecompiledModules/IOKit-9WTNVPDRW9ICOKABS2AB6VQIC.pcm /Users/roeylibfeld/Documents/KARI\ Creatives/DaBin/native/build/store-shortcuts-ime-verified-20261005/derived-data/SDKExplicitPrecompiledModules/_SwiftConcurrencyShims-1PY7RK7EF7AA0VBVJMRJGD5S5.pcm /Users/roeylibfeld/Documents/KARI\ Creatives/DaBin/native/build/store-shortcuts-ime-verified-20261005/derived-data/SDKExplicitPrecompiledModules/_Builtin_stdatomic-8P3P3MAW1N0F2Q3Z3KR3DKRAT.pcm /Users/roeylibfeld/Documents/KARI\ Creatives/DaBin/native/build/store-shortcuts-ime-verified-20261005/derived-data/SDKExplicitPrecompiledModules/MediaToolbox-E1XOIOM669HVUA41SN2361ZMS.pcm /Users/roeylibfeld/Documents/KARI\ Creatives/DaBin/native/build/store-shortcuts-ime-verified-20261005/derived-data/SDKExplicitPrecompiledModules/Vision-BW4QHZ3ZD3Y2GK50SX6R5YTJO.pcm /Users/roeylibfeld/Documents/KARI\ Creatives/DaBin/native/build/store-shortcuts-ime-verified-20261005/derived-data/SDKExplicitPrecompiledModules/dnssd-CBCZOPS4HPAGMHYY8DXG3KI64.pcm /Users/roeylibfeld/Documents/KARI\ Creatives/DaBin/native/build/store-shortcuts-ime-verified-20261005/derived-data/SDKExplicitPrecompiledModules/PDFKit-2RFNX8ADJ41JL61M07ZQOQ3D4.pcm /Users/roeylibfeld/Documents/KARI\ Creatives/DaBin/native/build/store-shortcuts-ime-verified-20261005/derived-data/SDKExplicitPrecompiledModules/string_h-CSI4H56R8JTERAKBCXV48JNKJ.pcm /Users/roeylibfeld/Documents/KARI\ Creatives/DaBin/native/build/store-shortcuts-ime-verified-20261005/derived-data/SDKExplicitPrecompiledModules/CoreML-5TFDTI2ST3ZBBJ4U60TDUHOJ5.pcm /Users/roeylibfeld/Documents/KARI\ Creatives/DaBin/native/build/store-shortcuts-ime-verified-20261005/derived-data/SDKExplicitPrecompiledModules/os-454XVKX6GYJCS5S4RXLQ871H1.pcm /Users/roeylibfeld/Documents/KARI\ Creatives/DaBin/native/build/store-shortcuts-ime-verified-20261005/derived-data/SDKExplicitPrecompiledModules/CoreMedia-ECUBYG546T7Y3LYYFJCXOWSHU.pcm /Users/roeylibfeld/Documents/KARI\ Creatives/DaBin/native/build/store-shortcuts-ime-verified-20261005/derived-data/SDKExplicitPrecompiledModules/AppKit-DSENR9DULLF2Y9UC2J47IXRPZ.pcm /Users/roeylibfeld/Documents/KARI\ Creatives/DaBin/native/build/store-shortcuts-ime-verified-20261005/derived-data/SDKExplicitPrecompiledModules/DeveloperToolsSupport-CTJA654ZFE9F73MGJMQE6FKFA.pcm /Users/roeylibfeld/Documents/KARI\ Creatives/DaBin/native/build/store-shortcuts-ime-verified-20261005/derived-data/SDKExplicitPrecompiledModules/simd-5WHVV2GG7PB9NXBC9KECGBW4X.pcm /Users/roeylibfeld/Documents/KARI\ Creatives/DaBin/native/build/store-shortcuts-ime-verified-20261005/derived-data/SDKExplicitPrecompiledModules/Security-31GY1WCML239I5LLM0HGSXQP5.pcm /Users/roeylibfeld/Documents/KARI\ Creatives/DaBin/native/build/store-shortcuts-ime-verified-20261005/derived-data/SDKExplicitPrecompiledModules/CoreText-DSHU4C5UH2ADC0QMHLPRW2FN3.pcm /Users/roeylibfeld/Documents/KARI\ Creatives/DaBin/native/build/store-shortcuts-ime-verified-20261005/derived-data/SDKExplicitPrecompiledModules/_Builtin_intrinsics-955E3H2MLS3AV08N4YWNK61TJ.pcm /Users/roeylibfeld/Documents/KARI\ Creatives/DaBin/native/build/store-shortcuts-ime-verified-20261005/derived-data/SDKExplicitPrecompiledModules/Accelerate-8XR4S0XMBYLBSA9UTYMDY9RG8.pcm /Users/roeylibfeld/Documents/KARI\ Creatives/DaBin/native/build/store-shortcuts-ime-verified-20261005/derived-data/SDKExplicitPrecompiledModules/Foundation-CPABRCVA0W4QCKMUKDF4TWD5J.pcm /Users/roeylibfeld/Documents/KARI\ Creatives/DaBin/native/build/store-shortcuts-ime-verified-20261005/derived-data/SDKExplicitPrecompiledModules/UniformTypeIdentifiers-3JPOUL9LYRF42QS4DOPX5ZZ71.pcm /Users/roeylibfeld/Documents/KARI\ Creatives/DaBin/native/build/store-shortcuts-ime-verified-20261005/derived-data/SDKExplicitPrecompiledModules/ColorSync-AW5BB1HPRG0C4UW4Q59WT84O7.pcm /Users/roeylibfeld/Documents/KARI\ Creatives/DaBin/native/build/store-shortcuts-ime-verified-20261005/derived-data/SDKExplicitPrecompiledModules/libDER-10SLJ3IWB4NN9JHYHULDU7HUZ.pcm /Users/roeylibfeld/Documents/KARI\ Creatives/DaBin/native/build/store-shortcuts-ime-verified-20261005/derived-data/SDKExplicitPrecompiledModules/SwiftUI-ZXX7IH1E9Q47BAONC8LBV5SZ.pcm /Users/roeylibfeld/Documents/KARI\ Creatives/DaBin/native/build/store-shortcuts-ime-verified-20261005/derived-data/SDKExplicitPrecompiledModules/os_workgroup-5EMQ0QGMFPQVLHO0XX9J7R830.pcm /Users/roeylibfeld/Documents/KARI\ Creatives/DaBin/native/build/store-shortcuts-ime-verified-20261005/derived-data/SDKExplicitPrecompiledModules/CoreFoundation-3OGOAJ1XSCY1YNC0AYMU4AZYI.pcm /Users/roeylibfeld/Documents/KARI\ Creatives/DaBin/native/build/store-shortcuts-ime-verified-20261005/derived-data/SDKExplicitPrecompiledModules/_DarwinFoundation1-4G6B4GPWLBKL1Z9CQ5MU3M062.pcm /Users/roeylibfeld/Documents/KARI\ Creatives/DaBin/native/build/store-shortcuts-ime-verified-20261005/derived-data/SDKExplicitPrecompiledModules/_Builtin_stdbool-CJGA8AILZBDN6835YKXXDR1VM.pcm /Users/roeylibfeld/Documents/KARI\ Creatives/DaBin/native/build/store-shortcuts-ime-verified-20261005/derived-data/SDKExplicitPrecompiledModules/ApplicationServices-4RB15GPW01RGI62KBUTNO74RN.pcm /Users/roeylibfeld/Documents/KARI\ Creatives/DaBin/native/build/store-shortcuts-ime-verified-20261005/derived-data/SDKExplicitPrecompiledModules/CoreGraphics-DOH0KK6OXKWN0TUYMJKKDRCPB.pcm /Users/roeylibfeld/Documents/KARI\ Creatives/DaBin/native/build/store-shortcuts-ime-verified-20261005/derived-data/SDKExplicitPrecompiledModules/CoreAudioTypes-A5DJOEO07MMIBB2V71AYK5TUD.pcm /Users/roeylibfeld/Documents/KARI\ Creatives/DaBin/native/build/store-shortcuts-ime-verified-20261005/derived-data/SDKExplicitPrecompiledModules/OSLog-3DV3XFVWTDU0OOSQNL25BLXYC.pcm /Users/roeylibfeld/Documents/KARI\ Creatives/DaBin/native/build/store-shortcuts-ime-verified-20261005/derived-data/SDKExplicitPrecompiledModules/CUPS-4KDCKB9I0MA1KLYLKDYDO36B5.pcm /Users/roeylibfeld/Documents/KARI\ Creatives/DaBin/native/build/store-shortcuts-ime-verified-20261005/derived-data/SDKExplicitPrecompiledModules/launch-8U9LLG4EKSEW8WQ0U4KN0ASMF.pcm /Users/roeylibfeld/Documents/KARI\ Creatives/DaBin/native/build/store-shortcuts-ime-verified-20261005/derived-data/SDKExplicitPrecompiledModules/SwiftUICore-D2ULGSMVEH7PY187ZTRQHMP2M.pcm /Users/roeylibfeld/Documents/KARI\ Creatives/DaBin/native/build/store-shortcuts-ime-verified-20261005/derived-data/SDKExplicitPrecompiledModules/Carbon-A317MJV8VWS5A0Y4W177SQKNK.pcm /Users/roeylibfeld/Documents/KARI\ Creatives/DaBin/native/build/store-shortcuts-ime-verified-20261005/derived-data/SDKExplicitPrecompiledModules/Network-2RJB8L8AOZ1RI3PR1MH9H6RTI.pcm /Users/roeylibfeld/Documents/KARI\ Creatives/DaBin/native/build/store-shortcuts-ime-verified-20261005/derived-data/SDKExplicitPrecompiledModules/AVFoundation-8NIDO29IT13KLL7RFEA55WUBH.pcm /Users/roeylibfeld/Documents/KARI\ Creatives/DaBin/native/build/store-shortcuts-ime-verified-20261005/derived-data/SDKExplicitPrecompiledModules/CoreVideo-8YY2LXC6IO3C4KHD7BDMS0JE4.pcm /Users/roeylibfeld/Documents/KARI\ Creatives/DaBin/native/build/store-shortcuts-ime-verified-20261005/derived-data/SDKExplicitPrecompiledModules/_Builtin_limits-3HSY6C5SJAT4C173SNCMDQIW3.pcm /Users/roeylibfeld/Documents/KARI\ Creatives/DaBin/native/build/store-shortcuts-ime-verified-20261005/derived-data/SDKExplicitPrecompiledModules/CoreServices-ERDB5HLQA9GCHXA7H1Z5CHWDK.pcm /Users/roeylibfeld/Documents/KARI\ Creatives/DaBin/native/build/store-shortcuts-ime-verified-20261005/derived-data/SDKExplicitPrecompiledModules/_Builtin_float-BZIKSI01W75G6BL8H92FCOFTD.pcm /Users/roeylibfeld/Documents/KARI\ Creatives/DaBin/native/build/store-shortcuts-ime-verified-20261005/derived-data/SDKExplicitPrecompiledModules/zlib-BUU8KLTKYNDBZMKJRDWNSZRCN.pcm /Users/roeylibfeld/Documents/KARI\ Creatives/DaBin/native/build/store-shortcuts-ime-verified-20261005/derived-data/SDKExplicitPrecompiledModules/_Builtin_stdint-CVCHXTFZ7BPP1P46GO5V6NLX7.pcm /Users/roeylibfeld/Documents/KARI\ Creatives/DaBin/native/build/store-shortcuts-ime-verified-20261005/derived-data/SDKExplicitPrecompiledModules/ptrcheck-40NK1QP2U2RIO5C5V5LOJFG46.pcm /Users/roeylibfeld/Documents/KARI\ Creatives/DaBin/native/build/store-shortcuts-ime-verified-20261005/derived-data/SDKExplicitPrecompiledModules/LocalAuthentication-CQY1UDE63PAM8KV3W1Z5FXPAM.pcm /Users/roeylibfeld/Documents/KARI\ Creatives/DaBin/native/build/store-shortcuts-ime-verified-20261005/derived-data/SDKExplicitPrecompiledModules/Cocoa-F4E3D4R5I5MT7K7IQ8S7XKFW7.pcm /Users/roeylibfeld/Documents/KARI\ Creatives/DaBin/native/build/store-shortcuts-ime-verified-20261005/derived-data/SDKExplicitPrecompiledModules/QuickLook-2V9S6BQJP2DIAYO7GDW0DN32U.pcm /Users/roeylibfeld/Documents/KARI\ Creatives/DaBin/native/build/store-shortcuts-ime-verified-20261005/derived-data/SDKExplicitPrecompiledModules/AudioToolbox-97DXI816P66HVTKO7A2RWA293.pcm /Users/roeylibfeld/Documents/KARI\ Creatives/DaBin/native/build/store-shortcuts-ime-verified-20261005/derived-data/SDKExplicitPrecompiledModules/CoreImage-9MTO2BEIK0NJALNB7GXNA2R21.pcm /Users/roeylibfeld/Documents/KARI\ Creatives/DaBin/native/build/store-shortcuts-ime-verified-20261005/derived-data/SDKExplicitPrecompiledModules/CoreData-86U9BKU8XRGA17LA9GXVM2DPX.pcm /Users/roeylibfeld/Documents/KARI\ Creatives/DaBin/native/build/store-shortcuts-ime-verified-20261005/derived-data/SDKExplicitPrecompiledModules/ptrauth-EHBHJCNWOD2I6SQ8JNU9YDODQ.pcm /Users/roeylibfeld/Documents/KARI\ Creatives/DaBin/native/build/store-shortcuts-ime-verified-20261005/derived-data/SDKExplicitPrecompiledModules/CoreTransferable-5RTUA0OV1QI83AW2767M2IQ7H.pcm /Users/roeylibfeld/Documents/KARI\ Creatives/DaBin/native/build/store-shortcuts-ime-verified-20261005/derived-data/SDKExplicitPrecompiledModules/Dispatch-DG3TC5846Z1MOBPM3EEIGTC1N.pcm /Users/roeylibfeld/Documents/KARI\ Creatives/DaBin/native/build/store-shortcuts-ime-verified-20261005/derived-data/SDKExplicitPrecompiledModules/DataDetection-213OYA5VGVS8V4I0HSSKHB43L.pcm /Users/roeylibfeld/Documents/KARI\ Creatives/DaBin/native/build/store-shortcuts-ime-verified-20261005/derived-data/SDKExplicitPrecompiledModules/_Builtin_tgmath-1WWYU0JVT6N5A9RM9RDNOAE4N.pcm /Users/roeylibfeld/Documents/KARI\ Creatives/DaBin/native/build/store-shortcuts-ime-verified-20261005/derived-data/SDKExplicitPrecompiledModules/VideoToolbox-6GJB0WKBF8BFLT2Y44H9OHMYC.pcm /Users/roeylibfeld/Documents/KARI\ Creatives/DaBin/native/build/store-shortcuts-ime-verified-20261005/derived-data/SDKExplicitPrecompiledModules/AVKit-7KMNDAS7CWTZNS58ESLO5O4T6.pcm /Users/roeylibfeld/Documents/KARI\ Creatives/DaBin/native/build/store-shortcuts-ime-verified-20261005/derived-data/SDKExplicitPrecompiledModules/_Builtin_stddef-12A70MD6DD5U3BMMD2X425G2N.pcm /Users/roeylibfeld/Documents/KARI\ Creatives/DaBin/native/build/store-shortcuts-ime-verified-20261005/derived-data/SDKExplicitPrecompiledModules/CoreMIDI-21EL6PADZSRD2BBACODLPDL0V.pcm /Users/roeylibfeld/Documents/KARI\ Creatives/DaBin/native/build/store-shortcuts-ime-verified-20261005/derived-data/SDKExplicitPrecompiledModules/libkern-5IYX7VC81OX30HU8DSKREBSUO.pcm /Users/roeylibfeld/Documents/KARI\ Creatives/DaBin/native/build/store-shortcuts-ime-verified-20261005/derived-data/SDKExplicitPrecompiledModules/_Builtin_stdarg-1I86S8X470V0FB35ZV9PK1UC1.pcm /Users/roeylibfeld/Documents/KARI\ Creatives/DaBin/native/build/store-shortcuts-ime-verified-20261005/derived-data/SDKExplicitPrecompiledModules/CoreAudio-5WOAJG6FKDB99CTA9H3OQLLJP.pcm /Users/roeylibfeld/Documents/KARI\ Creatives/DaBin/native/build/store-shortcuts-ime-verified-20261005/derived-data/SDKExplicitPrecompiledModules/Metal-2LQ56JG20BRUY7ZMLM1N6WWTQ.pcm /Users/roeylibfeld/Documents/KARI\ Creatives/DaBin/native/build/store-shortcuts-ime-verified-20261005/derived-data/SDKExplicitPrecompiledModules/MachO-574D041120K8DVKNANDBHOXIH.pcm /Users/roeylibfeld/Documents/KARI\ Creatives/DaBin/native/build/store-shortcuts-ime-verified-20261005/derived-data/SDKExplicitPrecompiledModules/Spatial-9QZAEWTVHIPCR21BHL91M55AW.pcm /Users/roeylibfeld/Documents/KARI\ Creatives/DaBin/native/build/store-shortcuts-ime-verified-20261005/derived-data/SDKExplicitPrecompiledModules/_DarwinFoundation2-3L88HQMW0IKRKQO0XOKX2YW7V.pcm /Users/roeylibfeld/Documents/KARI\ Creatives/DaBin/native/build/store-shortcuts-ime-verified-20261005/derived-data/SDKExplicitPrecompiledModules/sys_types-EI9C26Z8ON1CAI0O8QCF5O9UJ.pcm /Users/roeylibfeld/Documents/KARI\ Creatives/DaBin/native/build/store-shortcuts-ime-verified-20261005/derived-data/SDKExplicitPrecompiledModules/SwiftShims-BUW5O356RY4BOM62EK2TPJQ35.pcm /Users/roeylibfeld/Documents/KARI\ Creatives/DaBin/native/build/store-shortcuts-ime-verified-20261005/derived-data/SDKExplicitPrecompiledModules/ImageIO-AITMEZC9BQ4ZE6ACMZW693KOC.pcm /Users/roeylibfeld/Documents/KARI\ Creatives/DaBin/native/build/store-shortcuts-ime-verified-20261005/derived-data/SDKExplicitPrecompiledModules/CFNetwork-AV4Z2XFOIYL4I6J9G0WL3QBJX.pcm /Users/roeylibfeld/Documents/KARI\ Creatives/DaBin/native/build/store-shortcuts-ime-verified-20261005/derived-data/SDKExplicitPrecompiledModules/QuartzCore-2T5B0GJBH5JVT5YSL7Q9DJZ5J.pcm /Users/roeylibfeld/Documents/KARI\ Creatives/DaBin/native/build/store-shortcuts-ime-verified-20261005/derived-data/SDKExplicitPrecompiledModules/XPC-CSPQNM26OU6RU04RRMU95Q0TE.pcm /Users/roeylibfeld/Documents/KARI\ Creatives/DaBin/native/build/store-shortcuts-ime-verified-20261005/derived-data/SDKExplicitPrecompiledModules/LinkPresentation-MX58SFQ34AI0FIHJ0HNW9QDA.pcm /Users/roeylibfeld/Documents/KARI\ Creatives/DaBin/native/build/store-shortcuts-ime-verified-20261005/derived-data/SDKExplicitPrecompiledModules/_AvailabilityInternal-ANPI9CBPY6A0I08JQO7ZF58DL.pcm /Users/roeylibfeld/Documents/KARI\ Creatives/DaBin/native/build/store-shortcuts-ime-verified-20261005/derived-data/Build/Intermediates.noindex/DaBin.build/Release/DaBin.build/Objects-normal/arm64/DaBin-dependencies-1.json (in target 'DaBin' from project 'DaBin')

SwiftCompile normal arm64 (in target 'DaBin' from project 'DaBin')
    cd /Users/roeylibfeld/Documents/KARI\ Creatives/DaBin/native
    

SwiftDriverJobDiscovery normal arm64 Compiling AccessibilityAnnouncement.swift, AppDelegate.swift, AppState.swift, ApplicationCoordinator.swift, ApplicationMenu.swift, ArchiveBackup.swift, AutoCaptureFingerprint.swift, AutoCaptureRobotCelebration.swift, AutoCaptureRobotPresenter.swift, AutoCaptureService.swift, AutoCaptureSettings.swift, AutoCaptureSignMotion.swift, AutoCaptureSignRouting.swift, AutoCaptureSignView.swift, AutoRecordIndicator.swift, BoardComponents.swift, BoardResizeGeometry.swift, BoardView.swift, BoardWindowChrome.swift, BoredRobotView.swift, BuddyControls.swift, CaptureAnnotations.swift, CaptureCardGroup.swift, CaptureCards.swift, CaptureClipboard.swift, CaptureCopyButton.swift, CaptureDetailPanels.swift, CaptureExtendedCanvas.swift, CaptureExtendedWindow.swift, CaptureFilterStrip.swift, CaptureInboxActions.swift, CapturePresentation.swift, CapturePreviews.swift, CaptureProvenance.swift, CaptureRemoval.swift, CaptureRepository.swift, CaptureSourceView.swift, CaptureStore.swift, CaptureTrailView.swift, ClipboardRetentionService.swift, ClipboardRetentionSettings.swift, CollectionPreviewMosaic.swift, ContentIndexService.swift, CornerController.swift, DaBinLogo.swift, DaBinMain.swift, DailyArchive.swift, DailyCaptureView.swift, DailyScreen.swift, DayExport.swift, DayExportUI.swift, DetailScreen.swift, Domain.swift, DraftArchive.swift, ExplorerItems.swift, ExplorerQuery.swift, ExplorerScreen.swift, ExplorerTransfer.swift, ExplorerViewport.swift, FittedPDFPreview.swift, GroupedCaptureCard.swift, HourlyCaptureCard.swift, HourlyCaptureFeed.swift, HoverTooltips.swift, InboxScreen.swift, InputService.swift, IslandRobotChoreography.swift, LibraryScreen.swift, LocalDOCXTextExtractor.swift, NativeContentDrag.swift, NavigationHistory.swift, NewNoteScreen.swift, OriginalFileStorage.swift, PreviewRequest.swift, PreviewService.swift, PrivacyInformation.swift, ProjectFileArchive.swift, ProjectPickerView.swift, ProjectWorkspaceCard.swift, ProjectWorkspaceExport.swift, ProjectWorkspaceState.swift, ProjectWorkspaceTasks.swift, ProjectWorkspaceView.swift, QuickAccess.swift, QuietOrbitGeometry.swift, QuietOrbitVisualStyle.swift, ReminderAlertCoordinator.swift, ReminderClockEditor.swift, ReminderLifecycle.swift, ReminderSchedule.swift, ReminderService.swift, RemindersScreen.swift, RobotAppFrameView.swift, RobotCharacterView.swift, RobotLifecycle.swift, RobotMotion.swift, RobotPlacementSettings.swift, RobotProjectSignView.swift, RobotView.swift, ScratchpadView.swift, ScreenshotFolderMonitor.swift, SearchColumnViewport.swift, SearchDateBoard.swift, SearchResultCard.swift, SearchScreen.swift, SettingsScreen.swift, ShelfCaptureController.swift, ShelfExport.swift, SoftwareUpdateService.swift, StatusBarController.swift, TaskAttachmentsView.swift, TaskEditorScreen.swift, TaskFocusControls.swift, TaskFocusSession.swift, TaskPlanning.swift, TaskPlanningEditor.swift, TaskTimerAlarmMotion.swift, TaskTimerRobotPresenter.swift, TaskTimerRobotView.swift, ThemeSettings.swift, TimelineCalendarPicker.swift, TodayPlanningScreen.swift, TodayTaskCard.swift, TransientMessagePresentation.swift, TrashScreen.swift, UpdateHandoff.swift, WeeklyDateSelection.swift, WeeklyScopeActions.swift, WeeklyScreen.swift, WindowDragHandle.swift, WorkspaceClipboard.swift, WorkspaceInput.swift, WorkspaceItemCard.swift, WorkspaceQuery.swift, WorkspaceStore.swift, WorkspaceZoom.swift, WorkspaceZoomLayout.swift, WorkspaceZoomScrollAnchor.swift (in target 'DaBin' from project 'DaBin')

SwiftDriver\ Compilation\ Requirements DaBin normal arm64 com.apple.xcode.tools.swift.compiler (in target 'DaBin' from project 'DaBin')
    cd /Users/roeylibfeld/Documents/KARI\ Creatives/DaBin/native
    builtin-Swift-Compilation-Requirements -- /Applications/Xcode.app/Contents/Developer/Toolchains/XcodeDefault.xctoolchain/usr/bin/swiftc -module-name DaBin -O -whole-module-optimization @/Users/roeylibfeld/Documents/KARI\ Creatives/DaBin/native/build/store-shortcuts-ime-verified-20261005/derived-data/Build/Intermediates.noindex/DaBin.build/Release/DaBin.build/Objects-normal/arm64/DaBin.SwiftFileList -enable-bare-slash-regex -enable-experimental-feature DebugDescriptionMacro -sdk /Applications/Xcode.app/Contents/Developer/Platforms/MacOSX.platform/Developer/SDKs/MacOSX27.0.sdk -target arm64-apple-macos14.0 -g -module-cache-path /Users/roeylibfeld/Documents/KARI\ Creatives/DaBin/native/build/store-shortcuts-ime-verified-20261005/derived-data/ModuleCache.noindex -Xfrontend -serialize-debugging-options -warnings-as-errors -swift-version 5 -I /Users/roeylibfeld/Documents/KARI\ Creatives/DaBin/native/build/store-shortcuts-ime-verified-20261005/derived-data/Build/Products/Release -F /Users/roeylibfeld/Documents/KARI\ Creatives/DaBin/native/build/store-shortcuts-ime-verified-20261005/derived-data/Build/Products/Release -c -num-threads 15 -Xcc -ivfsstatcache -Xcc /Users/roeylibfeld/Documents/KARI\ Creatives/DaBin/native/build/store-shortcuts-ime-verified-20261005/derived-data/SDKStatCaches.noindex/macosx27.0-26A425-7231f6df4def33e022ae2eb8f782df1a.sdkstatcache -output-file-map /Users/roeylibfeld/Documents/KARI\ Creatives/DaBin/native/build/store-shortcuts-ime-verified-20261005/derived-data/Build/Intermediates.noindex/DaBin.build/Release/DaBin.build/Objects-normal/arm64/DaBin-OutputFileMap.json -save-temps -no-color-diagnostics -explicit-module-build -module-cache-path /Users/roeylibfeld/Documents/KARI\ Creatives/DaBin/native/build/store-shortcuts-ime-verified-20261005/derived-data/Build/Intermediates.noindex/SwiftExplicitPrecompiledModules -clang-scanner-module-cache-path /Users/roeylibfeld/Documents/KARI\ Creatives/DaBin/native/build/store-shortcuts-ime-verified-20261005/derived-data/ModuleCache.noindex -sdk-module-cache-path /Users/roeylibfeld/Documents/KARI\ Creatives/DaBin/native/build/store-shortcuts-ime-verified-20261005/derived-data/SDKExplicitPrecompiledModules -emit-dependencies -emit-module -emit-module-path /Users/roeylibfeld/Documents/KARI\ Creatives/DaBin/native/build/store-shortcuts-ime-verified-20261005/derived-data/Build/Intermediates.noindex/DaBin.build/Release/DaBin.build/Objects-normal/arm64/DaBin.swiftmodule -serialize-diagnostics -dependency-scan-serialize-diagnostics-path /Users/roeylibfeld/Documents/KARI\ Creatives/DaBin/native/build/store-shortcuts-ime-verified-20261005/derived-data/Build/Intermediates.noindex/DaBin.build/Release/DaBin.build/Objects-normal/arm64/DaBin-dependency-scan.dia -validate-clang-modules-once -clang-build-session-file /Users/roeylibfeld/Documents/KARI\ Creatives/DaBin/native/build/store-shortcuts-ime-verified-20261005/derived-data/ModuleCache.noindex/Session.modulevalidation -Xcc -fmodules-prune-interval\=86400 -Xcc -fmodules-prune-after\=345600 -emit-const-values -const-gather-protocols-list /Users/roeylibfeld/Documents/KARI\ Creatives/DaBin/native/build/store-shortcuts-ime-verified-20261005/derived-data/Build/Intermediates.noindex/DaBin.build/Release/DaBin.build/Objects-normal/arm64/DaBin_const_extract_protocols.json -Xcc -iquote -Xcc /Users/roeylibfeld/Documents/KARI\ Creatives/DaBin/native/build/store-shortcuts-ime-verified-20261005/derived-data/Build/Intermediates.noindex/DaBin.build/Release/DaBin.build/DaBin-generated-files.hmap -Xcc -I/Users/roeylibfeld/Documents/KARI\ Creatives/DaBin/native/build/store-shortcuts-ime-verified-20261005/derived-data/Build/Intermediates.noindex/DaBin.build/Release/DaBin.build/DaBin-own-target-headers.hmap -Xcc -I/Users/roeylibfeld/Documents/KARI\ Creatives/DaBin/native/build/store-shortcuts-ime-verified-20261005/derived-data/Build/Intermediates.noindex/DaBin.build/Release/DaBin.build/DaBin-all-target-headers.hmap -Xcc -iquote -Xcc /Users/roeylibfeld/Documents/KARI\ Creatives/DaBin/native/build/store-shortcuts-ime-verified-20261005/derived-data/Build/Intermediates.noindex/DaBin.build/Release/DaBin.build/DaBin-project-headers.hmap -Xcc -I/Users/roeylibfeld/Documents/KARI\ Creatives/DaBin/native/build/store-shortcuts-ime-verified-20261005/derived-data/Build/Products/Release/include -Xcc -I/Users/roeylibfeld/Documents/KARI\ Creatives/DaBin/native/build/store-shortcuts-ime-verified-20261005/derived-data/Build/Intermediates.noindex/DaBin.build/Release/DaBin.build/DerivedSources-normal/arm64 -Xcc -I/Users/roeylibfeld/Documents/KARI\ Creatives/DaBin/native/build/store-shortcuts-ime-verified-20261005/derived-data/Build/Intermediates.noindex/DaBin.build/Release/DaBin.build/DerivedSources/arm64 -Xcc -I/Users/roeylibfeld/Documents/KARI\ Creatives/DaBin/native/build/store-shortcuts-ime-verified-20261005/derived-data/Build/Intermediates.noindex/DaBin.build/Release/DaBin.build/DerivedSources -emit-objc-header -emit-objc-header-path /Users/roeylibfeld/Documents/KARI\ Creatives/DaBin/native/build/store-shortcuts-ime-verified-20261005/derived-data/Build/Intermediates.noindex/DaBin.build/Release/DaBin.build/Objects-normal/arm64/DaBin-Swift.h -working-directory /Users/roeylibfeld/Documents/KARI\ Creatives/DaBin/native -no-emit-module-separately-wmo

SwiftMergeGeneratedHeaders /Users/roeylibfeld/Documents/KARI\ Creatives/DaBin/native/build/store-shortcuts-ime-verified-20261005/derived-data/Build/Intermediates.noindex/DaBin.build/Release/DaBin.build/DerivedSources/DaBin-Swift.h /Users/roeylibfeld/Documents/KARI\ Creatives/DaBin/native/build/store-shortcuts-ime-verified-20261005/derived-data/Build/Intermediates.noindex/DaBin.build/Release/DaBin.build/Objects-normal/arm64/DaBin-Swift.h (in target 'DaBin' from project 'DaBin')
    cd /Users/roeylibfeld/Documents/KARI\ Creatives/DaBin/native
    builtin-swiftHeaderTool -arch arm64 /Users/roeylibfeld/Documents/KARI\ Creatives/DaBin/native/build/store-shortcuts-ime-verified-20261005/derived-data/Build/Intermediates.noindex/DaBin.build/Release/DaBin.build/Objects-normal/arm64/DaBin-Swift.h -o /Users/roeylibfeld/Documents/KARI\ Creatives/DaBin/native/build/store-shortcuts-ime-verified-20261005/derived-data/Build/Intermediates.noindex/DaBin.build/Release/DaBin.build/DerivedSources/DaBin-Swift.h

Copy /Users/roeylibfeld/Documents/KARI\ Creatives/DaBin/native/build/store-shortcuts-ime-verified-20261005/derived-data/Build/Products/Release/DaBin.swiftmodule/arm64-apple-macos.swiftdoc /Users/roeylibfeld/Documents/KARI\ Creatives/DaBin/native/build/store-shortcuts-ime-verified-20261005/derived-data/Build/Intermediates.noindex/DaBin.build/Release/DaBin.build/Objects-normal/arm64/DaBin.swiftdoc (in target 'DaBin' from project 'DaBin')
    cd /Users/roeylibfeld/Documents/KARI\ Creatives/DaBin/native
    builtin-copy -exclude .DS_Store -exclude CVS -exclude .svn -exclude .git -exclude .hg -strip-unsigned-binaries -strip-deterministic -strip-tool /Applications/Xcode.app/Contents/Developer/Toolchains/XcodeDefault.xctoolchain/usr/bin/strip -resolve-src-symlinks -rename /Users/roeylibfeld/Documents/KARI\ Creatives/DaBin/native/build/store-shortcuts-ime-verified-20261005/derived-data/Build/Intermediates.noindex/DaBin.build/Release/DaBin.build/Objects-normal/arm64/DaBin.swiftdoc /Users/roeylibfeld/Documents/KARI\ Creatives/DaBin/native/build/store-shortcuts-ime-verified-20261005/derived-data/Build/Products/Release/DaBin.swiftmodule/arm64-apple-macos.swiftdoc

Copy /Users/roeylibfeld/Documents/KARI\ Creatives/DaBin/native/build/store-shortcuts-ime-verified-20261005/derived-data/Build/Products/Release/DaBin.swiftmodule/arm64-apple-macos.abi.json /Users/roeylibfeld/Documents/KARI\ Creatives/DaBin/native/build/store-shortcuts-ime-verified-20261005/derived-data/Build/Intermediates.noindex/DaBin.build/Release/DaBin.build/Objects-normal/arm64/DaBin.abi.json (in target 'DaBin' from project 'DaBin')
    cd /Users/roeylibfeld/Documents/KARI\ Creatives/DaBin/native
    builtin-copy -exclude .DS_Store -exclude CVS -exclude .svn -exclude .git -exclude .hg -strip-unsigned-binaries -strip-deterministic -strip-tool /Applications/Xcode.app/Contents/Developer/Toolchains/XcodeDefault.xctoolchain/usr/bin/strip -resolve-src-symlinks -rename /Users/roeylibfeld/Documents/KARI\ Creatives/DaBin/native/build/store-shortcuts-ime-verified-20261005/derived-data/Build/Intermediates.noindex/DaBin.build/Release/DaBin.build/Objects-normal/arm64/DaBin.abi.json /Users/roeylibfeld/Documents/KARI\ Creatives/DaBin/native/build/store-shortcuts-ime-verified-20261005/derived-data/Build/Products/Release/DaBin.swiftmodule/arm64-apple-macos.abi.json

Copy /Users/roeylibfeld/Documents/KARI\ Creatives/DaBin/native/build/store-shortcuts-ime-verified-20261005/derived-data/Build/Products/Release/DaBin.swiftmodule/arm64-apple-macos.swiftmodule /Users/roeylibfeld/Documents/KARI\ Creatives/DaBin/native/build/store-shortcuts-ime-verified-20261005/derived-data/Build/Intermediates.noindex/DaBin.build/Release/DaBin.build/Objects-normal/arm64/DaBin.swiftmodule (in target 'DaBin' from project 'DaBin')
    cd /Users/roeylibfeld/Documents/KARI\ Creatives/DaBin/native
    builtin-copy -exclude .DS_Store -exclude CVS -exclude .svn -exclude .git -exclude .hg -strip-unsigned-binaries -strip-deterministic -strip-tool /Applications/Xcode.app/Contents/Developer/Toolchains/XcodeDefault.xctoolchain/usr/bin/strip -resolve-src-symlinks -rename /Users/roeylibfeld/Documents/KARI\ Creatives/DaBin/native/build/store-shortcuts-ime-verified-20261005/derived-data/Build/Intermediates.noindex/DaBin.build/Release/DaBin.build/Objects-normal/arm64/DaBin.swiftmodule /Users/roeylibfeld/Documents/KARI\ Creatives/DaBin/native/build/store-shortcuts-ime-verified-20261005/derived-data/Build/Products/Release/DaBin.swiftmodule/arm64-apple-macos.swiftmodule

Copy /Users/roeylibfeld/Documents/KARI\ Creatives/DaBin/native/build/store-shortcuts-ime-verified-20261005/derived-data/Build/Products/Release/DaBin.swiftmodule/Project/arm64-apple-macos.swiftsourceinfo /Users/roeylibfeld/Documents/KARI\ Creatives/DaBin/native/build/store-shortcuts-ime-verified-20261005/derived-data/Build/Intermediates.noindex/DaBin.build/Release/DaBin.build/Objects-normal/arm64/DaBin.swiftsourceinfo (in target 'DaBin' from project 'DaBin')
    cd /Users/roeylibfeld/Documents/KARI\ Creatives/DaBin/native
    builtin-copy -exclude .DS_Store -exclude CVS -exclude .svn -exclude .git -exclude .hg -strip-unsigned-binaries -strip-deterministic -strip-tool /Applications/Xcode.app/Contents/Developer/Toolchains/XcodeDefault.xctoolchain/usr/bin/strip -resolve-src-symlinks -rename /Users/roeylibfeld/Documents/KARI\ Creatives/DaBin/native/build/store-shortcuts-ime-verified-20261005/derived-data/Build/Intermediates.noindex/DaBin.build/Release/DaBin.build/Objects-normal/arm64/DaBin.swiftsourceinfo /Users/roeylibfeld/Documents/KARI\ Creatives/DaBin/native/build/store-shortcuts-ime-verified-20261005/derived-data/Build/Products/Release/DaBin.swiftmodule/Project/arm64-apple-macos.swiftsourceinfo

Ld /Users/roeylibfeld/Documents/KARI\ Creatives/DaBin/native/build/store-shortcuts-ime-verified-20261005/derived-data/Build/Products/Release/DaBin.app/Contents/MacOS/DaBin normal (in target 'DaBin' from project 'DaBin')
    cd /Users/roeylibfeld/Documents/KARI\ Creatives/DaBin/native
    /Applications/Xcode.app/Contents/Developer/Toolchains/XcodeDefault.xctoolchain/usr/bin/clang -Xlinker -reproducible -target arm64-apple-macos14.0 -isysroot /Applications/Xcode.app/Contents/Developer/Platforms/MacOSX.platform/Developer/SDKs/MacOSX27.0.sdk -Os -Xlinker -no_warn_duplicate_libraries -L/Users/roeylibfeld/Documents/KARI\ Creatives/DaBin/native/build/store-shortcuts-ime-verified-20261005/derived-data/Build/Intermediates.noindex/EagerLinkingTBDs/Release -L/Users/roeylibfeld/Documents/KARI\ Creatives/DaBin/native/build/store-shortcuts-ime-verified-20261005/derived-data/Build/Products/Release -F/Users/roeylibfeld/Documents/KARI\ Creatives/DaBin/native/build/store-shortcuts-ime-verified-20261005/derived-data/Build/Intermediates.noindex/EagerLinkingTBDs/Release -F/Users/roeylibfeld/Documents/KARI\ Creatives/DaBin/native/build/store-shortcuts-ime-verified-20261005/derived-data/Build/Products/Release -filelist /Users/roeylibfeld/Documents/KARI\ Creatives/DaBin/native/build/store-shortcuts-ime-verified-20261005/derived-data/Build/Intermediates.noindex/DaBin.build/Release/DaBin.build/Objects-normal/arm64/DaBin.LinkFileList -Xlinker -rpath -Xlinker /usr/lib/swift -Xlinker -object_path_lto -Xlinker /Users/roeylibfeld/Documents/KARI\ Creatives/DaBin/native/build/store-shortcuts-ime-verified-20261005/derived-data/Build/Intermediates.noindex/DaBin.build/Release/DaBin.build/Objects-normal/arm64/DaBin_lto.o -Xlinker -dependency_info -Xlinker /Users/roeylibfeld/Documents/KARI\ Creatives/DaBin/native/build/store-shortcuts-ime-verified-20261005/derived-data/Build/Intermediates.noindex/DaBin.build/Release/DaBin.build/Objects-normal/arm64/DaBin_dependency_info.dat -fobjc-link-runtime -L/Applications/Xcode.app/Contents/Developer/Toolchains/XcodeDefault.xctoolchain/usr/lib/swift/macosx -L/usr/lib/swift -Xlinker -add_ast_path -Xlinker /Users/roeylibfeld/Documents/KARI\ Creatives/DaBin/native/build/store-shortcuts-ime-verified-20261005/derived-data/Build/Intermediates.noindex/DaBin.build/Release/DaBin.build/Objects-normal/arm64/DaBin.swiftmodule -o /Users/roeylibfeld/Documents/KARI\ Creatives/DaBin/native/build/store-shortcuts-ime-verified-20261005/derived-data/Build/Products/Release/DaBin.app/Contents/MacOS/DaBin

CopySwiftLibs /Users/roeylibfeld/Documents/KARI\ Creatives/DaBin/native/build/store-shortcuts-ime-verified-20261005/derived-data/Build/Products/Release/DaBin.app (in target 'DaBin' from project 'DaBin')
    cd /Users/roeylibfeld/Documents/KARI\ Creatives/DaBin/native
    builtin-swiftStdLibTool --copy --verbose --scan-executable /Users/roeylibfeld/Documents/KARI\ Creatives/DaBin/native/build/store-shortcuts-ime-verified-20261005/derived-data/Build/Products/Release/DaBin.app/Contents/MacOS/DaBin --scan-folder /Users/roeylibfeld/Documents/KARI\ Creatives/DaBin/native/build/store-shortcuts-ime-verified-20261005/derived-data/Build/Products/Release/DaBin.app/Contents/Frameworks --scan-folder /Users/roeylibfeld/Documents/KARI\ Creatives/DaBin/native/build/store-shortcuts-ime-verified-20261005/derived-data/Build/Products/Release/DaBin.app/Contents/PlugIns --scan-folder /Users/roeylibfeld/Documents/KARI\ Creatives/DaBin/native/build/store-shortcuts-ime-verified-20261005/derived-data/Build/Products/Release/DaBin.app/Contents/Library/SystemExtensions --scan-folder /Users/roeylibfeld/Documents/KARI\ Creatives/DaBin/native/build/store-shortcuts-ime-verified-20261005/derived-data/Build/Products/Release/DaBin.app/Contents/Extensions --platform macosx --toolchain /Applications/Xcode.app/Contents/Developer/Toolchains/XcodeDefault.xctoolchain --destination /Users/roeylibfeld/Documents/KARI\ Creatives/DaBin/native/build/store-shortcuts-ime-verified-20261005/derived-data/Build/Products/Release/DaBin.app/Contents/Frameworks --strip-bitcode --strip-bitcode-tool /Applications/Xcode.app/Contents/Developer/Toolchains/XcodeDefault.xctoolchain/usr/bin/bitcode_strip --emit-dependency-info /Users/roeylibfeld/Documents/KARI\ Creatives/DaBin/native/build/store-shortcuts-ime-verified-20261005/derived-data/Build/Intermediates.noindex/DaBin.build/Release/DaBin.build/SwiftStdLibToolInputDependencies.dep --filter-for-swift-os --back-deploy-swift-span
Ignoring --strip-bitcode because --sign was not passed

ExtractAppIntentsMetadata (in target 'DaBin' from project 'DaBin')
    cd /Users/roeylibfeld/Documents/KARI\ Creatives/DaBin/native
    /Applications/Xcode.app/Contents/Developer/Toolchains/XcodeDefault.xctoolchain/usr/bin/appintentsmetadataprocessor --toolchain-dir /Applications/Xcode.app/Contents/Developer/Toolchains/XcodeDefault.xctoolchain --module-name DaBin --sdk-root /Applications/Xcode.app/Contents/Developer/Platforms/MacOSX.platform/Developer/SDKs/MacOSX27.0.sdk --xcode-version 27A266a --platform-family macOS --deployment-target 14.0 --bundle-identifier com.dabin.mac --output /Users/roeylibfeld/Documents/KARI\ Creatives/DaBin/native/build/store-shortcuts-ime-verified-20261005/derived-data/Build/Products/Release/DaBin.app/Contents/Resources --target-triple arm64-apple-macos14.0 --binary-file /Users/roeylibfeld/Documents/KARI\ Creatives/DaBin/native/build/store-shortcuts-ime-verified-20261005/derived-data/Build/Products/Release/DaBin.app/Contents/MacOS/DaBin --dependency-file /Users/roeylibfeld/Documents/KARI\ Creatives/DaBin/native/build/store-shortcuts-ime-verified-20261005/derived-data/Build/Intermediates.noindex/DaBin.build/Release/DaBin.build/Objects-normal/arm64/DaBin_dependency_info.dat --stringsdata-file /Users/roeylibfeld/Documents/KARI\ Creatives/DaBin/native/build/store-shortcuts-ime-verified-20261005/derived-data/Build/Intermediates.noindex/DaBin.build/Release/DaBin.build/Objects-normal/arm64/ExtractedAppShortcutsMetadata.stringsdata --source-file-list /Users/roeylibfeld/Documents/KARI\ Creatives/DaBin/native/build/store-shortcuts-ime-verified-20261005/derived-data/Build/Intermediates.noindex/DaBin.build/Release/DaBin.build/Objects-normal/arm64/DaBin.SwiftFileList --metadata-file-list /Users/roeylibfeld/Documents/KARI\ Creatives/DaBin/native/build/store-shortcuts-ime-verified-20261005/derived-data/Build/Intermediates.noindex/DaBin.build/Release/DaBin.build/DaBin.DependencyMetadataFileList --static-metadata-file-list /Users/roeylibfeld/Documents/KARI\ Creatives/DaBin/native/build/store-shortcuts-ime-verified-20261005/derived-data/Build/Intermediates.noindex/DaBin.build/Release/DaBin.build/DaBin.DependencyStaticMetadataFileList --swift-const-vals-list /Users/roeylibfeld/Documents/KARI\ Creatives/DaBin/native/build/store-shortcuts-ime-verified-20261005/derived-data/Build/Intermediates.noindex/DaBin.build/Release/DaBin.build/Objects-normal/arm64/DaBin.SwiftConstValuesFileList --compile-time-extraction --deployment-aware-processing --no-app-shortcuts-localization
2026-10-05 11:38:11.141 appintentsmetadataprocessor[19276:27323630] Starting appintentsmetadataprocessor export
2026-10-05 11:38:11.142 appintentsmetadataprocessor[19276:27323630] warning: Metadata extraction skipped, no AppIntents.framework dependency found

GenerateDSYMFile /Users/roeylibfeld/Documents/KARI\ Creatives/DaBin/native/build/store-shortcuts-ime-verified-20261005/derived-data/Build/Products/Release/DaBin.app.dSYM /Users/roeylibfeld/Documents/KARI\ Creatives/DaBin/native/build/store-shortcuts-ime-verified-20261005/derived-data/Build/Products/Release/DaBin.app/Contents/MacOS/DaBin (in target 'DaBin' from project 'DaBin')
    cd /Users/roeylibfeld/Documents/KARI\ Creatives/DaBin/native
    export PATH\=/Applications/Xcode.app/Contents/SharedFrameworks/SwiftBuild.framework/Versions/A/PlugIns/SWBBuildService.bundle/Contents/PlugIns/SWBUniversalPlatformPlugin.bundle/Contents/Frameworks/SWBUniversalPlatform.framework/Resources:/Applications/Xcode.app/Contents/Developer/Toolchains/XcodeDefault.xctoolchain/usr/bin:/Applications/Xcode.app/Contents/Developer/Toolchains/XcodeDefault.xctoolchain/usr/local/bin:/Applications/Xcode.app/Contents/Developer/Toolchains/XcodeDefault.xctoolchain/usr/libexec:/Applications/Xcode.app/Contents/Developer/Platforms/MacOSX.platform/usr/bin:/Applications/Xcode.app/Contents/Developer/Platforms/MacOSX.platform/usr/local/bin:/Applications/Xcode.app/Contents/Developer/Platforms/MacOSX.platform/Developer/usr/bin:/Applications/Xcode.app/Contents/Developer/Platforms/MacOSX.platform/Developer/usr/local/bin:/Applications/Xcode.app/Contents/Developer/usr/bin:/Applications/Xcode.app/Contents/Developer/usr/local/bin:/Users/roeylibfeld/.local/bin:/opt/homebrew/bin:/opt/homebrew/sbin:/usr/local/bin:/System/Cryptexes/App/usr/bin:/usr/bin:/bin:/usr/sbin:/sbin:/var/run/com.apple.security.cryptexd/codex.system/bootstrap/usr/local/bin:/var/run/com.apple.security.cryptexd/codex.system/bootstrap/usr/bin:/var/run/com.apple.security.cryptexd/codex.system/bootstrap/usr/appleinternal/bin:/pkg/env/global/bin:/Library/Apple/usr/bin:/Applications/ChatGPT.app/Contents/Resources/codex-cli/codex-path:/Users/roeylibfeld/.codex/tmp/arg0/codex-arg0EwsPZK:/Users/roeylibfeld/.cache/codex-runtimes/codex-primary-runtime/dependencies/bin/override:/Users/roeylibfeld/.cache/codex-runtimes/codex-primary-runtime/dependencies/bin/fallback:/Applications/ChatGPT.app/Contents/Resources:/Applications/ChatGPT.app/Contents/Resources/codex-cli/CodexCLI.app/Contents/MacOS
    /Applications/Xcode.app/Contents/Developer/Toolchains/XcodeDefault.xctoolchain/usr/bin/dsymutil /Users/roeylibfeld/Documents/KARI\ Creatives/DaBin/native/build/store-shortcuts-ime-verified-20261005/derived-data/Build/Products/Release/DaBin.app/Contents/MacOS/DaBin -o /Users/roeylibfeld/Documents/KARI\ Creatives/DaBin/native/build/store-shortcuts-ime-verified-20261005/derived-data/Build/Products/Release/DaBin.app.dSYM

RegisterExecutionPolicyException /Users/roeylibfeld/Documents/KARI\ Creatives/DaBin/native/build/store-shortcuts-ime-verified-20261005/derived-data/Build/Products/Release/DaBin.app (in target 'DaBin' from project 'DaBin')
    cd /Users/roeylibfeld/Documents/KARI\ Creatives/DaBin/native
    builtin-RegisterExecutionPolicyException /Users/roeylibfeld/Documents/KARI\ Creatives/DaBin/native/build/store-shortcuts-ime-verified-20261005/derived-data/Build/Products/Release/DaBin.app

Validate /Users/roeylibfeld/Documents/KARI\ Creatives/DaBin/native/build/store-shortcuts-ime-verified-20261005/derived-data/Build/Products/Release/DaBin.app (in target 'DaBin' from project 'DaBin')
    cd /Users/roeylibfeld/Documents/KARI\ Creatives/DaBin/native
    builtin-validationUtility /Users/roeylibfeld/Documents/KARI\ Creatives/DaBin/native/build/store-shortcuts-ime-verified-20261005/derived-data/Build/Products/Release/DaBin.app -no-validate-extension -infoplist-subpath Contents/Info.plist

Touch /Users/roeylibfeld/Documents/KARI\ Creatives/DaBin/native/build/store-shortcuts-ime-verified-20261005/derived-data/Build/Products/Release/DaBin.app (in target 'DaBin' from project 'DaBin')
    cd /Users/roeylibfeld/Documents/KARI\ Creatives/DaBin/native
    /usr/bin/touch -c /Users/roeylibfeld/Documents/KARI\ Creatives/DaBin/native/build/store-shortcuts-ime-verified-20261005/derived-data/Build/Products/Release/DaBin.app

RegisterWithLaunchServices /Users/roeylibfeld/Documents/KARI\ Creatives/DaBin/native/build/store-shortcuts-ime-verified-20261005/derived-data/Build/Products/Release/DaBin.app (in target 'DaBin' from project 'DaBin')
    cd /Users/roeylibfeld/Documents/KARI\ Creatives/DaBin/native
    builtin-lsregisterurl --record-path /Users/roeylibfeld/Documents/KARI\ Creatives/DaBin/native/build/store-shortcuts-ime-verified-20261005/derived-data/Build/Intermediates.noindex/XCBuildData/registered-launchservices.txt -- /System/Library/Frameworks/CoreServices.framework/Versions/Current/Frameworks/LaunchServices.framework/Versions/Current/Support/lsregister -f -R -trusted /Users/roeylibfeld/Documents/KARI\ Creatives/DaBin/native/build/store-shortcuts-ime-verified-20261005/derived-data/Build/Products/Release/DaBin.app

PruneExplicitPrecompiledModules /Users/roeylibfeld/Documents/KARI Creatives/DaBin/native/build/store-shortcuts-ime-verified-20261005/derived-data/Build/Intermediates.noindex/ExplicitPrecompiledModules

PruneExplicitPrecompiledModules /Users/roeylibfeld/Documents/KARI Creatives/DaBin/native/build/store-shortcuts-ime-verified-20261005/derived-data/SDKExplicitPrecompiledModules

PruneExplicitPrecompiledModules /Users/roeylibfeld/Documents/KARI Creatives/DaBin/native/build/store-shortcuts-ime-verified-20261005/derived-data/Build/Intermediates.noindex/SwiftExplicitPrecompiledModules

** BUILD SUCCEEDED **

