Command line invocation:
    /Applications/Xcode.app/Contents/Developer/usr/bin/xcodebuild -project "/Users/roeylibfeld/Documents/KARI Creatives/DaBin/native/DaBin.xcodeproj" -scheme DaBin -configuration Release -destination generic/platform=macOS -derivedDataPath "/Users/roeylibfeld/Documents/KARI Creatives/DaBin/native/build/store-remove-organize-pin-20261005/derived-data" -disableAutomaticPackageResolution CODE_SIGNING_ALLOWED=NO CODE_SIGNING_REQUIRED=NO CODE_SIGN_IDENTITY= ARCHS=arm64 ONLY_ACTIVE_ARCH=NO SWIFT_ACTIVE_COMPILATION_CONDITIONS= "INFOPLIST_FILE=/Users/roeylibfeld/Documents/KARI Creatives/DaBin/native/build/store-remove-organize-pin-20261005/Store-Info.plist" build

Build settings from command line:
    ARCHS = arm64
    CODE_SIGN_IDENTITY = 
    CODE_SIGNING_ALLOWED = NO
    CODE_SIGNING_REQUIRED = NO
    INFOPLIST_FILE = /Users/roeylibfeld/Documents/KARI Creatives/DaBin/native/build/store-remove-organize-pin-20261005/Store-Info.plist
    ONLY_ACTIVE_ARCH = NO
    SWIFT_ACTIVE_COMPILATION_CONDITIONS = 

note: Using codesigning identity override: 
ComputePackagePrebuildTargetDependencyGraph

Prepare packages

CreateBuildRequest

SendProjectDescription

CreateBuildOperation

ComputeTargetDependencyGraph
note: Building targets in dependency order
note: Target dependency graph (1 target)
    Target 'DaBin' in project 'DaBin' (no dependencies)

GatherProvisioningInputs

CreateBuildDescription

ExecuteExternalTool /Applications/Xcode.app/Contents/Developer/Toolchains/XcodeDefault.xctoolchain/usr/bin/clang -v -E -dM -isysroot /Applications/Xcode.app/Contents/Developer/Platforms/MacOSX.platform/Developer/SDKs/MacOSX27.0.sdk -x c -c /dev/null

ExecuteExternalTool /Applications/Xcode.app/Contents/Developer/Toolchains/XcodeDefault.xctoolchain/usr/bin/swiftc --version

ExecuteExternalTool /Applications/Xcode.app/Contents/Developer/Toolchains/XcodeDefault.xctoolchain/usr/bin/ld -version_details

Build description signature: 4dc964c623bd6bd65f69c9a9ffd763f8
Build description path: /Users/roeylibfeld/Documents/KARI Creatives/DaBin/native/build/store-remove-organize-pin-20261005/derived-data/Build/Intermediates.noindex/XCBuildData/4dc964c623bd6bd65f69c9a9ffd763f8.xcbuilddata
CreateBuildDirectory /Users/roeylibfeld/Documents/KARI\ Creatives/DaBin/native/build/store-remove-organize-pin-20261005/derived-data/ModuleCache.noindex
    cd /Users/roeylibfeld/Documents/KARI\ Creatives/DaBin/native/DaBin.xcodeproj
    builtin-create-build-directory /Users/roeylibfeld/Documents/KARI\ Creatives/DaBin/native/build/store-remove-organize-pin-20261005/derived-data/ModuleCache.noindex

CreateBuildDirectory /Users/roeylibfeld/Documents/KARI\ Creatives/DaBin/native/build/store-remove-organize-pin-20261005/derived-data/SDKExplicitPrecompiledModules
    cd /Users/roeylibfeld/Documents/KARI\ Creatives/DaBin/native/DaBin.xcodeproj
    builtin-create-build-directory /Users/roeylibfeld/Documents/KARI\ Creatives/DaBin/native/build/store-remove-organize-pin-20261005/derived-data/SDKExplicitPrecompiledModules

CreateBuildDirectory /Users/roeylibfeld/Documents/KARI\ Creatives/DaBin/native/build/store-remove-organize-pin-20261005/derived-data/CompilationCache.noindex
    cd /Users/roeylibfeld/Documents/KARI\ Creatives/DaBin/native/DaBin.xcodeproj
    builtin-create-build-directory /Users/roeylibfeld/Documents/KARI\ Creatives/DaBin/native/build/store-remove-organize-pin-20261005/derived-data/CompilationCache.noindex

ClangStatCache /Applications/Xcode.app/Contents/Developer/Toolchains/XcodeDefault.xctoolchain/usr/bin/clang-stat-cache /Applications/Xcode.app/Contents/Developer/Platforms/MacOSX.platform/Developer/SDKs/MacOSX27.0.sdk /Users/roeylibfeld/Documents/KARI\ Creatives/DaBin/native/build/store-remove-organize-pin-20261005/derived-data/SDKStatCaches.noindex/macosx27.0-26A425-7231f6df4def33e022ae2eb8f782df1a.sdkstatcache
    cd /Users/roeylibfeld/Documents/KARI\ Creatives/DaBin/native/DaBin.xcodeproj
    /Applications/Xcode.app/Contents/Developer/Toolchains/XcodeDefault.xctoolchain/usr/bin/clang-stat-cache /Applications/Xcode.app/Contents/Developer/Platforms/MacOSX.platform/Developer/SDKs/MacOSX27.0.sdk -o /Users/roeylibfeld/Documents/KARI\ Creatives/DaBin/native/build/store-remove-organize-pin-20261005/derived-data/SDKStatCaches.noindex/macosx27.0-26A425-7231f6df4def33e022ae2eb8f782df1a.sdkstatcache

CreateBuildDirectory /Users/roeylibfeld/Documents/KARI\ Creatives/DaBin/native/build/store-remove-organize-pin-20261005/derived-data/Build/Intermediates.noindex
    cd /Users/roeylibfeld/Documents/KARI\ Creatives/DaBin/native/DaBin.xcodeproj
    builtin-create-build-directory /Users/roeylibfeld/Documents/KARI\ Creatives/DaBin/native/build/store-remove-organize-pin-20261005/derived-data/Build/Intermediates.noindex

CreateBuildDirectory /Users/roeylibfeld/Documents/KARI\ Creatives/DaBin/native/build/store-remove-organize-pin-20261005/derived-data/Build/Products
    cd /Users/roeylibfeld/Documents/KARI\ Creatives/DaBin/native/DaBin.xcodeproj
    builtin-create-build-directory /Users/roeylibfeld/Documents/KARI\ Creatives/DaBin/native/build/store-remove-organize-pin-20261005/derived-data/Build/Products

CreateBuildDirectory /Users/roeylibfeld/Documents/KARI\ Creatives/DaBin/native/build/store-remove-organize-pin-20261005/derived-data/Build/Products/Release
    cd /Users/roeylibfeld/Documents/KARI\ Creatives/DaBin/native/DaBin.xcodeproj
    builtin-create-build-directory /Users/roeylibfeld/Documents/KARI\ Creatives/DaBin/native/build/store-remove-organize-pin-20261005/derived-data/Build/Products/Release

CreateBuildDirectory /Users/roeylibfeld/Documents/KARI\ Creatives/DaBin/native/build/store-remove-organize-pin-20261005/derived-data/Build/Intermediates.noindex/PrecompiledHeaders
    cd /Users/roeylibfeld/Documents/KARI\ Creatives/DaBin/native/DaBin.xcodeproj
    builtin-create-build-directory /Users/roeylibfeld/Documents/KARI\ Creatives/DaBin/native/build/store-remove-organize-pin-20261005/derived-data/Build/Intermediates.noindex/PrecompiledHeaders

CreateBuildDirectory /Users/roeylibfeld/Documents/KARI\ Creatives/DaBin/native/build/store-remove-organize-pin-20261005/derived-data/Build/Intermediates.noindex/SwiftExplicitPrecompiledModules
    cd /Users/roeylibfeld/Documents/KARI\ Creatives/DaBin/native/DaBin.xcodeproj
    builtin-create-build-directory /Users/roeylibfeld/Documents/KARI\ Creatives/DaBin/native/build/store-remove-organize-pin-20261005/derived-data/Build/Intermediates.noindex/SwiftExplicitPrecompiledModules

CreateBuildDirectory /Users/roeylibfeld/Documents/KARI\ Creatives/DaBin/native/build/store-remove-organize-pin-20261005/derived-data/Build/Intermediates.noindex/ExplicitPrecompiledModules
    cd /Users/roeylibfeld/Documents/KARI\ Creatives/DaBin/native/DaBin.xcodeproj
    builtin-create-build-directory /Users/roeylibfeld/Documents/KARI\ Creatives/DaBin/native/build/store-remove-organize-pin-20261005/derived-data/Build/Intermediates.noindex/ExplicitPrecompiledModules

WriteAuxiliaryFile /Users/roeylibfeld/Documents/KARI\ Creatives/DaBin/native/build/store-remove-organize-pin-20261005/derived-data/Build/Intermediates.noindex/DaBin.build/Release/DaBin-3054bc69c6cf927e91acad80e75a3dd3-VFS/all-product-headers.yaml
    cd /Users/roeylibfeld/Documents/KARI\ Creatives/DaBin/native/DaBin.xcodeproj
    write-file /Users/roeylibfeld/Documents/KARI\ Creatives/DaBin/native/build/store-remove-organize-pin-20261005/derived-data/Build/Intermediates.noindex/DaBin.build/Release/DaBin-3054bc69c6cf927e91acad80e75a3dd3-VFS/all-product-headers.yaml

CreateBuildDirectory /Users/roeylibfeld/Documents/KARI\ Creatives/DaBin/native/build/store-remove-organize-pin-20261005/derived-data/Build/Intermediates.noindex/EagerLinkingTBDs/Release
    cd /Users/roeylibfeld/Documents/KARI\ Creatives/DaBin/native/DaBin.xcodeproj
    builtin-create-build-directory /Users/roeylibfeld/Documents/KARI\ Creatives/DaBin/native/build/store-remove-organize-pin-20261005/derived-data/Build/Intermediates.noindex/EagerLinkingTBDs/Release

WriteAuxiliaryFile /Users/roeylibfeld/Documents/KARI\ Creatives/DaBin/native/build/store-remove-organize-pin-20261005/derived-data/Build/Intermediates.noindex/DaBin.build/Release/DaBin.build/DaBin-all-target-headers.hmap (in target 'DaBin' from project 'DaBin')
    cd /Users/roeylibfeld/Documents/KARI\ Creatives/DaBin/native
    write-file /Users/roeylibfeld/Documents/KARI\ Creatives/DaBin/native/build/store-remove-organize-pin-20261005/derived-data/Build/Intermediates.noindex/DaBin.build/Release/DaBin.build/DaBin-all-target-headers.hmap

WriteAuxiliaryFile /Users/roeylibfeld/Documents/KARI\ Creatives/DaBin/native/build/store-remove-organize-pin-20261005/derived-data/Build/Intermediates.noindex/DaBin.build/Release/DaBin.build/DaBin-own-target-headers.hmap (in target 'DaBin' from project 'DaBin')
    cd /Users/roeylibfeld/Documents/KARI\ Creatives/DaBin/native
    write-file /Users/roeylibfeld/Documents/KARI\ Creatives/DaBin/native/build/store-remove-organize-pin-20261005/derived-data/Build/Intermediates.noindex/DaBin.build/Release/DaBin.build/DaBin-own-target-headers.hmap

WriteAuxiliaryFile /Users/roeylibfeld/Documents/KARI\ Creatives/DaBin/native/build/store-remove-organize-pin-20261005/derived-data/Build/Intermediates.noindex/DaBin.build/Release/DaBin.build/DaBin-project-headers.hmap (in target 'DaBin' from project 'DaBin')
    cd /Users/roeylibfeld/Documents/KARI\ Creatives/DaBin/native
    write-file /Users/roeylibfeld/Documents/KARI\ Creatives/DaBin/native/build/store-remove-organize-pin-20261005/derived-data/Build/Intermediates.noindex/DaBin.build/Release/DaBin.build/DaBin-project-headers.hmap

WriteAuxiliaryFile /Users/roeylibfeld/Documents/KARI\ Creatives/DaBin/native/build/store-remove-organize-pin-20261005/derived-data/Build/Intermediates.noindex/DaBin.build/Release/DaBin.build/DaBin.DependencyStaticMetadataFileList (in target 'DaBin' from project 'DaBin')
    cd /Users/roeylibfeld/Documents/KARI\ Creatives/DaBin/native
    write-file /Users/roeylibfeld/Documents/KARI\ Creatives/DaBin/native/build/store-remove-organize-pin-20261005/derived-data/Build/Intermediates.noindex/DaBin.build/Release/DaBin.build/DaBin.DependencyStaticMetadataFileList

WriteAuxiliaryFile /Users/roeylibfeld/Documents/KARI\ Creatives/DaBin/native/build/store-remove-organize-pin-20261005/derived-data/Build/Intermediates.noindex/DaBin.build/Release/DaBin.build/DaBin.DependencyMetadataFileList (in target 'DaBin' from project 'DaBin')
    cd /Users/roeylibfeld/Documents/KARI\ Creatives/DaBin/native
    write-file /Users/roeylibfeld/Documents/KARI\ Creatives/DaBin/native/build/store-remove-organize-pin-20261005/derived-data/Build/Intermediates.noindex/DaBin.build/Release/DaBin.build/DaBin.DependencyMetadataFileList

WriteAuxiliaryFile /Users/roeylibfeld/Documents/KARI\ Creatives/DaBin/native/build/store-remove-organize-pin-20261005/derived-data/Build/Intermediates.noindex/DaBin.build/Release/DaBin.build/DaBin-all-non-framework-target-headers.hmap (in target 'DaBin' from project 'DaBin')
    cd /Users/roeylibfeld/Documents/KARI\ Creatives/DaBin/native
    write-file /Users/roeylibfeld/Documents/KARI\ Creatives/DaBin/native/build/store-remove-organize-pin-20261005/derived-data/Build/Intermediates.noindex/DaBin.build/Release/DaBin.build/DaBin-all-non-framework-target-headers.hmap

WriteAuxiliaryFile /Users/roeylibfeld/Documents/KARI\ Creatives/DaBin/native/build/store-remove-organize-pin-20261005/derived-data/Build/Intermediates.noindex/DaBin.build/Release/DaBin.build/DaBin.hmap (in target 'DaBin' from project 'DaBin')
    cd /Users/roeylibfeld/Documents/KARI\ Creatives/DaBin/native
    write-file /Users/roeylibfeld/Documents/KARI\ Creatives/DaBin/native/build/store-remove-organize-pin-20261005/derived-data/Build/Intermediates.noindex/DaBin.build/Release/DaBin.build/DaBin.hmap

WriteAuxiliaryFile /Users/roeylibfeld/Documents/KARI\ Creatives/DaBin/native/build/store-remove-organize-pin-20261005/derived-data/Build/Intermediates.noindex/DaBin.build/Release/DaBin.build/DaBin-generated-files.hmap (in target 'DaBin' from project 'DaBin')
    cd /Users/roeylibfeld/Documents/KARI\ Creatives/DaBin/native
    write-file /Users/roeylibfeld/Documents/KARI\ Creatives/DaBin/native/build/store-remove-organize-pin-20261005/derived-data/Build/Intermediates.noindex/DaBin.build/Release/DaBin.build/DaBin-generated-files.hmap

WriteAuxiliaryFile /Users/roeylibfeld/Documents/KARI\ Creatives/DaBin/native/build/store-remove-organize-pin-20261005/derived-data/Build/Intermediates.noindex/DaBin.build/Release/DaBin.build/Objects-normal/arm64/DaBin_const_extract_protocols.json (in target 'DaBin' from project 'DaBin')
    cd /Users/roeylibfeld/Documents/KARI\ Creatives/DaBin/native
    write-file /Users/roeylibfeld/Documents/KARI\ Creatives/DaBin/native/build/store-remove-organize-pin-20261005/derived-data/Build/Intermediates.noindex/DaBin.build/Release/DaBin.build/Objects-normal/arm64/DaBin_const_extract_protocols.json

WriteAuxiliaryFile /Users/roeylibfeld/Documents/KARI\ Creatives/DaBin/native/build/store-remove-organize-pin-20261005/derived-data/Build/Intermediates.noindex/DaBin.build/Release/DaBin.build/Objects-normal/arm64/DaBin.SwiftConstValuesFileList (in target 'DaBin' from project 'DaBin')
    cd /Users/roeylibfeld/Documents/KARI\ Creatives/DaBin/native
    write-file /Users/roeylibfeld/Documents/KARI\ Creatives/DaBin/native/build/store-remove-organize-pin-20261005/derived-data/Build/Intermediates.noindex/DaBin.build/Release/DaBin.build/Objects-normal/arm64/DaBin.SwiftConstValuesFileList

WriteAuxiliaryFile /Users/roeylibfeld/Documents/KARI\ Creatives/DaBin/native/build/store-remove-organize-pin-20261005/derived-data/Build/Intermediates.noindex/DaBin.build/Release/DaBin.build/Objects-normal/arm64/DaBin-OutputFileMap.json (in target 'DaBin' from project 'DaBin')
    cd /Users/roeylibfeld/Documents/KARI\ Creatives/DaBin/native
    write-file /Users/roeylibfeld/Documents/KARI\ Creatives/DaBin/native/build/store-remove-organize-pin-20261005/derived-data/Build/Intermediates.noindex/DaBin.build/Release/DaBin.build/Objects-normal/arm64/DaBin-OutputFileMap.json

MkDir /Users/roeylibfeld/Documents/KARI\ Creatives/DaBin/native/build/store-remove-organize-pin-20261005/derived-data/Build/Products/Release/DaBin.app/Contents/Resources (in target 'DaBin' from project 'DaBin')
    cd /Users/roeylibfeld/Documents/KARI\ Creatives/DaBin/native
    /bin/mkdir -p /Users/roeylibfeld/Documents/KARI\ Creatives/DaBin/native/build/store-remove-organize-pin-20261005/derived-data/Build/Products/Release/DaBin.app/Contents/Resources

WriteAuxiliaryFile /Users/roeylibfeld/Documents/KARI\ Creatives/DaBin/native/build/store-remove-organize-pin-20261005/derived-data/Build/Intermediates.noindex/DaBin.build/Release/DaBin.build/Objects-normal/arm64/DaBin.LinkFileList (in target 'DaBin' from project 'DaBin')
    cd /Users/roeylibfeld/Documents/KARI\ Creatives/DaBin/native
    write-file /Users/roeylibfeld/Documents/KARI\ Creatives/DaBin/native/build/store-remove-organize-pin-20261005/derived-data/Build/Intermediates.noindex/DaBin.build/Release/DaBin.build/Objects-normal/arm64/DaBin.LinkFileList

WriteAuxiliaryFile /Users/roeylibfeld/Documents/KARI\ Creatives/DaBin/native/build/store-remove-organize-pin-20261005/derived-data/Build/Intermediates.noindex/DaBin.build/Release/DaBin.build/Objects-normal/arm64/DaBin.SwiftFileList (in target 'DaBin' from project 'DaBin')
    cd /Users/roeylibfeld/Documents/KARI\ Creatives/DaBin/native
    write-file /Users/roeylibfeld/Documents/KARI\ Creatives/DaBin/native/build/store-remove-organize-pin-20261005/derived-data/Build/Intermediates.noindex/DaBin.build/Release/DaBin.build/Objects-normal/arm64/DaBin.SwiftFileList

MkDir /Users/roeylibfeld/Documents/KARI\ Creatives/DaBin/native/build/store-remove-organize-pin-20261005/derived-data/Build/Products/Release/DaBin.app/Contents/MacOS (in target 'DaBin' from project 'DaBin')
    cd /Users/roeylibfeld/Documents/KARI\ Creatives/DaBin/native
    /bin/mkdir -p /Users/roeylibfeld/Documents/KARI\ Creatives/DaBin/native/build/store-remove-organize-pin-20261005/derived-data/Build/Products/Release/DaBin.app/Contents/MacOS

MkDir /Users/roeylibfeld/Documents/KARI\ Creatives/DaBin/native/build/store-remove-organize-pin-20261005/derived-data/Build/Products/Release/DaBin.app/Contents (in target 'DaBin' from project 'DaBin')
    cd /Users/roeylibfeld/Documents/KARI\ Creatives/DaBin/native
    /bin/mkdir -p /Users/roeylibfeld/Documents/KARI\ Creatives/DaBin/native/build/store-remove-organize-pin-20261005/derived-data/Build/Products/Release/DaBin.app/Contents

MkDir /Users/roeylibfeld/Documents/KARI\ Creatives/DaBin/native/build/store-remove-organize-pin-20261005/derived-data/Build/Products/Release/DaBin.app (in target 'DaBin' from project 'DaBin')
    cd /Users/roeylibfeld/Documents/KARI\ Creatives/DaBin/native
    /bin/mkdir -p /Users/roeylibfeld/Documents/KARI\ Creatives/DaBin/native/build/store-remove-organize-pin-20261005/derived-data/Build/Products/Release/DaBin.app

ProcessInfoPlistFile /Users/roeylibfeld/Documents/KARI\ Creatives/DaBin/native/build/store-remove-organize-pin-20261005/derived-data/Build/Products/Release/DaBin.app/Contents/Info.plist /Users/roeylibfeld/Documents/KARI\ Creatives/DaBin/native/build/store-remove-organize-pin-20261005/Store-Info.plist (in target 'DaBin' from project 'DaBin')
    cd /Users/roeylibfeld/Documents/KARI\ Creatives/DaBin/native
    builtin-infoPlistUtility /Users/roeylibfeld/Documents/KARI\ Creatives/DaBin/native/build/store-remove-organize-pin-20261005/Store-Info.plist -producttype com.apple.product-type.application -genpkginfo /Users/roeylibfeld/Documents/KARI\ Creatives/DaBin/native/build/store-remove-organize-pin-20261005/derived-data/Build/Products/Release/DaBin.app/Contents/PkgInfo -expandbuildsettings -platform macosx -o /Users/roeylibfeld/Documents/KARI\ Creatives/DaBin/native/build/store-remove-organize-pin-20261005/derived-data/Build/Products/Release/DaBin.app/Contents/Info.plist

CpResource /Users/roeylibfeld/Documents/KARI\ Creatives/DaBin/native/build/store-remove-organize-pin-20261005/derived-data/Build/Products/Release/DaBin.app/Contents/Resources/PrivacyPolicy.md /Users/roeylibfeld/Documents/KARI\ Creatives/DaBin/native/Resources/PrivacyPolicy.md (in target 'DaBin' from project 'DaBin')
    cd /Users/roeylibfeld/Documents/KARI\ Creatives/DaBin/native
    builtin-copy -exclude .DS_Store -exclude CVS -exclude .svn -exclude .git -exclude .hg -strip-unsigned-binaries -strip-deterministic -strip-tool /Applications/Xcode.app/Contents/Developer/Toolchains/XcodeDefault.xctoolchain/usr/bin/strip -resolve-src-symlinks /Users/roeylibfeld/Documents/KARI\ Creatives/DaBin/native/Resources/PrivacyPolicy.md /Users/roeylibfeld/Documents/KARI\ Creatives/DaBin/native/build/store-remove-organize-pin-20261005/derived-data/Build/Products/Release/DaBin.app/Contents/Resources

CpResource /Users/roeylibfeld/Documents/KARI\ Creatives/DaBin/native/build/store-remove-organize-pin-20261005/derived-data/Build/Products/Release/DaBin.app/Contents/Resources/robot.svg /Users/roeylibfeld/Documents/KARI\ Creatives/DaBin/native/Resources/robot.svg (in target 'DaBin' from project 'DaBin')
    cd /Users/roeylibfeld/Documents/KARI\ Creatives/DaBin/native
    builtin-copy -exclude .DS_Store -exclude CVS -exclude .svn -exclude .git -exclude .hg -strip-unsigned-binaries -strip-deterministic -strip-tool /Applications/Xcode.app/Contents/Developer/Toolchains/XcodeDefault.xctoolchain/usr/bin/strip -resolve-src-symlinks /Users/roeylibfeld/Documents/KARI\ Creatives/DaBin/native/Resources/robot.svg /Users/roeylibfeld/Documents/KARI\ Creatives/DaBin/native/build/store-remove-organize-pin-20261005/derived-data/Build/Products/Release/DaBin.app/Contents/Resources

CpResource /Users/roeylibfeld/Documents/KARI\ Creatives/DaBin/native/build/store-remove-organize-pin-20261005/derived-data/Build/Products/Release/DaBin.app/Contents/Resources/PrivacyInfo.xcprivacy /Users/roeylibfeld/Documents/KARI\ Creatives/DaBin/native/Resources/PrivacyInfo.xcprivacy (in target 'DaBin' from project 'DaBin')
    cd /Users/roeylibfeld/Documents/KARI\ Creatives/DaBin/native
    builtin-copy -exclude .DS_Store -exclude CVS -exclude .svn -exclude .git -exclude .hg -strip-unsigned-binaries -strip-deterministic -strip-tool /Applications/Xcode.app/Contents/Developer/Toolchains/XcodeDefault.xctoolchain/usr/bin/strip -resolve-src-symlinks /Users/roeylibfeld/Documents/KARI\ Creatives/DaBin/native/Resources/PrivacyInfo.xcprivacy /Users/roeylibfeld/Documents/KARI\ Creatives/DaBin/native/build/store-remove-organize-pin-20261005/derived-data/Build/Products/Release/DaBin.app/Contents/Resources

CpResource /Users/roeylibfeld/Documents/KARI\ Creatives/DaBin/native/build/store-remove-organize-pin-20261005/derived-data/Build/Products/Release/DaBin.app/Contents/Resources/AppIcon.icns /Users/roeylibfeld/Documents/KARI\ Creatives/DaBin/native/Resources/AppIcon.icns (in target 'DaBin' from project 'DaBin')
    cd /Users/roeylibfeld/Documents/KARI\ Creatives/DaBin/native
    builtin-copy -exclude .DS_Store -exclude CVS -exclude .svn -exclude .git -exclude .hg -strip-unsigned-binaries -strip-deterministic -strip-tool /Applications/Xcode.app/Contents/Developer/Toolchains/XcodeDefault.xctoolchain/usr/bin/strip -resolve-src-symlinks /Users/roeylibfeld/Documents/KARI\ Creatives/DaBin/native/Resources/AppIcon.icns /Users/roeylibfeld/Documents/KARI\ Creatives/DaBin/native/build/store-remove-organize-pin-20261005/derived-data/Build/Products/Release/DaBin.app/Contents/Resources

SwiftDriver DaBin normal arm64 com.apple.xcode.tools.swift.compiler (in target 'DaBin' from project 'DaBin')
    cd /Users/roeylibfeld/Documents/KARI\ Creatives/DaBin/native
    builtin-SwiftDriver -- /Applications/Xcode.app/Contents/Developer/Toolchains/XcodeDefault.xctoolchain/usr/bin/swiftc -module-name DaBin -O -whole-module-optimization @/Users/roeylibfeld/Documents/KARI\ Creatives/DaBin/native/build/store-remove-organize-pin-20261005/derived-data/Build/Intermediates.noindex/DaBin.build/Release/DaBin.build/Objects-normal/arm64/DaBin.SwiftFileList -enable-bare-slash-regex -enable-experimental-feature DebugDescriptionMacro -sdk /Applications/Xcode.app/Contents/Developer/Platforms/MacOSX.platform/Developer/SDKs/MacOSX27.0.sdk -target arm64-apple-macos14.0 -g -module-cache-path /Users/roeylibfeld/Documents/KARI\ Creatives/DaBin/native/build/store-remove-organize-pin-20261005/derived-data/ModuleCache.noindex -Xfrontend -serialize-debugging-options -warnings-as-errors -swift-version 5 -I /Users/roeylibfeld/Documents/KARI\ Creatives/DaBin/native/build/store-remove-organize-pin-20261005/derived-data/Build/Products/Release -F /Users/roeylibfeld/Documents/KARI\ Creatives/DaBin/native/build/store-remove-organize-pin-20261005/derived-data/Build/Products/Release -c -num-threads 15 -Xcc -ivfsstatcache -Xcc /Users/roeylibfeld/Documents/KARI\ Creatives/DaBin/native/build/store-remove-organize-pin-20261005/derived-data/SDKStatCaches.noindex/macosx27.0-26A425-7231f6df4def33e022ae2eb8f782df1a.sdkstatcache -output-file-map /Users/roeylibfeld/Documents/KARI\ Creatives/DaBin/native/build/store-remove-organize-pin-20261005/derived-data/Build/Intermediates.noindex/DaBin.build/Release/DaBin.build/Objects-normal/arm64/DaBin-OutputFileMap.json -save-temps -no-color-diagnostics -explicit-module-build -module-cache-path /Users/roeylibfeld/Documents/KARI\ Creatives/DaBin/native/build/store-remove-organize-pin-20261005/derived-data/Build/Intermediates.noindex/SwiftExplicitPrecompiledModules -clang-scanner-module-cache-path /Users/roeylibfeld/Documents/KARI\ Creatives/DaBin/native/build/store-remove-organize-pin-20261005/derived-data/ModuleCache.noindex -sdk-module-cache-path /Users/roeylibfeld/Documents/KARI\ Creatives/DaBin/native/build/store-remove-organize-pin-20261005/derived-data/SDKExplicitPrecompiledModules -emit-dependencies -emit-module -emit-module-path /Users/roeylibfeld/Documents/KARI\ Creatives/DaBin/native/build/store-remove-organize-pin-20261005/derived-data/Build/Intermediates.noindex/DaBin.build/Release/DaBin.build/Objects-normal/arm64/DaBin.swiftmodule -serialize-diagnostics -dependency-scan-serialize-diagnostics-path /Users/roeylibfeld/Documents/KARI\ Creatives/DaBin/native/build/store-remove-organize-pin-20261005/derived-data/Build/Intermediates.noindex/DaBin.build/Release/DaBin.build/Objects-normal/arm64/DaBin-dependency-scan.dia -validate-clang-modules-once -clang-build-session-file /Users/roeylibfeld/Documents/KARI\ Creatives/DaBin/native/build/store-remove-organize-pin-20261005/derived-data/ModuleCache.noindex/Session.modulevalidation -Xcc -fmodules-prune-interval\=86400 -Xcc -fmodules-prune-after\=345600 -emit-const-values -const-gather-protocols-list /Users/roeylibfeld/Documents/KARI\ Creatives/DaBin/native/build/store-remove-organize-pin-20261005/derived-data/Build/Intermediates.noindex/DaBin.build/Release/DaBin.build/Objects-normal/arm64/DaBin_const_extract_protocols.json -Xcc -iquote -Xcc /Users/roeylibfeld/Documents/KARI\ Creatives/DaBin/native/build/store-remove-organize-pin-20261005/derived-data/Build/Intermediates.noindex/DaBin.build/Release/DaBin.build/DaBin-generated-files.hmap -Xcc -I/Users/roeylibfeld/Documents/KARI\ Creatives/DaBin/native/build/store-remove-organize-pin-20261005/derived-data/Build/Intermediates.noindex/DaBin.build/Release/DaBin.build/DaBin-own-target-headers.hmap -Xcc -I/Users/roeylibfeld/Documents/KARI\ Creatives/DaBin/native/build/store-remove-organize-pin-20261005/derived-data/Build/Intermediates.noindex/DaBin.build/Release/DaBin.build/DaBin-all-target-headers.hmap -Xcc -iquote -Xcc /Users/roeylibfeld/Documents/KARI\ Creatives/DaBin/native/build/store-remove-organize-pin-20261005/derived-data/Build/Intermediates.noindex/DaBin.build/Release/DaBin.build/DaBin-project-headers.hmap -Xcc -I/Users/roeylibfeld/Documents/KARI\ Creatives/DaBin/native/build/store-remove-organize-pin-20261005/derived-data/Build/Products/Release/include -Xcc -I/Users/roeylibfeld/Documents/KARI\ Creatives/DaBin/native/build/store-remove-organize-pin-20261005/derived-data/Build/Intermediates.noindex/DaBin.build/Release/DaBin.build/DerivedSources-normal/arm64 -Xcc -I/Users/roeylibfeld/Documents/KARI\ Creatives/DaBin/native/build/store-remove-organize-pin-20261005/derived-data/Build/Intermediates.noindex/DaBin.build/Release/DaBin.build/DerivedSources/arm64 -Xcc -I/Users/roeylibfeld/Documents/KARI\ Creatives/DaBin/native/build/store-remove-organize-pin-20261005/derived-data/Build/Intermediates.noindex/DaBin.build/Release/DaBin.build/DerivedSources -emit-objc-header -emit-objc-header-path /Users/roeylibfeld/Documents/KARI\ Creatives/DaBin/native/build/store-remove-organize-pin-20261005/derived-data/Build/Intermediates.noindex/DaBin.build/Release/DaBin.build/Objects-normal/arm64/DaBin-Swift.h -working-directory /Users/roeylibfeld/Documents/KARI\ Creatives/DaBin/native -no-emit-module-separately-wmo

SwiftDriver\ Compilation DaBin normal arm64 com.apple.xcode.tools.swift.compiler (in target 'DaBin' from project 'DaBin')
    cd /Users/roeylibfeld/Documents/KARI\ Creatives/DaBin/native
    builtin-Swift-Compilation -- /Applications/Xcode.app/Contents/Developer/Toolchains/XcodeDefault.xctoolchain/usr/bin/swiftc -module-name DaBin -O -whole-module-optimization @/Users/roeylibfeld/Documents/KARI\ Creatives/DaBin/native/build/store-remove-organize-pin-20261005/derived-data/Build/Intermediates.noindex/DaBin.build/Release/DaBin.build/Objects-normal/arm64/DaBin.SwiftFileList -enable-bare-slash-regex -enable-experimental-feature DebugDescriptionMacro -sdk /Applications/Xcode.app/Contents/Developer/Platforms/MacOSX.platform/Developer/SDKs/MacOSX27.0.sdk -target arm64-apple-macos14.0 -g -module-cache-path /Users/roeylibfeld/Documents/KARI\ Creatives/DaBin/native/build/store-remove-organize-pin-20261005/derived-data/ModuleCache.noindex -Xfrontend -serialize-debugging-options -warnings-as-errors -swift-version 5 -I /Users/roeylibfeld/Documents/KARI\ Creatives/DaBin/native/build/store-remove-organize-pin-20261005/derived-data/Build/Products/Release -F /Users/roeylibfeld/Documents/KARI\ Creatives/DaBin/native/build/store-remove-organize-pin-20261005/derived-data/Build/Products/Release -c -num-threads 15 -Xcc -ivfsstatcache -Xcc /Users/roeylibfeld/Documents/KARI\ Creatives/DaBin/native/build/store-remove-organize-pin-20261005/derived-data/SDKStatCaches.noindex/macosx27.0-26A425-7231f6df4def33e022ae2eb8f782df1a.sdkstatcache -output-file-map /Users/roeylibfeld/Documents/KARI\ Creatives/DaBin/native/build/store-remove-organize-pin-20261005/derived-data/Build/Intermediates.noindex/DaBin.build/Release/DaBin.build/Objects-normal/arm64/DaBin-OutputFileMap.json -save-temps -no-color-diagnostics -explicit-module-build -module-cache-path /Users/roeylibfeld/Documents/KARI\ Creatives/DaBin/native/build/store-remove-organize-pin-20261005/derived-data/Build/Intermediates.noindex/SwiftExplicitPrecompiledModules -clang-scanner-module-cache-path /Users/roeylibfeld/Documents/KARI\ Creatives/DaBin/native/build/store-remove-organize-pin-20261005/derived-data/ModuleCache.noindex -sdk-module-cache-path /Users/roeylibfeld/Documents/KARI\ Creatives/DaBin/native/build/store-remove-organize-pin-20261005/derived-data/SDKExplicitPrecompiledModules -emit-dependencies -emit-module -emit-module-path /Users/roeylibfeld/Documents/KARI\ Creatives/DaBin/native/build/store-remove-organize-pin-20261005/derived-data/Build/Intermediates.noindex/DaBin.build/Release/DaBin.build/Objects-normal/arm64/DaBin.swiftmodule -serialize-diagnostics -dependency-scan-serialize-diagnostics-path /Users/roeylibfeld/Documents/KARI\ Creatives/DaBin/native/build/store-remove-organize-pin-20261005/derived-data/Build/Intermediates.noindex/DaBin.build/Release/DaBin.build/Objects-normal/arm64/DaBin-dependency-scan.dia -validate-clang-modules-once -clang-build-session-file /Users/roeylibfeld/Documents/KARI\ Creatives/DaBin/native/build/store-remove-organize-pin-20261005/derived-data/ModuleCache.noindex/Session.modulevalidation -Xcc -fmodules-prune-interval\=86400 -Xcc -fmodules-prune-after\=345600 -emit-const-values -const-gather-protocols-list /Users/roeylibfeld/Documents/KARI\ Creatives/DaBin/native/build/store-remove-organize-pin-20261005/derived-data/Build/Intermediates.noindex/DaBin.build/Release/DaBin.build/Objects-normal/arm64/DaBin_const_extract_protocols.json -Xcc -iquote -Xcc /Users/roeylibfeld/Documents/KARI\ Creatives/DaBin/native/build/store-remove-organize-pin-20261005/derived-data/Build/Intermediates.noindex/DaBin.build/Release/DaBin.build/DaBin-generated-files.hmap -Xcc -I/Users/roeylibfeld/Documents/KARI\ Creatives/DaBin/native/build/store-remove-organize-pin-20261005/derived-data/Build/Intermediates.noindex/DaBin.build/Release/DaBin.build/DaBin-own-target-headers.hmap -Xcc -I/Users/roeylibfeld/Documents/KARI\ Creatives/DaBin/native/build/store-remove-organize-pin-20261005/derived-data/Build/Intermediates.noindex/DaBin.build/Release/DaBin.build/DaBin-all-target-headers.hmap -Xcc -iquote -Xcc /Users/roeylibfeld/Documents/KARI\ Creatives/DaBin/native/build/store-remove-organize-pin-20261005/derived-data/Build/Intermediates.noindex/DaBin.build/Release/DaBin.build/DaBin-project-headers.hmap -Xcc -I/Users/roeylibfeld/Documents/KARI\ Creatives/DaBin/native/build/store-remove-organize-pin-20261005/derived-data/Build/Products/Release/include -Xcc -I/Users/roeylibfeld/Documents/KARI\ Creatives/DaBin/native/build/store-remove-organize-pin-20261005/derived-data/Build/Intermediates.noindex/DaBin.build/Release/DaBin.build/DerivedSources-normal/arm64 -Xcc -I/Users/roeylibfeld/Documents/KARI\ Creatives/DaBin/native/build/store-remove-organize-pin-20261005/derived-data/Build/Intermediates.noindex/DaBin.build/Release/DaBin.build/DerivedSources/arm64 -Xcc -I/Users/roeylibfeld/Documents/KARI\ Creatives/DaBin/native/build/store-remove-organize-pin-20261005/derived-data/Build/Intermediates.noindex/DaBin.build/Release/DaBin.build/DerivedSources -emit-objc-header -emit-objc-header-path /Users/roeylibfeld/Documents/KARI\ Creatives/DaBin/native/build/store-remove-organize-pin-20261005/derived-data/Build/Intermediates.noindex/DaBin.build/Release/DaBin.build/Objects-normal/arm64/DaBin-Swift.h -working-directory /Users/roeylibfeld/Documents/KARI\ Creatives/DaBin/native -no-emit-module-separately-wmo

SwiftExplicitDependencyGeneratePcm arm64 /Users/roeylibfeld/Documents/KARI\ Creatives/DaBin/native/build/store-remove-organize-pin-20261005/derived-data/SDKExplicitPrecompiledModules/_Builtin_stdarg-OFKT6HHQJQAT9I1OQ4IYU7RS.pcm

SwiftExplicitDependencyGeneratePcm arm64 /Users/roeylibfeld/Documents/KARI\ Creatives/DaBin/native/build/store-remove-organize-pin-20261005/derived-data/SDKExplicitPrecompiledModules/_AvailabilityInternal-3P4UQVOFIW41X7BXAL7B8KGX1.pcm

SwiftExplicitDependencyGeneratePcm arm64 /Users/roeylibfeld/Documents/KARI\ Creatives/DaBin/native/build/store-remove-organize-pin-20261005/derived-data/SDKExplicitPrecompiledModules/DeveloperToolsSupport-ET8CUOITO61NE27NJE16IVCJN.pcm

SwiftExplicitDependencyGeneratePcm arm64 /Users/roeylibfeld/Documents/KARI\ Creatives/DaBin/native/build/store-remove-organize-pin-20261005/derived-data/SDKExplicitPrecompiledModules/_Builtin_float-1BFC8FL9YBW1YQNFIY3YB8AR6.pcm

SwiftExplicitDependencyGeneratePcm arm64 /Users/roeylibfeld/Documents/KARI\ Creatives/DaBin/native/build/store-remove-organize-pin-20261005/derived-data/SDKExplicitPrecompiledModules/ptrcheck-DGN722SD4SMVFMOY8UOPGO6BQ.pcm

SwiftExplicitDependencyGeneratePcm arm64 /Users/roeylibfeld/Documents/KARI\ Creatives/DaBin/native/build/store-remove-organize-pin-20261005/derived-data/SDKExplicitPrecompiledModules/SwiftShims-D1EWO45DK2DLG5TN5V3DX3TP3.pcm

SwiftExplicitDependencyGeneratePcm arm64 /Users/roeylibfeld/Documents/KARI\ Creatives/DaBin/native/build/store-remove-organize-pin-20261005/derived-data/SDKExplicitPrecompiledModules/ptrauth-C1YQ0DTM0VVPJ3LE64ACW30T4.pcm

SwiftExplicitDependencyGeneratePcm arm64 /Users/roeylibfeld/Documents/KARI\ Creatives/DaBin/native/build/store-remove-organize-pin-20261005/derived-data/SDKExplicitPrecompiledModules/_SwiftConcurrencyShims-EMDAQFOYA8APXS5EHX01N5DHR.pcm

SwiftExplicitDependencyGeneratePcm arm64 /Users/roeylibfeld/Documents/KARI\ Creatives/DaBin/native/build/store-remove-organize-pin-20261005/derived-data/SDKExplicitPrecompiledModules/_Builtin_stdbool-D9T021TP26D53F9R3A70ESM94.pcm

SwiftExplicitDependencyGeneratePcm arm64 /Users/roeylibfeld/Documents/KARI\ Creatives/DaBin/native/build/store-remove-organize-pin-20261005/derived-data/SDKExplicitPrecompiledModules/_Builtin_stddef-B4MN0QWPGNEL9RXRH75IFW222.pcm

SwiftExplicitDependencyGeneratePcm arm64 /Users/roeylibfeld/Documents/KARI\ Creatives/DaBin/native/build/store-remove-organize-pin-20261005/derived-data/SDKExplicitPrecompiledModules/_DarwinFoundation1-5SAWLF4AB91ZKNNYJPNKCN31U.pcm

SwiftExplicitDependencyGeneratePcm arm64 /Users/roeylibfeld/Documents/KARI\ Creatives/DaBin/native/build/store-remove-organize-pin-20261005/derived-data/SDKExplicitPrecompiledModules/_DarwinFoundation2-1NP8IPMJF9SUC90KVBY9PXYLS.pcm

SwiftExplicitDependencyGeneratePcm arm64 /Users/roeylibfeld/Documents/KARI\ Creatives/DaBin/native/build/store-remove-organize-pin-20261005/derived-data/SDKExplicitPrecompiledModules/_Builtin_limits-611Q8VHWHH8UWDXUY7322QXGK.pcm

SwiftExplicitDependencyGeneratePcm arm64 /Users/roeylibfeld/Documents/KARI\ Creatives/DaBin/native/build/store-remove-organize-pin-20261005/derived-data/SDKExplicitPrecompiledModules/ExtensionFoundation-CXQADCPLOFXW04PUHEWLQJQPP.pcm

SwiftExplicitDependencyGeneratePcm arm64 /Users/roeylibfeld/Documents/KARI\ Creatives/DaBin/native/build/store-remove-organize-pin-20261005/derived-data/SDKExplicitPrecompiledModules/_Builtin_tgmath-9943VSVVDG08AJ0XT7349DWO0.pcm

SwiftExplicitDependencyGeneratePcm arm64 /Users/roeylibfeld/Documents/KARI\ Creatives/DaBin/native/build/store-remove-organize-pin-20261005/derived-data/SDKExplicitPrecompiledModules/string_h-83QDTWWQGI0JD6NTSXP6UNOF0.pcm

SwiftExplicitDependencyGeneratePcm arm64 /Users/roeylibfeld/Documents/KARI\ Creatives/DaBin/native/build/store-remove-organize-pin-20261005/derived-data/SDKExplicitPrecompiledModules/sys_types-8GTNNP39Y3II4WI32GSLSS1WP.pcm

SwiftExplicitDependencyGeneratePcm arm64 /Users/roeylibfeld/Documents/KARI\ Creatives/DaBin/native/build/store-remove-organize-pin-20261005/derived-data/SDKExplicitPrecompiledModules/_Builtin_stdint-9ZALNZMZDKE2CL9SZA9EBZ6N0.pcm

SwiftExplicitDependencyGeneratePcm arm64 /Users/roeylibfeld/Documents/KARI\ Creatives/DaBin/native/build/store-remove-organize-pin-20261005/derived-data/SDKExplicitPrecompiledModules/_Builtin_stdatomic-6AJ5GCNOAMZEF3A8WSBZV6AB2.pcm

SwiftExplicitDependencyGeneratePcm arm64 /Users/roeylibfeld/Documents/KARI\ Creatives/DaBin/native/build/store-remove-organize-pin-20261005/derived-data/SDKExplicitPrecompiledModules/libDER-3ETZ0UE8030Z56FC6IGOFYJ1L.pcm

SwiftExplicitDependencyGeneratePcm arm64 /Users/roeylibfeld/Documents/KARI\ Creatives/DaBin/native/build/store-remove-organize-pin-20261005/derived-data/SDKExplicitPrecompiledModules/_DarwinFoundation3-EF1CJYGO69WI981OJ24QYFYUF.pcm

SwiftExplicitDependencyGeneratePcm arm64 /Users/roeylibfeld/Documents/KARI\ Creatives/DaBin/native/build/store-remove-organize-pin-20261005/derived-data/SDKExplicitPrecompiledModules/_Builtin_intrinsics-CMK1L79XGYTMWKZ9HLASAJV31.pcm

SwiftExplicitDependencyGeneratePcm arm64 /Users/roeylibfeld/Documents/KARI\ Creatives/DaBin/native/build/store-remove-organize-pin-20261005/derived-data/SDKExplicitPrecompiledModules/zlib-C80BWOJCA8K7QAGQ5NPXUV3H7.pcm

SwiftExplicitDependencyGeneratePcm arm64 /Users/roeylibfeld/Documents/KARI\ Creatives/DaBin/native/build/store-remove-organize-pin-20261005/derived-data/SDKExplicitPrecompiledModules/_Builtin_inttypes-2H01VF4Q1UGAY811EV68IIE0.pcm

SwiftExplicitDependencyGeneratePcm arm64 /Users/roeylibfeld/Documents/KARI\ Creatives/DaBin/native/build/store-remove-organize-pin-20261005/derived-data/SDKExplicitPrecompiledModules/Darwin-EAKSMMRA8X1YYEPUULUP2YDA0.pcm

SwiftExplicitDependencyGeneratePcm arm64 /Users/roeylibfeld/Documents/KARI\ Creatives/DaBin/native/build/store-remove-organize-pin-20261005/derived-data/SDKExplicitPrecompiledModules/simd-5DQLKU62Y2E9C657LRTEV78S7.pcm

SwiftExplicitDependencyGeneratePcm arm64 /Users/roeylibfeld/Documents/KARI\ Creatives/DaBin/native/build/store-remove-organize-pin-20261005/derived-data/SDKExplicitPrecompiledModules/libkern-1OIGBLXQQY0EHYLEEZIBFTUKP.pcm

SwiftExplicitDependencyGeneratePcm arm64 /Users/roeylibfeld/Documents/KARI\ Creatives/DaBin/native/build/store-remove-organize-pin-20261005/derived-data/SDKExplicitPrecompiledModules/CUPS-1BB5VGVCFZF990G98UP98E02O.pcm

SwiftExplicitDependencyGeneratePcm arm64 /Users/roeylibfeld/Documents/KARI\ Creatives/DaBin/native/build/store-remove-organize-pin-20261005/derived-data/SDKExplicitPrecompiledModules/launch-7HAMMGP2K7MNUKC43GCRUKMTU.pcm

SwiftExplicitDependencyGeneratePcm arm64 /Users/roeylibfeld/Documents/KARI\ Creatives/DaBin/native/build/store-remove-organize-pin-20261005/derived-data/SDKExplicitPrecompiledModules/Compression-CULQU3GP1HC66590LTVGUKWPY.pcm

SwiftExplicitDependencyGeneratePcm arm64 /Users/roeylibfeld/Documents/KARI\ Creatives/DaBin/native/build/store-remove-organize-pin-20261005/derived-data/SDKExplicitPrecompiledModules/MachO-DAGG67EDUVN2HMAZOVN69HCMX.pcm

SwiftExplicitDependencyGeneratePcm arm64 /Users/roeylibfeld/Documents/KARI\ Creatives/DaBin/native/build/store-remove-organize-pin-20261005/derived-data/SDKExplicitPrecompiledModules/Spatial-9BEZFDTPX6SH66OKIMECJNLIX.pcm

SwiftExplicitDependencyGeneratePcm arm64 /Users/roeylibfeld/Documents/KARI\ Creatives/DaBin/native/build/store-remove-organize-pin-20261005/derived-data/SDKExplicitPrecompiledModules/ObjectiveC-8QVKCTUNALJLW5S5QF48AINCO.pcm

SwiftExplicitDependencyGeneratePcm arm64 /Users/roeylibfeld/Documents/KARI\ Creatives/DaBin/native/build/store-remove-organize-pin-20261005/derived-data/SDKExplicitPrecompiledModules/os_object-EKHE03CACBE3A084EDU5UM282.pcm

SwiftExplicitDependencyGeneratePcm arm64 /Users/roeylibfeld/Documents/KARI\ Creatives/DaBin/native/build/store-remove-organize-pin-20261005/derived-data/SDKExplicitPrecompiledModules/os_workgroup-1N800AOXZ04DEFS06QYMSCBES.pcm

SwiftExplicitDependencyGeneratePcm arm64 /Users/roeylibfeld/Documents/KARI\ Creatives/DaBin/native/build/store-remove-organize-pin-20261005/derived-data/SDKExplicitPrecompiledModules/Dispatch-3483V353L5QAF72YV422K5JH3.pcm

SwiftExplicitDependencyGeneratePcm arm64 /Users/roeylibfeld/Documents/KARI\ Creatives/DaBin/native/build/store-remove-organize-pin-20261005/derived-data/SDKExplicitPrecompiledModules/CoreFoundation-33QTRT8OC97A85S1UFVAR3E3Y.pcm

SwiftExplicitDependencyGeneratePcm arm64 /Users/roeylibfeld/Documents/KARI\ Creatives/DaBin/native/build/store-remove-organize-pin-20261005/derived-data/SDKExplicitPrecompiledModules/dnssd-2F259HD7HW4L0FNZT5SL9QNDO.pcm

SwiftExplicitDependencyGeneratePcm arm64 /Users/roeylibfeld/Documents/KARI\ Creatives/DaBin/native/build/store-remove-organize-pin-20261005/derived-data/SDKExplicitPrecompiledModules/XPC-ACZ45HDNOZTPJCOI74QS80U5S.pcm

SwiftExplicitDependencyGeneratePcm arm64 /Users/roeylibfeld/Documents/KARI\ Creatives/DaBin/native/build/store-remove-organize-pin-20261005/derived-data/SDKExplicitPrecompiledModules/os-7SH7ZDYR617IH2V5WEXXWT72M.pcm

SwiftExplicitDependencyGeneratePcm arm64 /Users/roeylibfeld/Documents/KARI\ Creatives/DaBin/native/build/store-remove-organize-pin-20261005/derived-data/SDKExplicitPrecompiledModules/IOKit-D3A263XOHVTPZ6NIPER7QPSZH.pcm

SwiftExplicitDependencyGeneratePcm arm64 /Users/roeylibfeld/Documents/KARI\ Creatives/DaBin/native/build/store-remove-organize-pin-20261005/derived-data/SDKExplicitPrecompiledModules/Security-DNVYNX4D83MTSW6N6DXYYC5B3.pcm

SwiftExplicitDependencyGeneratePcm arm64 /Users/roeylibfeld/Documents/KARI\ Creatives/DaBin/native/build/store-remove-organize-pin-20261005/derived-data/SDKExplicitPrecompiledModules/CoreAudioTypes-CV2SA1S442V4JQREV50G5D3RH.pcm

SwiftExplicitDependencyGeneratePcm arm64 /Users/roeylibfeld/Documents/KARI\ Creatives/DaBin/native/build/store-remove-organize-pin-20261005/derived-data/SDKExplicitPrecompiledModules/CFNetwork-8CTPMO200IC4GM5E62ERKXPJF.pcm

SwiftExplicitDependencyGeneratePcm arm64 /Users/roeylibfeld/Documents/KARI\ Creatives/DaBin/native/build/store-remove-organize-pin-20261005/derived-data/SDKExplicitPrecompiledModules/ColorSync-A7M4UTHEMO42EUDOFWALDTLLY.pcm

SwiftExplicitDependencyGeneratePcm arm64 /Users/roeylibfeld/Documents/KARI\ Creatives/DaBin/native/build/store-remove-organize-pin-20261005/derived-data/SDKExplicitPrecompiledModules/DiskArbitration-3Z47X4V41F1LH2CVOD5NTYI42.pcm

SwiftExplicitDependencyGeneratePcm arm64 /Users/roeylibfeld/Documents/KARI\ Creatives/DaBin/native/build/store-remove-organize-pin-20261005/derived-data/SDKExplicitPrecompiledModules/CoreGraphics-EZF0ZL6X5DTE81O7BAZB1VHEL.pcm

SwiftExplicitDependencyGeneratePcm arm64 /Users/roeylibfeld/Documents/KARI\ Creatives/DaBin/native/build/store-remove-organize-pin-20261005/derived-data/SDKExplicitPrecompiledModules/CoreServices-AKK23GY9V46HY9WTS48WX19RW.pcm

SwiftExplicitDependencyGeneratePcm arm64 /Users/roeylibfeld/Documents/KARI\ Creatives/DaBin/native/build/store-remove-organize-pin-20261005/derived-data/SDKExplicitPrecompiledModules/CoreText-B1HPF8B47IJCK2QH6S8XSKBO2.pcm

SwiftExplicitDependencyGeneratePcm arm64 /Users/roeylibfeld/Documents/KARI\ Creatives/DaBin/native/build/store-remove-organize-pin-20261005/derived-data/SDKExplicitPrecompiledModules/ImageIO-6KJ843ML3SR9CIZCEL4A6AURH.pcm

SwiftExplicitDependencyGeneratePcm arm64 /Users/roeylibfeld/Documents/KARI\ Creatives/DaBin/native/build/store-remove-organize-pin-20261005/derived-data/SDKExplicitPrecompiledModules/Foundation-3TKZBNMR8TGISRO934AK7MOEH.pcm

SwiftExplicitDependencyGeneratePcm arm64 /Users/roeylibfeld/Documents/KARI\ Creatives/DaBin/native/build/store-remove-organize-pin-20261005/derived-data/SDKExplicitPrecompiledModules/CoreTransferable-EI1USSR7H5X5PASTKLZAUDT3W.pcm

SwiftExplicitDependencyGeneratePcm arm64 /Users/roeylibfeld/Documents/KARI\ Creatives/DaBin/native/build/store-remove-organize-pin-20261005/derived-data/SDKExplicitPrecompiledModules/OSLog-5WKKY29790IKO8HKI708C4153.pcm

SwiftExplicitDependencyGeneratePcm arm64 /Users/roeylibfeld/Documents/KARI\ Creatives/DaBin/native/build/store-remove-organize-pin-20261005/derived-data/SDKExplicitPrecompiledModules/UserNotifications-5S0X4PAE8ZNBST1TDIFWCOKKB.pcm

SwiftExplicitDependencyGeneratePcm arm64 /Users/roeylibfeld/Documents/KARI\ Creatives/DaBin/native/build/store-remove-organize-pin-20261005/derived-data/SDKExplicitPrecompiledModules/Accessibility-A0HUDE5ASKY6VJAFLQ331FC4X.pcm

SwiftExplicitDependencyGeneratePcm arm64 /Users/roeylibfeld/Documents/KARI\ Creatives/DaBin/native/build/store-remove-organize-pin-20261005/derived-data/SDKExplicitPrecompiledModules/CoreMIDI-7BKQLJYAFBDQMSQGQ50E2LL4J.pcm

SwiftExplicitDependencyGeneratePcm arm64 /Users/roeylibfeld/Documents/KARI\ Creatives/DaBin/native/build/store-remove-organize-pin-20261005/derived-data/SDKExplicitPrecompiledModules/ApplicationServices-E8IBHTLGT6UPO9CPZPUY4IVR5.pcm

SwiftExplicitDependencyGeneratePcm arm64 /Users/roeylibfeld/Documents/KARI\ Creatives/DaBin/native/build/store-remove-organize-pin-20261005/derived-data/SDKExplicitPrecompiledModules/LocalAuthentication-37PVILYNSC6RZWHX58HFKR3JX.pcm

SwiftExplicitDependencyGeneratePcm arm64 /Users/roeylibfeld/Documents/KARI\ Creatives/DaBin/native/build/store-remove-organize-pin-20261005/derived-data/SDKExplicitPrecompiledModules/Network-7REJ4PCG22CKG02GW515KTSWA.pcm

SwiftExplicitDependencyGeneratePcm arm64 /Users/roeylibfeld/Documents/KARI\ Creatives/DaBin/native/build/store-remove-organize-pin-20261005/derived-data/SDKExplicitPrecompiledModules/CoreAudio-85QAL4Y2QRHU1VMCO7H9KUCWC.pcm

SwiftExplicitDependencyGeneratePcm arm64 /Users/roeylibfeld/Documents/KARI\ Creatives/DaBin/native/build/store-remove-organize-pin-20261005/derived-data/SDKExplicitPrecompiledModules/CoreData-2KNYKTTICUHFMUERX6VLDZXHY.pcm

SwiftExplicitDependencyGeneratePcm arm64 /Users/roeylibfeld/Documents/KARI\ Creatives/DaBin/native/build/store-remove-organize-pin-20261005/derived-data/SDKExplicitPrecompiledModules/Symbols-3O91A34IIKY3ZQIY8NAHFFCK0.pcm

SwiftExplicitDependencyGeneratePcm arm64 /Users/roeylibfeld/Documents/KARI\ Creatives/DaBin/native/build/store-remove-organize-pin-20261005/derived-data/SDKExplicitPrecompiledModules/DataDetection-5E5VD9IM58B4F8POT59ASRVKL.pcm

SwiftExplicitDependencyGeneratePcm arm64 /Users/roeylibfeld/Documents/KARI\ Creatives/DaBin/native/build/store-remove-organize-pin-20261005/derived-data/SDKExplicitPrecompiledModules/UniformTypeIdentifiers-1EE4K9MU7A9AORZQGG3793URI.pcm

SwiftExplicitDependencyGeneratePcm arm64 /Users/roeylibfeld/Documents/KARI\ Creatives/DaBin/native/build/store-remove-organize-pin-20261005/derived-data/SDKExplicitPrecompiledModules/IOSurface-CEV50H3WTFGUSEFBY77LMDYGZ.pcm

SwiftExplicitDependencyGeneratePcm arm64 /Users/roeylibfeld/Documents/KARI\ Creatives/DaBin/native/build/store-remove-organize-pin-20261005/derived-data/SDKExplicitPrecompiledModules/QuickLookThumbnailing-43TQNN3PXSCP3NHXBMWF3Q3HT.pcm

SwiftExplicitDependencyGeneratePcm arm64 /Users/roeylibfeld/Documents/KARI\ Creatives/DaBin/native/build/store-remove-organize-pin-20261005/derived-data/SDKExplicitPrecompiledModules/OpenGL-C0ATK4X44V5RRB80JBCL715BU.pcm

SwiftExplicitDependencyGeneratePcm arm64 /Users/roeylibfeld/Documents/KARI\ Creatives/DaBin/native/build/store-remove-organize-pin-20261005/derived-data/SDKExplicitPrecompiledModules/Metal-EIDH4K8L5YXFH21RKCFHUP2CQ.pcm

SwiftExplicitDependencyGeneratePcm arm64 /Users/roeylibfeld/Documents/KARI\ Creatives/DaBin/native/build/store-remove-organize-pin-20261005/derived-data/SDKExplicitPrecompiledModules/QuickLook-4ZKZB8DSXPOJZEYAZQLWK64WV.pcm

SwiftExplicitDependencyGeneratePcm arm64 /Users/roeylibfeld/Documents/KARI\ Creatives/DaBin/native/build/store-remove-organize-pin-20261005/derived-data/SDKExplicitPrecompiledModules/Carbon-8IHKM7PRST050AW1D7J6EY0V1.pcm

SwiftExplicitDependencyGeneratePcm arm64 /Users/roeylibfeld/Documents/KARI\ Creatives/DaBin/native/build/store-remove-organize-pin-20261005/derived-data/SDKExplicitPrecompiledModules/CoreVideo-4OR9OL1N0XYF4EHJYAH2P8VPD.pcm

SwiftExplicitDependencyGeneratePcm arm64 /Users/roeylibfeld/Documents/KARI\ Creatives/DaBin/native/build/store-remove-organize-pin-20261005/derived-data/SDKExplicitPrecompiledModules/AudioToolbox-7IVOD198HS0OLB36J38HNPCJT.pcm

SwiftExplicitDependencyGeneratePcm arm64 /Users/roeylibfeld/Documents/KARI\ Creatives/DaBin/native/build/store-remove-organize-pin-20261005/derived-data/SDKExplicitPrecompiledModules/QuartzCore-9DT3BL4X7P4QU4003I7X5SW0S.pcm

SwiftExplicitDependencyGeneratePcm arm64 /Users/roeylibfeld/Documents/KARI\ Creatives/DaBin/native/build/store-remove-organize-pin-20261005/derived-data/SDKExplicitPrecompiledModules/CoreImage-2R2HO5XBOFZLVTVHJE0BHQXLB.pcm

SwiftExplicitDependencyGeneratePcm arm64 /Users/roeylibfeld/Documents/KARI\ Creatives/DaBin/native/build/store-remove-organize-pin-20261005/derived-data/SDKExplicitPrecompiledModules/CoreML-4CHHJ6Y4GEDKTCK9II5JUFYI9.pcm

SwiftExplicitDependencyGeneratePcm arm64 /Users/roeylibfeld/Documents/KARI\ Creatives/DaBin/native/build/store-remove-organize-pin-20261005/derived-data/SDKExplicitPrecompiledModules/CoreMedia-6I4G0B1A2QPV07OZDQ1DH5NA4.pcm

SwiftExplicitDependencyGeneratePcm arm64 /Users/roeylibfeld/Documents/KARI\ Creatives/DaBin/native/build/store-remove-organize-pin-20261005/derived-data/SDKExplicitPrecompiledModules/Accelerate-CF8WTRBWUXREWL1A2SPHCVUHR.pcm

SwiftExplicitDependencyGeneratePcm arm64 /Users/roeylibfeld/Documents/KARI\ Creatives/DaBin/native/build/store-remove-organize-pin-20261005/derived-data/SDKExplicitPrecompiledModules/SwiftUICore-EOKFUO6BV1TMM2VRRRBMV7RXY.pcm

SwiftExplicitDependencyGeneratePcm arm64 /Users/roeylibfeld/Documents/KARI\ Creatives/DaBin/native/build/store-remove-organize-pin-20261005/derived-data/SDKExplicitPrecompiledModules/VideoToolbox-AWAHWZ49W52FNBM9DB6GPHOGI.pcm

SwiftExplicitDependencyGeneratePcm arm64 /Users/roeylibfeld/Documents/KARI\ Creatives/DaBin/native/build/store-remove-organize-pin-20261005/derived-data/SDKExplicitPrecompiledModules/Vision-1BCJ4YLFU893RT6DCFK0QTZS6.pcm

SwiftExplicitDependencyGeneratePcm arm64 /Users/roeylibfeld/Documents/KARI\ Creatives/DaBin/native/build/store-remove-organize-pin-20261005/derived-data/SDKExplicitPrecompiledModules/AppKit-59E0257AJQHWR2R0QRYCU1JVV.pcm

SwiftExplicitDependencyGeneratePcm arm64 /Users/roeylibfeld/Documents/KARI\ Creatives/DaBin/native/build/store-remove-organize-pin-20261005/derived-data/SDKExplicitPrecompiledModules/MediaToolbox-649Z3AQ80P57R65AFZ44PXEB5.pcm

SwiftExplicitDependencyGeneratePcm arm64 /Users/roeylibfeld/Documents/KARI\ Creatives/DaBin/native/build/store-remove-organize-pin-20261005/derived-data/SDKExplicitPrecompiledModules/AVFAudio-CESALERBLCA4C3I8CBVR6SX61.pcm

SwiftExplicitDependencyGeneratePcm arm64 /Users/roeylibfeld/Documents/KARI\ Creatives/DaBin/native/build/store-remove-organize-pin-20261005/derived-data/SDKExplicitPrecompiledModules/AVFoundation-AQ5Q47XC23IK4LRT1N60GLYLQ.pcm

SwiftExplicitDependencyGeneratePcm arm64 /Users/roeylibfeld/Documents/KARI\ Creatives/DaBin/native/build/store-remove-organize-pin-20261005/derived-data/SDKExplicitPrecompiledModules/Cocoa-EB678ISVJ9DHV1BUAHTDE9W50.pcm

SwiftExplicitDependencyGeneratePcm arm64 /Users/roeylibfeld/Documents/KARI\ Creatives/DaBin/native/build/store-remove-organize-pin-20261005/derived-data/SDKExplicitPrecompiledModules/SwiftUI-AQ15W53U6KX8W4ASTT5VBMBBX.pcm

SwiftExplicitDependencyGeneratePcm arm64 /Users/roeylibfeld/Documents/KARI\ Creatives/DaBin/native/build/store-remove-organize-pin-20261005/derived-data/SDKExplicitPrecompiledModules/LinkPresentation-ACEUKN33E6BJW0RORKIKFJH44.pcm

SwiftExplicitDependencyGeneratePcm arm64 /Users/roeylibfeld/Documents/KARI\ Creatives/DaBin/native/build/store-remove-organize-pin-20261005/derived-data/SDKExplicitPrecompiledModules/PDFKit-E1A5D0ZZUGPXKWII7T2W11AFS.pcm

SwiftExplicitDependencyGeneratePcm arm64 /Users/roeylibfeld/Documents/KARI\ Creatives/DaBin/native/build/store-remove-organize-pin-20261005/derived-data/SDKExplicitPrecompiledModules/AVKit-A18EPS9FI0KXUI5X8AECLPKQN.pcm

SwiftExplicitDependencyGeneratePcm arm64 /Users/roeylibfeld/Documents/KARI\ Creatives/DaBin/native/build/store-remove-organize-pin-20261005/derived-data/SDKExplicitPrecompiledModules/QuickLookUI-6B2NT256GWWBG6N2E65SPWRZE.pcm

SwiftCompile normal arm64 Compiling\ AccessibilityAnnouncement.swift,\ AppDelegate.swift,\ AppState.swift,\ ApplicationCoordinator.swift,\ ApplicationMenu.swift,\ ArchiveBackup.swift,\ AutoCaptureFingerprint.swift,\ AutoCaptureRobotCelebration.swift,\ AutoCaptureRobotPresenter.swift,\ AutoCaptureService.swift,\ AutoCaptureSettings.swift,\ AutoCaptureSignMotion.swift,\ AutoCaptureSignRouting.swift,\ AutoCaptureSignView.swift,\ AutoRecordIndicator.swift,\ BoardComponents.swift,\ BoardResizeGeometry.swift,\ BoardView.swift,\ BoardWindowChrome.swift,\ BoredRobotView.swift,\ BuddyControls.swift,\ CaptureAnnotations.swift,\ CaptureCardGroup.swift,\ CaptureCards.swift,\ CaptureClipboard.swift,\ CaptureCopyButton.swift,\ CaptureDetailPanels.swift,\ CaptureExtendedCanvas.swift,\ CaptureExtendedWindow.swift,\ CaptureFilterStrip.swift,\ CaptureInboxActions.swift,\ CapturePresentation.swift,\ CapturePreviews.swift,\ CaptureProvenance.swift,\ CaptureRemoval.swift,\ CaptureRepository.swift,\ CaptureSourceView.swift,\ CaptureStore.swift,\ CaptureTrailView.swift,\ ClipboardRetentionService.swift,\ ClipboardRetentionSettings.swift,\ CollectionPreviewMosaic.swift,\ ContentIndexService.swift,\ CornerController.swift,\ DaBinLogo.swift,\ DaBinMain.swift,\ DailyArchive.swift,\ DailyCaptureView.swift,\ DailyScreen.swift,\ DayExport.swift,\ DayExportUI.swift,\ DetailScreen.swift,\ Domain.swift,\ DraftArchive.swift,\ ExplorerItems.swift,\ ExplorerQuery.swift,\ ExplorerScreen.swift,\ ExplorerTransfer.swift,\ ExplorerViewport.swift,\ FittedPDFPreview.swift,\ GroupedCaptureCard.swift,\ HourlyCaptureCard.swift,\ HourlyCaptureFeed.swift,\ HoverTooltips.swift,\ InboxScreen.swift,\ InputService.swift,\ IslandRobotChoreography.swift,\ LibraryScreen.swift,\ LocalDOCXTextExtractor.swift,\ NativeContentDrag.swift,\ NavigationHistory.swift,\ NewNoteScreen.swift,\ OriginalFileStorage.swift,\ OutgoingFileSnapshot.swift,\ PreviewRequest.swift,\ PreviewService.swift,\ PrivacyInformation.swift,\ ProjectFileArchive.swift,\ ProjectPickerView.swift,\ ProjectWorkspaceCard.swift,\ ProjectWorkspaceExport.swift,\ ProjectWorkspaceState.swift,\ ProjectWorkspaceTasks.swift,\ ProjectWorkspaceView.swift,\ QuickAccess.swift,\ QuietOrbitGeometry.swift,\ QuietOrbitVisualStyle.swift,\ ReminderAlertCoordinator.swift,\ ReminderClockEditor.swift,\ ReminderLifecycle.swift,\ ReminderSchedule.swift,\ ReminderService.swift,\ RemindersScreen.swift,\ RobotAppFrameView.swift,\ RobotCharacterView.swift,\ RobotLifecycle.swift,\ RobotMotion.swift,\ RobotPlacementSettings.swift,\ RobotProjectSignView.swift,\ RobotView.swift,\ ScratchpadView.swift,\ ScreenshotFolderMonitor.swift,\ SearchColumnViewport.swift,\ SearchDateBoard.swift,\ SearchResultCard.swift,\ SearchScreen.swift,\ SettingsScreen.swift,\ ShelfCaptureController.swift,\ ShelfExport.swift,\ SoftwareUpdateService.swift,\ StatusBarController.swift,\ TaskAttachmentsView.swift,\ TaskEditorScreen.swift,\ TaskFocusControls.swift,\ TaskFocusSession.swift,\ TaskPlanning.swift,\ TaskPlanningEditor.swift,\ TaskTimerAlarmMotion.swift,\ TaskTimerRobotPresenter.swift,\ TaskTimerRobotView.swift,\ ThemeSettings.swift,\ TimelineCalendarPicker.swift,\ TodayPlanningScreen.swift,\ TodayTaskCard.swift,\ TransientMessagePresentation.swift,\ TrashScreen.swift,\ UpdateHandoff.swift,\ WeeklyDateSelection.swift,\ WeeklyScopeActions.swift,\ WeeklyScreen.swift,\ WindowDragHandle.swift,\ WorkspaceClipboard.swift,\ WorkspaceInput.swift,\ WorkspaceItemCard.swift,\ WorkspaceQuery.swift,\ WorkspaceStore.swift,\ WorkspaceZoom.swift,\ WorkspaceZoomLayout.swift,\ WorkspaceZoomScrollAnchor.swift /Users/roeylibfeld/Documents/KARI\ Creatives/DaBin/native/Sources/DaBin/AccessibilityAnnouncement.swift /Users/roeylibfeld/Documents/KARI\ Creatives/DaBin/native/Sources/DaBin/AppDelegate.swift /Users/roeylibfeld/Documents/KARI\ Creatives/DaBin/native/Sources/DaBin/AppState.swift /Users/roeylibfeld/Documents/KARI\ Creatives/DaBin/native/Sources/DaBin/ApplicationCoordinator.swift /Users/roeylibfeld/Documents/KARI\ Creatives/DaBin/native/Sources/DaBin/ApplicationMenu.swift /Users/roeylibfeld/Documents/KARI\ Creatives/DaBin/native/Sources/DaBin/ArchiveBackup.swift /Users/roeylibfeld/Documents/KARI\ Creatives/DaBin/native/Sources/DaBin/AutoCaptureFingerprint.swift /Users/roeylibfeld/Documents/KARI\ Creatives/DaBin/native/Sources/DaBin/AutoCaptureRobotCelebration.swift /Users/roeylibfeld/Documents/KARI\ Creatives/DaBin/native/Sources/DaBin/AutoCaptureRobotPresenter.swift /Users/roeylibfeld/Documents/KARI\ Creatives/DaBin/native/Sources/DaBin/AutoCaptureService.swift /Users/roeylibfeld/Documents/KARI\ Creatives/DaBin/native/Sources/DaBin/AutoCaptureSettings.swift /Users/roeylibfeld/Documents/KARI\ Creatives/DaBin/native/Sources/DaBin/AutoCaptureSignMotion.swift /Users/roeylibfeld/Documents/KARI\ Creatives/DaBin/native/Sources/DaBin/AutoCaptureSignRouting.swift /Users/roeylibfeld/Documents/KARI\ Creatives/DaBin/native/Sources/DaBin/AutoCaptureSignView.swift /Users/roeylibfeld/Documents/KARI\ Creatives/DaBin/native/Sources/DaBin/AutoRecordIndicator.swift /Users/roeylibfeld/Documents/KARI\ Creatives/DaBin/native/Sources/DaBin/BoardComponents.swift /Users/roeylibfeld/Documents/KARI\ Creatives/DaBin/native/Sources/DaBin/BoardResizeGeometry.swift /Users/roeylibfeld/Documents/KARI\ Creatives/DaBin/native/Sources/DaBin/BoardView.swift /Users/roeylibfeld/Documents/KARI\ Creatives/DaBin/native/Sources/DaBin/BoardWindowChrome.swift /Users/roeylibfeld/Documents/KARI\ Creatives/DaBin/native/Sources/DaBin/BoredRobotView.swift /Users/roeylibfeld/Documents/KARI\ Creatives/DaBin/native/Sources/DaBin/BuddyControls.swift /Users/roeylibfeld/Documents/KARI\ Creatives/DaBin/native/Sources/DaBin/CaptureAnnotations.swift /Users/roeylibfeld/Documents/KARI\ Creatives/DaBin/native/Sources/DaBin/CaptureCardGroup.swift /Users/roeylibfeld/Documents/KARI\ Creatives/DaBin/native/Sources/DaBin/CaptureCards.swift /Users/roeylibfeld/Documents/KARI\ Creatives/DaBin/native/Sources/DaBin/CaptureClipboard.swift /Users/roeylibfeld/Documents/KARI\ Creatives/DaBin/native/Sources/DaBin/CaptureCopyButton.swift /Users/roeylibfeld/Documents/KARI\ Creatives/DaBin/native/Sources/DaBin/CaptureDetailPanels.swift /Users/roeylibfeld/Documents/KARI\ Creatives/DaBin/native/Sources/DaBin/CaptureExtendedCanvas.swift /Users/roeylibfeld/Documents/KARI\ Creatives/DaBin/native/Sources/DaBin/CaptureExtendedWindow.swift /Users/roeylibfeld/Documents/KARI\ Creatives/DaBin/native/Sources/DaBin/CaptureFilterStrip.swift /Users/roeylibfeld/Documents/KARI\ Creatives/DaBin/native/Sources/DaBin/CaptureInboxActions.swift /Users/roeylibfeld/Documents/KARI\ Creatives/DaBin/native/Sources/DaBin/CapturePresentation.swift /Users/roeylibfeld/Documents/KARI\ Creatives/DaBin/native/Sources/DaBin/CapturePreviews.swift /Users/roeylibfeld/Documents/KARI\ Creatives/DaBin/native/Sources/DaBin/CaptureProvenance.swift /Users/roeylibfeld/Documents/KARI\ Creatives/DaBin/native/Sources/DaBin/CaptureRemoval.swift /Users/roeylibfeld/Documents/KARI\ Creatives/DaBin/native/Sources/DaBin/CaptureRepository.swift /Users/roeylibfeld/Documents/KARI\ Creatives/DaBin/native/Sources/DaBin/CaptureSourceView.swift /Users/roeylibfeld/Documents/KARI\ Creatives/DaBin/native/Sources/DaBin/CaptureStore.swift /Users/roeylibfeld/Documents/KARI\ Creatives/DaBin/native/Sources/DaBin/CaptureTrailView.swift /Users/roeylibfeld/Documents/KARI\ Creatives/DaBin/native/Sources/DaBin/ClipboardRetentionService.swift /Users/roeylibfeld/Documents/KARI\ Creatives/DaBin/native/Sources/DaBin/ClipboardRetentionSettings.swift /Users/roeylibfeld/Documents/KARI\ Creatives/DaBin/native/Sources/DaBin/CollectionPreviewMosaic.swift /Users/roeylibfeld/Documents/KARI\ Creatives/DaBin/native/Sources/DaBin/ContentIndexService.swift /Users/roeylibfeld/Documents/KARI\ Creatives/DaBin/native/Sources/DaBin/CornerController.swift /Users/roeylibfeld/Documents/KARI\ Creatives/DaBin/native/Sources/DaBin/DaBinLogo.swift /Users/roeylibfeld/Documents/KARI\ Creatives/DaBin/native/Sources/DaBin/DaBinMain.swift /Users/roeylibfeld/Documents/KARI\ Creatives/DaBin/native/Sources/DaBin/DailyArchive.swift /Users/roeylibfeld/Documents/KARI\ Creatives/DaBin/native/Sources/DaBin/DailyCaptureView.swift /Users/roeylibfeld/Documents/KARI\ Creatives/DaBin/native/Sources/DaBin/DailyScreen.swift /Users/roeylibfeld/Documents/KARI\ Creatives/DaBin/native/Sources/DaBin/DayExport.swift /Users/roeylibfeld/Documents/KARI\ Creatives/DaBin/native/Sources/DaBin/DayExportUI.swift /Users/roeylibfeld/Documents/KARI\ Creatives/DaBin/native/Sources/DaBin/DetailScreen.swift /Users/roeylibfeld/Documents/KARI\ Creatives/DaBin/native/Sources/DaBin/Domain.swift /Users/roeylibfeld/Documents/KARI\ Creatives/DaBin/native/Sources/DaBin/DraftArchive.swift /Users/roeylibfeld/Documents/KARI\ Creatives/DaBin/native/Sources/DaBin/ExplorerItems.swift /Users/roeylibfeld/Documents/KARI\ Creatives/DaBin/native/Sources/DaBin/ExplorerQuery.swift /Users/roeylibfeld/Documents/KARI\ Creatives/DaBin/native/Sources/DaBin/ExplorerScreen.swift /Users/roeylibfeld/Documents/KARI\ Creatives/DaBin/native/Sources/DaBin/ExplorerTransfer.swift /Users/roeylibfeld/Documents/KARI\ Creatives/DaBin/native/Sources/DaBin/ExplorerViewport.swift /Users/roeylibfeld/Documents/KARI\ Creatives/DaBin/native/Sources/DaBin/FittedPDFPreview.swift /Users/roeylibfeld/Documents/KARI\ Creatives/DaBin/native/Sources/DaBin/GroupedCaptureCard.swift /Users/roeylibfeld/Documents/KARI\ Creatives/DaBin/native/Sources/DaBin/HourlyCaptureCard.swift /Users/roeylibfeld/Documents/KARI\ Creatives/DaBin/native/Sources/DaBin/HourlyCaptureFeed.swift /Users/roeylibfeld/Documents/KARI\ Creatives/DaBin/native/Sources/DaBin/HoverTooltips.swift /Users/roeylibfeld/Documents/KARI\ Creatives/DaBin/native/Sources/DaBin/InboxScreen.swift /Users/roeylibfeld/Documents/KARI\ Creatives/DaBin/native/Sources/DaBin/InputService.swift /Users/roeylibfeld/Documents/KARI\ Creatives/DaBin/native/Sources/DaBin/IslandRobotChoreography.swift /Users/roeylibfeld/Documents/KARI\ Creatives/DaBin/native/Sources/DaBin/LibraryScreen.swift /Users/roeylibfeld/Documents/KARI\ Creatives/DaBin/native/Sources/DaBin/LocalDOCXTextExtractor.swift /Users/roeylibfeld/Documents/KARI\ Creatives/DaBin/native/Sources/DaBin/NativeContentDrag.swift /Users/roeylibfeld/Documents/KARI\ Creatives/DaBin/native/Sources/DaBin/NavigationHistory.swift /Users/roeylibfeld/Documents/KARI\ Creatives/DaBin/native/Sources/DaBin/NewNoteScreen.swift /Users/roeylibfeld/Documents/KARI\ Creatives/DaBin/native/Sources/DaBin/OriginalFileStorage.swift /Users/roeylibfeld/Documents/KARI\ Creatives/DaBin/native/Sources/DaBin/OutgoingFileSnapshot.swift /Users/roeylibfeld/Documents/KARI\ Creatives/DaBin/native/Sources/DaBin/PreviewRequest.swift /Users/roeylibfeld/Documents/KARI\ Creatives/DaBin/native/Sources/DaBin/PreviewService.swift /Users/roeylibfeld/Documents/KARI\ Creatives/DaBin/native/Sources/DaBin/PrivacyInformation.swift /Users/roeylibfeld/Documents/KARI\ Creatives/DaBin/native/Sources/DaBin/ProjectFileArchive.swift /Users/roeylibfeld/Documents/KARI\ Creatives/DaBin/native/Sources/DaBin/ProjectPickerView.swift /Users/roeylibfeld/Documents/KARI\ Creatives/DaBin/native/Sources/DaBin/ProjectWorkspaceCard.swift /Users/roeylibfeld/Documents/KARI\ Creatives/DaBin/native/Sources/DaBin/ProjectWorkspaceExport.swift /Users/roeylibfeld/Documents/KARI\ Creatives/DaBin/native/Sources/DaBin/ProjectWorkspaceState.swift /Users/roeylibfeld/Documents/KARI\ Creatives/DaBin/native/Sources/DaBin/ProjectWorkspaceTasks.swift /Users/roeylibfeld/Documents/KARI\ Creatives/DaBin/native/Sources/DaBin/ProjectWorkspaceView.swift /Users/roeylibfeld/Documents/KARI\ Creatives/DaBin/native/Sources/DaBin/QuickAccess.swift /Users/roeylibfeld/Documents/KARI\ Creatives/DaBin/native/Sources/DaBin/QuietOrbitGeometry.swift /Users/roeylibfeld/Documents/KARI\ Creatives/DaBin/native/Sources/DaBin/QuietOrbitVisualStyle.swift /Users/roeylibfeld/Documents/KARI\ Creatives/DaBin/native/Sources/DaBin/ReminderAlertCoordinator.swift /Users/roeylibfeld/Documents/KARI\ Creatives/DaBin/native/Sources/DaBin/ReminderClockEditor.swift /Users/roeylibfeld/Documents/KARI\ Creatives/DaBin/native/Sources/DaBin/ReminderLifecycle.swift /Users/roeylibfeld/Documents/KARI\ Creatives/DaBin/native/Sources/DaBin/ReminderSchedule.swift /Users/roeylibfeld/Documents/KARI\ Creatives/DaBin/native/Sources/DaBin/ReminderService.swift /Users/roeylibfeld/Documents/KARI\ Creatives/DaBin/native/Sources/DaBin/RemindersScreen.swift /Users/roeylibfeld/Documents/KARI\ Creatives/DaBin/native/Sources/DaBin/RobotAppFrameView.swift /Users/roeylibfeld/Documents/KARI\ Creatives/DaBin/native/Sources/DaBin/RobotCharacterView.swift /Users/roeylibfeld/Documents/KARI\ Creatives/DaBin/native/Sources/DaBin/RobotLifecycle.swift /Users/roeylibfeld/Documents/KARI\ Creatives/DaBin/native/Sources/DaBin/RobotMotion.swift /Users/roeylibfeld/Documents/KARI\ Creatives/DaBin/native/Sources/DaBin/RobotPlacementSettings.swift /Users/roeylibfeld/Documents/KARI\ Creatives/DaBin/native/Sources/DaBin/RobotProjectSignView.swift /Users/roeylibfeld/Documents/KARI\ Creatives/DaBin/native/Sources/DaBin/RobotView.swift /Users/roeylibfeld/Documents/KARI\ Creatives/DaBin/native/Sources/DaBin/ScratchpadView.swift /Users/roeylibfeld/Documents/KARI\ Creatives/DaBin/native/Sources/DaBin/ScreenshotFolderMonitor.swift /Users/roeylibfeld/Documents/KARI\ Creatives/DaBin/native/Sources/DaBin/SearchColumnViewport.swift /Users/roeylibfeld/Documents/KARI\ Creatives/DaBin/native/Sources/DaBin/SearchDateBoard.swift /Users/roeylibfeld/Documents/KARI\ Creatives/DaBin/native/Sources/DaBin/SearchResultCard.swift /Users/roeylibfeld/Documents/KARI\ Creatives/DaBin/native/Sources/DaBin/SearchScreen.swift /Users/roeylibfeld/Documents/KARI\ Creatives/DaBin/native/Sources/DaBin/SettingsScreen.swift /Users/roeylibfeld/Documents/KARI\ Creatives/DaBin/native/Sources/DaBin/ShelfCaptureController.swift /Users/roeylibfeld/Documents/KARI\ Creatives/DaBin/native/Sources/DaBin/ShelfExport.swift /Users/roeylibfeld/Documents/KARI\ Creatives/DaBin/native/Sources/DaBin/SoftwareUpdateService.swift /Users/roeylibfeld/Documents/KARI\ Creatives/DaBin/native/Sources/DaBin/StatusBarController.swift /Users/roeylibfeld/Documents/KARI\ Creatives/DaBin/native/Sources/DaBin/TaskAttachmentsView.swift /Users/roeylibfeld/Documents/KARI\ Creatives/DaBin/native/Sources/DaBin/TaskEditorScreen.swift /Users/roeylibfeld/Documents/KARI\ Creatives/DaBin/native/Sources/DaBin/TaskFocusControls.swift /Users/roeylibfeld/Documents/KARI\ Creatives/DaBin/native/Sources/DaBin/TaskFocusSession.swift /Users/roeylibfeld/Documents/KARI\ Creatives/DaBin/native/Sources/DaBin/TaskPlanning.swift /Users/roeylibfeld/Documents/KARI\ Creatives/DaBin/native/Sources/DaBin/TaskPlanningEditor.swift /Users/roeylibfeld/Documents/KARI\ Creatives/DaBin/native/Sources/DaBin/TaskTimerAlarmMotion.swift /Users/roeylibfeld/Documents/KARI\ Creatives/DaBin/native/Sources/DaBin/TaskTimerRobotPresenter.swift /Users/roeylibfeld/Documents/KARI\ Creatives/DaBin/native/Sources/DaBin/TaskTimerRobotView.swift /Users/roeylibfeld/Documents/KARI\ Creatives/DaBin/native/Sources/DaBin/ThemeSettings.swift /Users/roeylibfeld/Documents/KARI\ Creatives/DaBin/native/Sources/DaBin/TimelineCalendarPicker.swift /Users/roeylibfeld/Documents/KARI\ Creatives/DaBin/native/Sources/DaBin/TodayPlanningScreen.swift /Users/roeylibfeld/Documents/KARI\ Creatives/DaBin/native/Sources/DaBin/TodayTaskCard.swift /Users/roeylibfeld/Documents/KARI\ Creatives/DaBin/native/Sources/DaBin/TransientMessagePresentation.swift /Users/roeylibfeld/Documents/KARI\ Creatives/DaBin/native/Sources/DaBin/TrashScreen.swift /Users/roeylibfeld/Documents/KARI\ Creatives/DaBin/native/Sources/DaBin/UpdateHandoff.swift /Users/roeylibfeld/Documents/KARI\ Creatives/DaBin/native/Sources/DaBin/WeeklyDateSelection.swift /Users/roeylibfeld/Documents/KARI\ Creatives/DaBin/native/Sources/DaBin/WeeklyScopeActions.swift /Users/roeylibfeld/Documents/KARI\ Creatives/DaBin/native/Sources/DaBin/WeeklyScreen.swift /Users/roeylibfeld/Documents/KARI\ Creatives/DaBin/native/Sources/DaBin/WindowDragHandle.swift /Users/roeylibfeld/Documents/KARI\ Creatives/DaBin/native/Sources/DaBin/WorkspaceClipboard.swift /Users/roeylibfeld/Documents/KARI\ Creatives/DaBin/native/Sources/DaBin/WorkspaceInput.swift /Users/roeylibfeld/Documents/KARI\ Creatives/DaBin/native/Sources/DaBin/WorkspaceItemCard.swift /Users/roeylibfeld/Documents/KARI\ Creatives/DaBin/native/Sources/DaBin/WorkspaceQuery.swift /Users/roeylibfeld/Documents/KARI\ Creatives/DaBin/native/Sources/DaBin/WorkspaceStore.swift /Users/roeylibfeld/Documents/KARI\ Creatives/DaBin/native/Sources/DaBin/WorkspaceZoom.swift /Users/roeylibfeld/Documents/KARI\ Creatives/DaBin/native/Sources/DaBin/WorkspaceZoomLayout.swift /Users/roeylibfeld/Documents/KARI\ Creatives/DaBin/native/Sources/DaBin/WorkspaceZoomScrollAnchor.swift /Applications/Xcode.app/Contents/Developer/Toolchains/XcodeDefault.xctoolchain/usr/lib/swift/macosx/prebuilt-modules/27.0/ColorSync.swiftmodule/arm64e-apple-macos.swiftmodule /Applications/Xcode.app/Contents/Developer/Toolchains/XcodeDefault.xctoolchain/usr/lib/swift/macosx/prebuilt-modules/27.0/ObjectiveC.swiftmodule/arm64e-apple-macos.swiftmodule /Applications/Xcode.app/Contents/Developer/Toolchains/XcodeDefault.xctoolchain/usr/lib/swift/macosx/prebuilt-modules/27.0/AVFAudio.swiftmodule/arm64e-apple-macos.swiftmodule /Applications/Xcode.app/Contents/Developer/Toolchains/XcodeDefault.xctoolchain/usr/lib/swift/macosx/prebuilt-modules/27.0/LinkPresentation.swiftmodule/arm64e-apple-macos.swiftmodule /Applications/Xcode.app/Contents/Developer/Toolchains/XcodeDefault.xctoolchain/usr/lib/swift/macosx/prebuilt-modules/27.0/os.swiftmodule/arm64e-apple-macos.swiftmodule /Applications/Xcode.app/Contents/Developer/Toolchains/XcodeDefault.xctoolchain/usr/lib/swift/macosx/prebuilt-modules/27.0/Compression.swiftmodule/arm64e-apple-macos.swiftmodule /Applications/Xcode.app/Contents/Developer/Toolchains/XcodeDefault.xctoolchain/usr/lib/swift/macosx/prebuilt-modules/27.0/LightweightCodeRequirements.swiftmodule/arm64e-apple-macos.swiftmodule /Applications/Xcode.app/Contents/Developer/Toolchains/XcodeDefault.xctoolchain/usr/lib/swift/macosx/prebuilt-modules/27.0/DataDetection.swiftmodule/arm64e-apple-macos.swiftmodule /Applications/Xcode.app/Contents/Developer/Toolchains/XcodeDefault.xctoolchain/usr/lib/swift/macosx/prebuilt-modules/27.0/OSLog.swiftmodule/arm64e-apple-macos.swiftmodule /Applications/Xcode.app/Contents/Developer/Toolchains/XcodeDefault.xctoolchain/usr/lib/swift/macosx/prebuilt-modules/27.0/ExtensionFoundation.swiftmodule/arm64e-apple-macos.swiftmodule /Applications/Xcode.app/Contents/Developer/Toolchains/XcodeDefault.xctoolchain/usr/lib/swift/macosx/prebuilt-modules/27.0/QuartzCore.swiftmodule/arm64e-apple-macos.swiftmodule /Applications/Xcode.app/Contents/Developer/Toolchains/XcodeDefault.xctoolchain/usr/lib/swift/macosx/prebuilt-modules/27.0/CryptoKit.swiftmodule/arm64e-apple-macos.swiftmodule /Applications/Xcode.app/Contents/Developer/Toolchains/XcodeDefault.xctoolchain/usr/lib/swift/macosx/prebuilt-modules/27.0/_Builtin_float.swiftmodule/arm64e-apple-macos.swiftmodule /Applications/Xcode.app/Contents/Developer/Toolchains/XcodeDefault.xctoolchain/usr/lib/swift/macosx/prebuilt-modules/27.0/ImageIO.swiftmodule/arm64e-apple-macos.swiftmodule /Applications/Xcode.app/Contents/Developer/Toolchains/XcodeDefault.xctoolchain/usr/lib/swift/macosx/prebuilt-modules/27.0/CoreTransferable.swiftmodule/arm64e-apple-macos.swiftmodule /Applications/Xcode.app/Contents/Developer/Toolchains/XcodeDefault.xctoolchain/usr/lib/swift/macosx/prebuilt-modules/27.0/_Concurrency.swiftmodule/arm64e-apple-macos.swiftmodule /Applications/Xcode.app/Contents/Developer/Toolchains/XcodeDefault.xctoolchain/usr/lib/swift/macosx/prebuilt-modules/27.0/Observation.swiftmodule/arm64e-apple-macos.swiftmodule /Applications/Xcode.app/Contents/Developer/Toolchains/XcodeDefault.xctoolchain/usr/lib/swift/macosx/prebuilt-modules/27.0/Accessibility.swiftmodule/arm64e-apple-macos.swiftmodule /Applications/Xcode.app/Contents/Developer/Toolchains/XcodeDefault.xctoolchain/usr/lib/swift/macosx/prebuilt-modules/27.0/SwiftUI.swiftmodule/arm64e-apple-macos.swiftmodule /Applications/Xcode.app/Contents/Developer/Toolchains/XcodeDefault.xctoolchain/usr/lib/swift/macosx/prebuilt-modules/27.0/CoreData.swiftmodule/arm64e-apple-macos.swiftmodule /Applications/Xcode.app/Contents/Developer/Toolchains/XcodeDefault.xctoolchain/usr/lib/swift/macosx/prebuilt-modules/27.0/AVKit.swiftmodule/arm64e-apple-macos.swiftmodule /Applications/Xcode.app/Contents/Developer/Toolchains/XcodeDefault.xctoolchain/usr/lib/swift/macosx/prebuilt-modules/27.0/_AVKit_SwiftUI.swiftmodule/arm64e-apple-macos.swiftmodule /Applications/Xcode.app/Contents/Developer/Toolchains/XcodeDefault.xctoolchain/usr/lib/swift/macosx/prebuilt-modules/27.0/CoreFoundation.swiftmodule/arm64e-apple-macos.swiftmodule /Applications/Xcode.app/Contents/Developer/Toolchains/XcodeDefault.xctoolchain/usr/lib/swift/macosx/prebuilt-modules/27.0/UniformTypeIdentifiers.swiftmodule/arm64e-apple-macos.swiftmodule /Applications/Xcode.app/Contents/Developer/Toolchains/XcodeDefault.xctoolchain/usr/lib/swift/macosx/prebuilt-modules/27.0/CoreImage.swiftmodule/arm64e-apple-macos.swiftmodule /Applications/Xcode.app/Contents/Developer/Toolchains/XcodeDefault.xctoolchain/usr/lib/swift/macosx/prebuilt-modules/27.0/CoreAudio.swiftmodule/arm64e-apple-macos.swiftmodule /Applications/Xcode.app/Contents/Developer/Toolchains/XcodeDefault.xctoolchain/usr/lib/swift/macosx/prebuilt-modules/27.0/_StringProcessing.swiftmodule/arm64e-apple-macos.swiftmodule /Applications/Xcode.app/Contents/Developer/Toolchains/XcodeDefault.xctoolchain/usr/lib/swift/macosx/prebuilt-modules/27.0/CoreVideo.swiftmodule/arm64e-apple-macos.swiftmodule /Applications/Xcode.app/Contents/Developer/Toolchains/XcodeDefault.xctoolchain/usr/lib/swift/macosx/prebuilt-modules/27.0/Metal.swiftmodule/arm64e-apple-macos.swiftmodule /Applications/Xcode.app/Contents/Developer/Toolchains/XcodeDefault.xctoolchain/usr/lib/swift/macosx/prebuilt-modules/27.0/AppKit.swiftmodule/arm64e-apple-macos.swiftmodule /Applications/Xcode.app/Contents/Developer/Toolchains/XcodeDefault.xctoolchain/usr/lib/swift/macosx/prebuilt-modules/27.0/CoreText.swiftmodule/arm64e-apple-macos.swiftmodule /Applications/Xcode.app/Contents/Developer/Toolchains/XcodeDefault.xctoolchain/usr/lib/swift/macosx/prebuilt-modules/27.0/PDFKit.swiftmodule/arm64e-apple-macos.swiftmodule /Applications/Xcode.app/Contents/Developer/Toolchains/XcodeDefault.xctoolchain/usr/lib/swift/macosx/prebuilt-modules/27.0/CoreML.swiftmodule/arm64e-apple-macos.swiftmodule /Applications/Xcode.app/Contents/Developer/Toolchains/XcodeDefault.xctoolchain/usr/lib/swift/macosx/prebuilt-modules/27.0/simd.swiftmodule/arm64e-apple-macos.swiftmodule /Applications/Xcode.app/Contents/Developer/Toolchains/XcodeDefault.xctoolchain/usr/lib/swift/macosx/prebuilt-modules/27.0/CoreMedia.swiftmodule/arm64e-apple-macos.swiftmodule /Applications/Xcode.app/Contents/Developer/Toolchains/XcodeDefault.xctoolchain/usr/lib/swift/macosx/prebuilt-modules/27.0/AudioToolbox.swiftmodule/arm64e-apple-macos.swiftmodule /Applications/Xcode.app/Contents/Developer/Toolchains/XcodeDefault.xctoolchain/usr/lib/swift/macosx/prebuilt-modules/27.0/QuickLookUI.swiftmodule/arm64e-apple-macos.swiftmodule /Applications/Xcode.app/Contents/Developer/Toolchains/XcodeDefault.xctoolchain/usr/lib/swift/macosx/prebuilt-modules/27.0/Dispatch.swiftmodule/arm64e-apple-macos.swiftmodule /Applications/Xcode.app/Contents/Developer/Toolchains/XcodeDefault.xctoolchain/usr/lib/swift/macosx/prebuilt-modules/27.0/DeveloperToolsSupport.swiftmodule/arm64e-apple-macos.swiftmodule /Applications/Xcode.app/Contents/Developer/Toolchains/XcodeDefault.xctoolchain/usr/lib/swift/macosx/prebuilt-modules/27.0/_DarwinFoundation1.swiftmodule/arm64e-apple-macos.swiftmodule /Applications/Xcode.app/Contents/Developer/Toolchains/XcodeDefault.xctoolchain/usr/lib/swift/macosx/prebuilt-modules/27.0/Network.swiftmodule/arm64e-apple-macos.swiftmodule /Applications/Xcode.app/Contents/Developer/Toolchains/XcodeDefault.xctoolchain/usr/lib/swift/macosx/prebuilt-modules/27.0/MediaToolbox.swiftmodule/arm64e-apple-macos.swiftmodule /Applications/Xcode.app/Contents/Developer/Toolchains/XcodeDefault.xctoolchain/usr/lib/swift/macosx/prebuilt-modules/27.0/System.swiftmodule/arm64e-apple-macos.swiftmodule /Applications/Xcode.app/Contents/Developer/Toolchains/XcodeDefault.xctoolchain/usr/lib/swift/macosx/prebuilt-modules/27.0/VideoToolbox.swiftmodule/arm64e-apple-macos.swiftmodule /Applications/Xcode.app/Contents/Developer/Toolchains/XcodeDefault.xctoolchain/usr/lib/swift/macosx/prebuilt-modules/27.0/CoreGraphics.swiftmodule/arm64e-apple-macos.swiftmodule /Applications/Xcode.app/Contents/Developer/Toolchains/XcodeDefault.xctoolchain/usr/lib/swift/macosx/prebuilt-modules/27.0/Darwin.swiftmodule/arm64e-apple-macos.swiftmodule /Applications/Xcode.app/Contents/Developer/Toolchains/XcodeDefault.xctoolchain/usr/lib/swift/macosx/prebuilt-modules/27.0/IOKit.swiftmodule/arm64e-apple-macos.swiftmodule /Applications/Xcode.app/Contents/Developer/Toolchains/XcodeDefault.xctoolchain/usr/lib/swift/macosx/prebuilt-modules/27.0/Symbols.swiftmodule/arm64e-apple-macos.swiftmodule /Applications/Xcode.app/Contents/Developer/Toolchains/XcodeDefault.xctoolchain/usr/lib/swift/macosx/prebuilt-modules/27.0/Vision.swiftmodule/arm64e-apple-macos.swiftmodule /Applications/Xcode.app/Contents/Developer/Toolchains/XcodeDefault.xctoolchain/usr/lib/swift/macosx/prebuilt-modules/27.0/AVFoundation.swiftmodule/arm64e-apple-macos.swiftmodule /Applications/Xcode.app/Contents/Developer/Toolchains/XcodeDefault.xctoolchain/usr/lib/swift/macosx/prebuilt-modules/27.0/Synchronization.swiftmodule/arm64e-apple-macos.swiftmodule /Applications/Xcode.app/Contents/Developer/Toolchains/XcodeDefault.xctoolchain/usr/lib/swift/macosx/prebuilt-modules/27.0/LocalAuthentication.swiftmodule/arm64e-apple-macos.swiftmodule /Applications/Xcode.app/Contents/Developer/Toolchains/XcodeDefault.xctoolchain/usr/lib/swift/macosx/prebuilt-modules/27.0/QuickLookThumbnailing.swiftmodule/arm64e-apple-macos.swiftmodule /Applications/Xcode.app/Contents/Developer/Toolchains/XcodeDefault.xctoolchain/usr/lib/swift/macosx/prebuilt-modules/27.0/_DarwinFoundation2.swiftmodule/arm64e-apple-macos.swiftmodule /Applications/Xcode.app/Contents/Developer/Toolchains/XcodeDefault.xctoolchain/usr/lib/swift/macosx/prebuilt-modules/27.0/_DarwinFoundation3.swiftmodule/arm64e-apple-macos.swiftmodule /Applications/Xcode.app/Contents/Developer/Toolchains/XcodeDefault.xctoolchain/usr/lib/swift/macosx/prebuilt-modules/27.0/Swift.swiftmodule/arm64e-apple-macos.swiftmodule /Applications/Xcode.app/Contents/Developer/Toolchains/XcodeDefault.xctoolchain/usr/lib/swift/macosx/prebuilt-modules/27.0/CoreMIDI.swiftmodule/arm64e-apple-macos.swiftmodule /Applications/Xcode.app/Contents/Developer/Toolchains/XcodeDefault.xctoolchain/usr/lib/swift/macosx/prebuilt-modules/27.0/Foundation.swiftmodule/arm64e-apple-macos.swiftmodule /Applications/Xcode.app/Contents/Developer/Toolchains/XcodeDefault.xctoolchain/usr/lib/swift/macosx/prebuilt-modules/27.0/XPC.swiftmodule/arm64e-apple-macos.swiftmodule /Applications/Xcode.app/Contents/Developer/Toolchains/XcodeDefault.xctoolchain/usr/lib/swift/macosx/prebuilt-modules/27.0/Accelerate.swiftmodule/arm64e-apple-macos.swiftmodule /Applications/Xcode.app/Contents/Developer/Toolchains/XcodeDefault.xctoolchain/usr/lib/swift/macosx/prebuilt-modules/27.0/SwiftUICore.swiftmodule/arm64e-apple-macos.swiftmodule /Applications/Xcode.app/Contents/Developer/Toolchains/XcodeDefault.xctoolchain/usr/lib/swift/macosx/prebuilt-modules/27.0/Distributed.swiftmodule/arm64e-apple-macos.swiftmodule /Applications/Xcode.app/Contents/Developer/Toolchains/XcodeDefault.xctoolchain/usr/lib/swift/macosx/prebuilt-modules/27.0/Spatial.swiftmodule/arm64e-apple-macos.swiftmodule /Applications/Xcode.app/Contents/Developer/Toolchains/XcodeDefault.xctoolchain/usr/lib/swift/macosx/prebuilt-modules/27.0/Combine.swiftmodule/arm64e-apple-macos.swiftmodule /Users/roeylibfeld/Documents/KARI\ Creatives/DaBin/native/build/store-remove-organize-pin-20261005/derived-data/SDKExplicitPrecompiledModules/Network-7REJ4PCG22CKG02GW515KTSWA.pcm /Users/roeylibfeld/Documents/KARI\ Creatives/DaBin/native/build/store-remove-organize-pin-20261005/derived-data/SDKExplicitPrecompiledModules/VideoToolbox-AWAHWZ49W52FNBM9DB6GPHOGI.pcm /Users/roeylibfeld/Documents/KARI\ Creatives/DaBin/native/build/store-remove-organize-pin-20261005/derived-data/SDKExplicitPrecompiledModules/ExtensionFoundation-CXQADCPLOFXW04PUHEWLQJQPP.pcm /Users/roeylibfeld/Documents/KARI\ Creatives/DaBin/native/build/store-remove-organize-pin-20261005/derived-data/SDKExplicitPrecompiledModules/IOSurface-CEV50H3WTFGUSEFBY77LMDYGZ.pcm /Users/roeylibfeld/Documents/KARI\ Creatives/DaBin/native/build/store-remove-organize-pin-20261005/derived-data/SDKExplicitPrecompiledModules/AVFoundation-AQ5Q47XC23IK4LRT1N60GLYLQ.pcm /Users/roeylibfeld/Documents/KARI\ Creatives/DaBin/native/build/store-remove-organize-pin-20261005/derived-data/SDKExplicitPrecompiledModules/DeveloperToolsSupport-ET8CUOITO61NE27NJE16IVCJN.pcm /Users/roeylibfeld/Documents/KARI\ Creatives/DaBin/native/build/store-remove-organize-pin-20261005/derived-data/SDKExplicitPrecompiledModules/LinkPresentation-ACEUKN33E6BJW0RORKIKFJH44.pcm /Users/roeylibfeld/Documents/KARI\ Creatives/DaBin/native/build/store-remove-organize-pin-20261005/derived-data/SDKExplicitPrecompiledModules/zlib-C80BWOJCA8K7QAGQ5NPXUV3H7.pcm /Users/roeylibfeld/Documents/KARI\ Creatives/DaBin/native/build/store-remove-organize-pin-20261005/derived-data/SDKExplicitPrecompiledModules/ColorSync-A7M4UTHEMO42EUDOFWALDTLLY.pcm /Users/roeylibfeld/Documents/KARI\ Creatives/DaBin/native/build/store-remove-organize-pin-20261005/derived-data/SDKExplicitPrecompiledModules/QuickLook-4ZKZB8DSXPOJZEYAZQLWK64WV.pcm /Users/roeylibfeld/Documents/KARI\ Creatives/DaBin/native/build/store-remove-organize-pin-20261005/derived-data/SDKExplicitPrecompiledModules/Spatial-9BEZFDTPX6SH66OKIMECJNLIX.pcm /Users/roeylibfeld/Documents/KARI\ Creatives/DaBin/native/build/store-remove-organize-pin-20261005/derived-data/SDKExplicitPrecompiledModules/ptrauth-C1YQ0DTM0VVPJ3LE64ACW30T4.pcm /Users/roeylibfeld/Documents/KARI\ Creatives/DaBin/native/build/store-remove-organize-pin-20261005/derived-data/SDKExplicitPrecompiledModules/SwiftShims-D1EWO45DK2DLG5TN5V3DX3TP3.pcm /Users/roeylibfeld/Documents/KARI\ Creatives/DaBin/native/build/store-remove-organize-pin-20261005/derived-data/SDKExplicitPrecompiledModules/Compression-CULQU3GP1HC66590LTVGUKWPY.pcm /Users/roeylibfeld/Documents/KARI\ Creatives/DaBin/native/build/store-remove-organize-pin-20261005/derived-data/SDKExplicitPrecompiledModules/os_workgroup-1N800AOXZ04DEFS06QYMSCBES.pcm /Users/roeylibfeld/Documents/KARI\ Creatives/DaBin/native/build/store-remove-organize-pin-20261005/derived-data/SDKExplicitPrecompiledModules/simd-5DQLKU62Y2E9C657LRTEV78S7.pcm /Users/roeylibfeld/Documents/KARI\ Creatives/DaBin/native/build/store-remove-organize-pin-20261005/derived-data/SDKExplicitPrecompiledModules/CoreMedia-6I4G0B1A2QPV07OZDQ1DH5NA4.pcm /Users/roeylibfeld/Documents/KARI\ Creatives/DaBin/native/build/store-remove-organize-pin-20261005/derived-data/SDKExplicitPrecompiledModules/SwiftUI-AQ15W53U6KX8W4ASTT5VBMBBX.pcm /Users/roeylibfeld/Documents/KARI\ Creatives/DaBin/native/build/store-remove-organize-pin-20261005/derived-data/SDKExplicitPrecompiledModules/_DarwinFoundation3-EF1CJYGO69WI981OJ24QYFYUF.pcm /Users/roeylibfeld/Documents/KARI\ Creatives/DaBin/native/build/store-remove-organize-pin-20261005/derived-data/SDKExplicitPrecompiledModules/ApplicationServices-E8IBHTLGT6UPO9CPZPUY4IVR5.pcm /Users/roeylibfeld/Documents/KARI\ Creatives/DaBin/native/build/store-remove-organize-pin-20261005/derived-data/SDKExplicitPrecompiledModules/OSLog-5WKKY29790IKO8HKI708C4153.pcm /Users/roeylibfeld/Documents/KARI\ Creatives/DaBin/native/build/store-remove-organize-pin-20261005/derived-data/SDKExplicitPrecompiledModules/IOKit-D3A263XOHVTPZ6NIPER7QPSZH.pcm /Users/roeylibfeld/Documents/KARI\ Creatives/DaBin/native/build/store-remove-organize-pin-20261005/derived-data/SDKExplicitPrecompiledModules/_Builtin_inttypes-2H01VF4Q1UGAY811EV68IIE0.pcm /Users/roeylibfeld/Documents/KARI\ Creatives/DaBin/native/build/store-remove-organize-pin-20261005/derived-data/SDKExplicitPrecompiledModules/dnssd-2F259HD7HW4L0FNZT5SL9QNDO.pcm /Users/roeylibfeld/Documents/KARI\ Creatives/DaBin/native/build/store-remove-organize-pin-20261005/derived-data/SDKExplicitPrecompiledModules/CoreData-2KNYKTTICUHFMUERX6VLDZXHY.pcm /Users/roeylibfeld/Documents/KARI\ Creatives/DaBin/native/build/store-remove-organize-pin-20261005/derived-data/SDKExplicitPrecompiledModules/Darwin-EAKSMMRA8X1YYEPUULUP2YDA0.pcm /Users/roeylibfeld/Documents/KARI\ Creatives/DaBin/native/build/store-remove-organize-pin-20261005/derived-data/SDKExplicitPrecompiledModules/AVKit-A18EPS9FI0KXUI5X8AECLPKQN.pcm /Users/roeylibfeld/Documents/KARI\ Creatives/DaBin/native/build/store-remove-organize-pin-20261005/derived-data/SDKExplicitPrecompiledModules/_DarwinFoundation1-5SAWLF4AB91ZKNNYJPNKCN31U.pcm /Users/roeylibfeld/Documents/KARI\ Creatives/DaBin/native/build/store-remove-organize-pin-20261005/derived-data/SDKExplicitPrecompiledModules/Cocoa-EB678ISVJ9DHV1BUAHTDE9W50.pcm /Users/roeylibfeld/Documents/KARI\ Creatives/DaBin/native/build/store-remove-organize-pin-20261005/derived-data/SDKExplicitPrecompiledModules/_DarwinFoundation2-1NP8IPMJF9SUC90KVBY9PXYLS.pcm /Users/roeylibfeld/Documents/KARI\ Creatives/DaBin/native/build/store-remove-organize-pin-20261005/derived-data/SDKExplicitPrecompiledModules/ImageIO-6KJ843ML3SR9CIZCEL4A6AURH.pcm /Users/roeylibfeld/Documents/KARI\ Creatives/DaBin/native/build/store-remove-organize-pin-20261005/derived-data/SDKExplicitPrecompiledModules/Accessibility-A0HUDE5ASKY6VJAFLQ331FC4X.pcm /Users/roeylibfeld/Documents/KARI\ Creatives/DaBin/native/build/store-remove-organize-pin-20261005/derived-data/SDKExplicitPrecompiledModules/_Builtin_intrinsics-CMK1L79XGYTMWKZ9HLASAJV31.pcm /Users/roeylibfeld/Documents/KARI\ Creatives/DaBin/native/build/store-remove-organize-pin-20261005/derived-data/SDKExplicitPrecompiledModules/AudioToolbox-7IVOD198HS0OLB36J38HNPCJT.pcm /Users/roeylibfeld/Documents/KARI\ Creatives/DaBin/native/build/store-remove-organize-pin-20261005/derived-data/SDKExplicitPrecompiledModules/libDER-3ETZ0UE8030Z56FC6IGOFYJ1L.pcm /Users/roeylibfeld/Documents/KARI\ Creatives/DaBin/native/build/store-remove-organize-pin-20261005/derived-data/SDKExplicitPrecompiledModules/ObjectiveC-8QVKCTUNALJLW5S5QF48AINCO.pcm /Users/roeylibfeld/Documents/KARI\ Creatives/DaBin/native/build/store-remove-organize-pin-20261005/derived-data/SDKExplicitPrecompiledModules/AppKit-59E0257AJQHWR2R0QRYCU1JVV.pcm /Users/roeylibfeld/Documents/KARI\ Creatives/DaBin/native/build/store-remove-organize-pin-20261005/derived-data/SDKExplicitPrecompiledModules/_Builtin_limits-611Q8VHWHH8UWDXUY7322QXGK.pcm /Users/roeylibfeld/Documents/KARI\ Creatives/DaBin/native/build/store-remove-organize-pin-20261005/derived-data/SDKExplicitPrecompiledModules/_Builtin_tgmath-9943VSVVDG08AJ0XT7349DWO0.pcm /Users/roeylibfeld/Documents/KARI\ Creatives/DaBin/native/build/store-remove-organize-pin-20261005/derived-data/SDKExplicitPrecompiledModules/CUPS-1BB5VGVCFZF990G98UP98E02O.pcm /Users/roeylibfeld/Documents/KARI\ Creatives/DaBin/native/build/store-remove-organize-pin-20261005/derived-data/SDKExplicitPrecompiledModules/Dispatch-3483V353L5QAF72YV422K5JH3.pcm /Users/roeylibfeld/Documents/KARI\ Creatives/DaBin/native/build/store-remove-organize-pin-20261005/derived-data/SDKExplicitPrecompiledModules/_AvailabilityInternal-3P4UQVOFIW41X7BXAL7B8KGX1.pcm /Users/roeylibfeld/Documents/KARI\ Creatives/DaBin/native/build/store-remove-organize-pin-20261005/derived-data/SDKExplicitPrecompiledModules/CoreText-B1HPF8B47IJCK2QH6S8XSKBO2.pcm /Users/roeylibfeld/Documents/KARI\ Creatives/DaBin/native/build/store-remove-organize-pin-20261005/derived-data/SDKExplicitPrecompiledModules/CoreAudio-85QAL4Y2QRHU1VMCO7H9KUCWC.pcm /Users/roeylibfeld/Documents/KARI\ Creatives/DaBin/native/build/store-remove-organize-pin-20261005/derived-data/SDKExplicitPrecompiledModules/string_h-83QDTWWQGI0JD6NTSXP6UNOF0.pcm /Users/roeylibfeld/Documents/KARI\ Creatives/DaBin/native/build/store-remove-organize-pin-20261005/derived-data/SDKExplicitPrecompiledModules/_Builtin_stdint-9ZALNZMZDKE2CL9SZA9EBZ6N0.pcm /Users/roeylibfeld/Documents/KARI\ Creatives/DaBin/native/build/store-remove-organize-pin-20261005/derived-data/SDKExplicitPrecompiledModules/CoreML-4CHHJ6Y4GEDKTCK9II5JUFYI9.pcm /Users/roeylibfeld/Documents/KARI\ Creatives/DaBin/native/build/store-remove-organize-pin-20261005/derived-data/SDKExplicitPrecompiledModules/QuickLookUI-6B2NT256GWWBG6N2E65SPWRZE.pcm /Users/roeylibfeld/Documents/KARI\ Creatives/DaBin/native/build/store-remove-organize-pin-20261005/derived-data/SDKExplicitPrecompiledModules/CoreServices-AKK23GY9V46HY9WTS48WX19RW.pcm /Users/roeylibfeld/Documents/KARI\ Creatives/DaBin/native/build/store-remove-organize-pin-20261005/derived-data/SDKExplicitPrecompiledModules/LocalAuthentication-37PVILYNSC6RZWHX58HFKR3JX.pcm /Users/roeylibfeld/Documents/KARI\ Creatives/DaBin/native/build/store-remove-organize-pin-20261005/derived-data/SDKExplicitPrecompiledModules/CoreVideo-4OR9OL1N0XYF4EHJYAH2P8VPD.pcm /Users/roeylibfeld/Documents/KARI\ Creatives/DaBin/native/build/store-remove-organize-pin-20261005/derived-data/SDKExplicitPrecompiledModules/CoreMIDI-7BKQLJYAFBDQMSQGQ50E2LL4J.pcm /Users/roeylibfeld/Documents/KARI\ Creatives/DaBin/native/build/store-remove-organize-pin-20261005/derived-data/SDKExplicitPrecompiledModules/CoreAudioTypes-CV2SA1S442V4JQREV50G5D3RH.pcm /Users/roeylibfeld/Documents/KARI\ Creatives/DaBin/native/build/store-remove-organize-pin-20261005/derived-data/SDKExplicitPrecompiledModules/UniformTypeIdentifiers-1EE4K9MU7A9AORZQGG3793URI.pcm /Users/roeylibfeld/Documents/KARI\ Creatives/DaBin/native/build/store-remove-organize-pin-20261005/derived-data/SDKExplicitPrecompiledModules/os-7SH7ZDYR617IH2V5WEXXWT72M.pcm /Users/roeylibfeld/Documents/KARI\ Creatives/DaBin/native/build/store-remove-organize-pin-20261005/derived-data/SDKExplicitPrecompiledModules/XPC-ACZ45HDNOZTPJCOI74QS80U5S.pcm /Users/roeylibfeld/Documents/KARI\ Creatives/DaBin/native/build/store-remove-organize-pin-20261005/derived-data/SDKExplicitPrecompiledModules/CoreTransferable-EI1USSR7H5X5PASTKLZAUDT3W.pcm /Users/roeylibfeld/Documents/KARI\ Creatives/DaBin/native/build/store-remove-organize-pin-20261005/derived-data/SDKExplicitPrecompiledModules/Accelerate-CF8WTRBWUXREWL1A2SPHCVUHR.pcm /Users/roeylibfeld/Documents/KARI\ Creatives/DaBin/native/build/store-remove-organize-pin-20261005/derived-data/SDKExplicitPrecompiledModules/_Builtin_stddef-B4MN0QWPGNEL9RXRH75IFW222.pcm /Users/roeylibfeld/Documents/KARI\ Creatives/DaBin/native/build/store-remove-organize-pin-20261005/derived-data/SDKExplicitPrecompiledModules/ptrcheck-DGN722SD4SMVFMOY8UOPGO6BQ.pcm /Users/roeylibfeld/Documents/KARI\ Creatives/DaBin/native/build/store-remove-organize-pin-20261005/derived-data/SDKExplicitPrecompiledModules/DataDetection-5E5VD9IM58B4F8POT59ASRVKL.pcm /Users/roeylibfeld/Documents/KARI\ Creatives/DaBin/native/build/store-remove-organize-pin-20261005/derived-data/SDKExplicitPrecompiledModules/CoreFoundation-33QTRT8OC97A85S1UFVAR3E3Y.pcm /Users/roeylibfeld/Documents/KARI\ Creatives/DaBin/native/build/store-remove-organize-pin-20261005/derived-data/SDKExplicitPrecompiledModules/sys_types-8GTNNP39Y3II4WI32GSLSS1WP.pcm /Users/roeylibfeld/Documents/KARI\ Creatives/DaBin/native/build/store-remove-organize-pin-20261005/derived-data/SDKExplicitPrecompiledModules/Carbon-8IHKM7PRST050AW1D7J6EY0V1.pcm /Users/roeylibfeld/Documents/KARI\ Creatives/DaBin/native/build/store-remove-organize-pin-20261005/derived-data/SDKExplicitPrecompiledModules/CFNetwork-8CTPMO200IC4GM5E62ERKXPJF.pcm /Users/roeylibfeld/Documents/KARI\ Creatives/DaBin/native/build/store-remove-organize-pin-20261005/derived-data/SDKExplicitPrecompiledModules/AVFAudio-CESALERBLCA4C3I8CBVR6SX61.pcm /Users/roeylibfeld/Documents/KARI\ Creatives/DaBin/native/build/store-remove-organize-pin-20261005/derived-data/SDKExplicitPrecompiledModules/Foundation-3TKZBNMR8TGISRO934AK7MOEH.pcm /Users/roeylibfeld/Documents/KARI\ Creatives/DaBin/native/build/store-remove-organize-pin-20261005/derived-data/SDKExplicitPrecompiledModules/Vision-1BCJ4YLFU893RT6DCFK0QTZS6.pcm /Users/roeylibfeld/Documents/KARI\ Creatives/DaBin/native/build/store-remove-organize-pin-20261005/derived-data/SDKExplicitPrecompiledModules/_Builtin_stdbool-D9T021TP26D53F9R3A70ESM94.pcm /Users/roeylibfeld/Documents/KARI\ Creatives/DaBin/native/build/store-remove-organize-pin-20261005/derived-data/SDKExplicitPrecompiledModules/CoreImage-2R2HO5XBOFZLVTVHJE0BHQXLB.pcm /Users/roeylibfeld/Documents/KARI\ Creatives/DaBin/native/build/store-remove-organize-pin-20261005/derived-data/SDKExplicitPrecompiledModules/Metal-EIDH4K8L5YXFH21RKCFHUP2CQ.pcm /Users/roeylibfeld/Documents/KARI\ Creatives/DaBin/native/build/store-remove-organize-pin-20261005/derived-data/SDKExplicitPrecompiledModules/_Builtin_stdarg-OFKT6HHQJQAT9I1OQ4IYU7RS.pcm /Users/roeylibfeld/Documents/KARI\ Creatives/DaBin/native/build/store-remove-organize-pin-20261005/derived-data/SDKExplicitPrecompiledModules/Symbols-3O91A34IIKY3ZQIY8NAHFFCK0.pcm /Users/roeylibfeld/Documents/KARI\ Creatives/DaBin/native/build/store-remove-organize-pin-20261005/derived-data/SDKExplicitPrecompiledModules/_SwiftConcurrencyShims-EMDAQFOYA8APXS5EHX01N5DHR.pcm /Users/roeylibfeld/Documents/KARI\ Creatives/DaBin/native/build/store-remove-organize-pin-20261005/derived-data/SDKExplicitPrecompiledModules/UserNotifications-5S0X4PAE8ZNBST1TDIFWCOKKB.pcm /Users/roeylibfeld/Documents/KARI\ Creatives/DaBin/native/build/store-remove-organize-pin-20261005/derived-data/SDKExplicitPrecompiledModules/libkern-1OIGBLXQQY0EHYLEEZIBFTUKP.pcm /Users/roeylibfeld/Documents/KARI\ Creatives/DaBin/native/build/store-remove-organize-pin-20261005/derived-data/SDKExplicitPrecompiledModules/MachO-DAGG67EDUVN2HMAZOVN69HCMX.pcm /Users/roeylibfeld/Documents/KARI\ Creatives/DaBin/native/build/store-remove-organize-pin-20261005/derived-data/SDKExplicitPrecompiledModules/CoreGraphics-EZF0ZL6X5DTE81O7BAZB1VHEL.pcm /Users/roeylibfeld/Documents/KARI\ Creatives/DaBin/native/build/store-remove-organize-pin-20261005/derived-data/SDKExplicitPrecompiledModules/_Builtin_float-1BFC8FL9YBW1YQNFIY3YB8AR6.pcm /Users/roeylibfeld/Documents/KARI\ Creatives/DaBin/native/build/store-remove-organize-pin-20261005/derived-data/SDKExplicitPrecompiledModules/PDFKit-E1A5D0ZZUGPXKWII7T2W11AFS.pcm /Users/roeylibfeld/Documents/KARI\ Creatives/DaBin/native/build/store-remove-organize-pin-20261005/derived-data/SDKExplicitPrecompiledModules/QuartzCore-9DT3BL4X7P4QU4003I7X5SW0S.pcm /Users/roeylibfeld/Documents/KARI\ Creatives/DaBin/native/build/store-remove-organize-pin-20261005/derived-data/SDKExplicitPrecompiledModules/_Builtin_stdatomic-6AJ5GCNOAMZEF3A8WSBZV6AB2.pcm /Users/roeylibfeld/Documents/KARI\ Creatives/DaBin/native/build/store-remove-organize-pin-20261005/derived-data/SDKExplicitPrecompiledModules/QuickLookThumbnailing-43TQNN3PXSCP3NHXBMWF3Q3HT.pcm /Users/roeylibfeld/Documents/KARI\ Creatives/DaBin/native/build/store-remove-organize-pin-20261005/derived-data/SDKExplicitPrecompiledModules/MediaToolbox-649Z3AQ80P57R65AFZ44PXEB5.pcm /Users/roeylibfeld/Documents/KARI\ Creatives/DaBin/native/build/store-remove-organize-pin-20261005/derived-data/SDKExplicitPrecompiledModules/launch-7HAMMGP2K7MNUKC43GCRUKMTU.pcm /Users/roeylibfeld/Documents/KARI\ Creatives/DaBin/native/build/store-remove-organize-pin-20261005/derived-data/SDKExplicitPrecompiledModules/OpenGL-C0ATK4X44V5RRB80JBCL715BU.pcm /Users/roeylibfeld/Documents/KARI\ Creatives/DaBin/native/build/store-remove-organize-pin-20261005/derived-data/SDKExplicitPrecompiledModules/SwiftUICore-EOKFUO6BV1TMM2VRRRBMV7RXY.pcm /Users/roeylibfeld/Documents/KARI\ Creatives/DaBin/native/build/store-remove-organize-pin-20261005/derived-data/SDKExplicitPrecompiledModules/Security-DNVYNX4D83MTSW6N6DXYYC5B3.pcm /Users/roeylibfeld/Documents/KARI\ Creatives/DaBin/native/build/store-remove-organize-pin-20261005/derived-data/SDKExplicitPrecompiledModules/DiskArbitration-3Z47X4V41F1LH2CVOD5NTYI42.pcm /Users/roeylibfeld/Documents/KARI\ Creatives/DaBin/native/build/store-remove-organize-pin-20261005/derived-data/SDKExplicitPrecompiledModules/os_object-EKHE03CACBE3A084EDU5UM282.pcm /Users/roeylibfeld/Documents/KARI\ Creatives/DaBin/native/build/store-remove-organize-pin-20261005/derived-data/Build/Intermediates.noindex/DaBin.build/Release/DaBin.build/Objects-normal/arm64/DaBin-dependencies-1.json (in target 'DaBin' from project 'DaBin')

SwiftCompile normal arm64 (in target 'DaBin' from project 'DaBin')
    cd /Users/roeylibfeld/Documents/KARI\ Creatives/DaBin/native
    

SwiftDriverJobDiscovery normal arm64 Compiling AccessibilityAnnouncement.swift, AppDelegate.swift, AppState.swift, ApplicationCoordinator.swift, ApplicationMenu.swift, ArchiveBackup.swift, AutoCaptureFingerprint.swift, AutoCaptureRobotCelebration.swift, AutoCaptureRobotPresenter.swift, AutoCaptureService.swift, AutoCaptureSettings.swift, AutoCaptureSignMotion.swift, AutoCaptureSignRouting.swift, AutoCaptureSignView.swift, AutoRecordIndicator.swift, BoardComponents.swift, BoardResizeGeometry.swift, BoardView.swift, BoardWindowChrome.swift, BoredRobotView.swift, BuddyControls.swift, CaptureAnnotations.swift, CaptureCardGroup.swift, CaptureCards.swift, CaptureClipboard.swift, CaptureCopyButton.swift, CaptureDetailPanels.swift, CaptureExtendedCanvas.swift, CaptureExtendedWindow.swift, CaptureFilterStrip.swift, CaptureInboxActions.swift, CapturePresentation.swift, CapturePreviews.swift, CaptureProvenance.swift, CaptureRemoval.swift, CaptureRepository.swift, CaptureSourceView.swift, CaptureStore.swift, CaptureTrailView.swift, ClipboardRetentionService.swift, ClipboardRetentionSettings.swift, CollectionPreviewMosaic.swift, ContentIndexService.swift, CornerController.swift, DaBinLogo.swift, DaBinMain.swift, DailyArchive.swift, DailyCaptureView.swift, DailyScreen.swift, DayExport.swift, DayExportUI.swift, DetailScreen.swift, Domain.swift, DraftArchive.swift, ExplorerItems.swift, ExplorerQuery.swift, ExplorerScreen.swift, ExplorerTransfer.swift, ExplorerViewport.swift, FittedPDFPreview.swift, GroupedCaptureCard.swift, HourlyCaptureCard.swift, HourlyCaptureFeed.swift, HoverTooltips.swift, InboxScreen.swift, InputService.swift, IslandRobotChoreography.swift, LibraryScreen.swift, LocalDOCXTextExtractor.swift, NativeContentDrag.swift, NavigationHistory.swift, NewNoteScreen.swift, OriginalFileStorage.swift, OutgoingFileSnapshot.swift, PreviewRequest.swift, PreviewService.swift, PrivacyInformation.swift, ProjectFileArchive.swift, ProjectPickerView.swift, ProjectWorkspaceCard.swift, ProjectWorkspaceExport.swift, ProjectWorkspaceState.swift, ProjectWorkspaceTasks.swift, ProjectWorkspaceView.swift, QuickAccess.swift, QuietOrbitGeometry.swift, QuietOrbitVisualStyle.swift, ReminderAlertCoordinator.swift, ReminderClockEditor.swift, ReminderLifecycle.swift, ReminderSchedule.swift, ReminderService.swift, RemindersScreen.swift, RobotAppFrameView.swift, RobotCharacterView.swift, RobotLifecycle.swift, RobotMotion.swift, RobotPlacementSettings.swift, RobotProjectSignView.swift, RobotView.swift, ScratchpadView.swift, ScreenshotFolderMonitor.swift, SearchColumnViewport.swift, SearchDateBoard.swift, SearchResultCard.swift, SearchScreen.swift, SettingsScreen.swift, ShelfCaptureController.swift, ShelfExport.swift, SoftwareUpdateService.swift, StatusBarController.swift, TaskAttachmentsView.swift, TaskEditorScreen.swift, TaskFocusControls.swift, TaskFocusSession.swift, TaskPlanning.swift, TaskPlanningEditor.swift, TaskTimerAlarmMotion.swift, TaskTimerRobotPresenter.swift, TaskTimerRobotView.swift, ThemeSettings.swift, TimelineCalendarPicker.swift, TodayPlanningScreen.swift, TodayTaskCard.swift, TransientMessagePresentation.swift, TrashScreen.swift, UpdateHandoff.swift, WeeklyDateSelection.swift, WeeklyScopeActions.swift, WeeklyScreen.swift, WindowDragHandle.swift, WorkspaceClipboard.swift, WorkspaceInput.swift, WorkspaceItemCard.swift, WorkspaceQuery.swift, WorkspaceStore.swift, WorkspaceZoom.swift, WorkspaceZoomLayout.swift, WorkspaceZoomScrollAnchor.swift (in target 'DaBin' from project 'DaBin')

SwiftDriver\ Compilation\ Requirements DaBin normal arm64 com.apple.xcode.tools.swift.compiler (in target 'DaBin' from project 'DaBin')
    cd /Users/roeylibfeld/Documents/KARI\ Creatives/DaBin/native
    builtin-Swift-Compilation-Requirements -- /Applications/Xcode.app/Contents/Developer/Toolchains/XcodeDefault.xctoolchain/usr/bin/swiftc -module-name DaBin -O -whole-module-optimization @/Users/roeylibfeld/Documents/KARI\ Creatives/DaBin/native/build/store-remove-organize-pin-20261005/derived-data/Build/Intermediates.noindex/DaBin.build/Release/DaBin.build/Objects-normal/arm64/DaBin.SwiftFileList -enable-bare-slash-regex -enable-experimental-feature DebugDescriptionMacro -sdk /Applications/Xcode.app/Contents/Developer/Platforms/MacOSX.platform/Developer/SDKs/MacOSX27.0.sdk -target arm64-apple-macos14.0 -g -module-cache-path /Users/roeylibfeld/Documents/KARI\ Creatives/DaBin/native/build/store-remove-organize-pin-20261005/derived-data/ModuleCache.noindex -Xfrontend -serialize-debugging-options -warnings-as-errors -swift-version 5 -I /Users/roeylibfeld/Documents/KARI\ Creatives/DaBin/native/build/store-remove-organize-pin-20261005/derived-data/Build/Products/Release -F /Users/roeylibfeld/Documents/KARI\ Creatives/DaBin/native/build/store-remove-organize-pin-20261005/derived-data/Build/Products/Release -c -num-threads 15 -Xcc -ivfsstatcache -Xcc /Users/roeylibfeld/Documents/KARI\ Creatives/DaBin/native/build/store-remove-organize-pin-20261005/derived-data/SDKStatCaches.noindex/macosx27.0-26A425-7231f6df4def33e022ae2eb8f782df1a.sdkstatcache -output-file-map /Users/roeylibfeld/Documents/KARI\ Creatives/DaBin/native/build/store-remove-organize-pin-20261005/derived-data/Build/Intermediates.noindex/DaBin.build/Release/DaBin.build/Objects-normal/arm64/DaBin-OutputFileMap.json -save-temps -no-color-diagnostics -explicit-module-build -module-cache-path /Users/roeylibfeld/Documents/KARI\ Creatives/DaBin/native/build/store-remove-organize-pin-20261005/derived-data/Build/Intermediates.noindex/SwiftExplicitPrecompiledModules -clang-scanner-module-cache-path /Users/roeylibfeld/Documents/KARI\ Creatives/DaBin/native/build/store-remove-organize-pin-20261005/derived-data/ModuleCache.noindex -sdk-module-cache-path /Users/roeylibfeld/Documents/KARI\ Creatives/DaBin/native/build/store-remove-organize-pin-20261005/derived-data/SDKExplicitPrecompiledModules -emit-dependencies -emit-module -emit-module-path /Users/roeylibfeld/Documents/KARI\ Creatives/DaBin/native/build/store-remove-organize-pin-20261005/derived-data/Build/Intermediates.noindex/DaBin.build/Release/DaBin.build/Objects-normal/arm64/DaBin.swiftmodule -serialize-diagnostics -dependency-scan-serialize-diagnostics-path /Users/roeylibfeld/Documents/KARI\ Creatives/DaBin/native/build/store-remove-organize-pin-20261005/derived-data/Build/Intermediates.noindex/DaBin.build/Release/DaBin.build/Objects-normal/arm64/DaBin-dependency-scan.dia -validate-clang-modules-once -clang-build-session-file /Users/roeylibfeld/Documents/KARI\ Creatives/DaBin/native/build/store-remove-organize-pin-20261005/derived-data/ModuleCache.noindex/Session.modulevalidation -Xcc -fmodules-prune-interval\=86400 -Xcc -fmodules-prune-after\=345600 -emit-const-values -const-gather-protocols-list /Users/roeylibfeld/Documents/KARI\ Creatives/DaBin/native/build/store-remove-organize-pin-20261005/derived-data/Build/Intermediates.noindex/DaBin.build/Release/DaBin.build/Objects-normal/arm64/DaBin_const_extract_protocols.json -Xcc -iquote -Xcc /Users/roeylibfeld/Documents/KARI\ Creatives/DaBin/native/build/store-remove-organize-pin-20261005/derived-data/Build/Intermediates.noindex/DaBin.build/Release/DaBin.build/DaBin-generated-files.hmap -Xcc -I/Users/roeylibfeld/Documents/KARI\ Creatives/DaBin/native/build/store-remove-organize-pin-20261005/derived-data/Build/Intermediates.noindex/DaBin.build/Release/DaBin.build/DaBin-own-target-headers.hmap -Xcc -I/Users/roeylibfeld/Documents/KARI\ Creatives/DaBin/native/build/store-remove-organize-pin-20261005/derived-data/Build/Intermediates.noindex/DaBin.build/Release/DaBin.build/DaBin-all-target-headers.hmap -Xcc -iquote -Xcc /Users/roeylibfeld/Documents/KARI\ Creatives/DaBin/native/build/store-remove-organize-pin-20261005/derived-data/Build/Intermediates.noindex/DaBin.build/Release/DaBin.build/DaBin-project-headers.hmap -Xcc -I/Users/roeylibfeld/Documents/KARI\ Creatives/DaBin/native/build/store-remove-organize-pin-20261005/derived-data/Build/Products/Release/include -Xcc -I/Users/roeylibfeld/Documents/KARI\ Creatives/DaBin/native/build/store-remove-organize-pin-20261005/derived-data/Build/Intermediates.noindex/DaBin.build/Release/DaBin.build/DerivedSources-normal/arm64 -Xcc -I/Users/roeylibfeld/Documents/KARI\ Creatives/DaBin/native/build/store-remove-organize-pin-20261005/derived-data/Build/Intermediates.noindex/DaBin.build/Release/DaBin.build/DerivedSources/arm64 -Xcc -I/Users/roeylibfeld/Documents/KARI\ Creatives/DaBin/native/build/store-remove-organize-pin-20261005/derived-data/Build/Intermediates.noindex/DaBin.build/Release/DaBin.build/DerivedSources -emit-objc-header -emit-objc-header-path /Users/roeylibfeld/Documents/KARI\ Creatives/DaBin/native/build/store-remove-organize-pin-20261005/derived-data/Build/Intermediates.noindex/DaBin.build/Release/DaBin.build/Objects-normal/arm64/DaBin-Swift.h -working-directory /Users/roeylibfeld/Documents/KARI\ Creatives/DaBin/native -no-emit-module-separately-wmo

Copy /Users/roeylibfeld/Documents/KARI\ Creatives/DaBin/native/build/store-remove-organize-pin-20261005/derived-data/Build/Products/Release/DaBin.swiftmodule/arm64-apple-macos.swiftdoc /Users/roeylibfeld/Documents/KARI\ Creatives/DaBin/native/build/store-remove-organize-pin-20261005/derived-data/Build/Intermediates.noindex/DaBin.build/Release/DaBin.build/Objects-normal/arm64/DaBin.swiftdoc (in target 'DaBin' from project 'DaBin')
    cd /Users/roeylibfeld/Documents/KARI\ Creatives/DaBin/native
    builtin-copy -exclude .DS_Store -exclude CVS -exclude .svn -exclude .git -exclude .hg -strip-unsigned-binaries -strip-deterministic -strip-tool /Applications/Xcode.app/Contents/Developer/Toolchains/XcodeDefault.xctoolchain/usr/bin/strip -resolve-src-symlinks -rename /Users/roeylibfeld/Documents/KARI\ Creatives/DaBin/native/build/store-remove-organize-pin-20261005/derived-data/Build/Intermediates.noindex/DaBin.build/Release/DaBin.build/Objects-normal/arm64/DaBin.swiftdoc /Users/roeylibfeld/Documents/KARI\ Creatives/DaBin/native/build/store-remove-organize-pin-20261005/derived-data/Build/Products/Release/DaBin.swiftmodule/arm64-apple-macos.swiftdoc

SwiftMergeGeneratedHeaders /Users/roeylibfeld/Documents/KARI\ Creatives/DaBin/native/build/store-remove-organize-pin-20261005/derived-data/Build/Intermediates.noindex/DaBin.build/Release/DaBin.build/DerivedSources/DaBin-Swift.h /Users/roeylibfeld/Documents/KARI\ Creatives/DaBin/native/build/store-remove-organize-pin-20261005/derived-data/Build/Intermediates.noindex/DaBin.build/Release/DaBin.build/Objects-normal/arm64/DaBin-Swift.h (in target 'DaBin' from project 'DaBin')
    cd /Users/roeylibfeld/Documents/KARI\ Creatives/DaBin/native
    builtin-swiftHeaderTool -arch arm64 /Users/roeylibfeld/Documents/KARI\ Creatives/DaBin/native/build/store-remove-organize-pin-20261005/derived-data/Build/Intermediates.noindex/DaBin.build/Release/DaBin.build/Objects-normal/arm64/DaBin-Swift.h -o /Users/roeylibfeld/Documents/KARI\ Creatives/DaBin/native/build/store-remove-organize-pin-20261005/derived-data/Build/Intermediates.noindex/DaBin.build/Release/DaBin.build/DerivedSources/DaBin-Swift.h

Copy /Users/roeylibfeld/Documents/KARI\ Creatives/DaBin/native/build/store-remove-organize-pin-20261005/derived-data/Build/Products/Release/DaBin.swiftmodule/arm64-apple-macos.abi.json /Users/roeylibfeld/Documents/KARI\ Creatives/DaBin/native/build/store-remove-organize-pin-20261005/derived-data/Build/Intermediates.noindex/DaBin.build/Release/DaBin.build/Objects-normal/arm64/DaBin.abi.json (in target 'DaBin' from project 'DaBin')
    cd /Users/roeylibfeld/Documents/KARI\ Creatives/DaBin/native
    builtin-copy -exclude .DS_Store -exclude CVS -exclude .svn -exclude .git -exclude .hg -strip-unsigned-binaries -strip-deterministic -strip-tool /Applications/Xcode.app/Contents/Developer/Toolchains/XcodeDefault.xctoolchain/usr/bin/strip -resolve-src-symlinks -rename /Users/roeylibfeld/Documents/KARI\ Creatives/DaBin/native/build/store-remove-organize-pin-20261005/derived-data/Build/Intermediates.noindex/DaBin.build/Release/DaBin.build/Objects-normal/arm64/DaBin.abi.json /Users/roeylibfeld/Documents/KARI\ Creatives/DaBin/native/build/store-remove-organize-pin-20261005/derived-data/Build/Products/Release/DaBin.swiftmodule/arm64-apple-macos.abi.json

Copy /Users/roeylibfeld/Documents/KARI\ Creatives/DaBin/native/build/store-remove-organize-pin-20261005/derived-data/Build/Products/Release/DaBin.swiftmodule/arm64-apple-macos.swiftmodule /Users/roeylibfeld/Documents/KARI\ Creatives/DaBin/native/build/store-remove-organize-pin-20261005/derived-data/Build/Intermediates.noindex/DaBin.build/Release/DaBin.build/Objects-normal/arm64/DaBin.swiftmodule (in target 'DaBin' from project 'DaBin')
    cd /Users/roeylibfeld/Documents/KARI\ Creatives/DaBin/native
    builtin-copy -exclude .DS_Store -exclude CVS -exclude .svn -exclude .git -exclude .hg -strip-unsigned-binaries -strip-deterministic -strip-tool /Applications/Xcode.app/Contents/Developer/Toolchains/XcodeDefault.xctoolchain/usr/bin/strip -resolve-src-symlinks -rename /Users/roeylibfeld/Documents/KARI\ Creatives/DaBin/native/build/store-remove-organize-pin-20261005/derived-data/Build/Intermediates.noindex/DaBin.build/Release/DaBin.build/Objects-normal/arm64/DaBin.swiftmodule /Users/roeylibfeld/Documents/KARI\ Creatives/DaBin/native/build/store-remove-organize-pin-20261005/derived-data/Build/Products/Release/DaBin.swiftmodule/arm64-apple-macos.swiftmodule

Copy /Users/roeylibfeld/Documents/KARI\ Creatives/DaBin/native/build/store-remove-organize-pin-20261005/derived-data/Build/Products/Release/DaBin.swiftmodule/Project/arm64-apple-macos.swiftsourceinfo /Users/roeylibfeld/Documents/KARI\ Creatives/DaBin/native/build/store-remove-organize-pin-20261005/derived-data/Build/Intermediates.noindex/DaBin.build/Release/DaBin.build/Objects-normal/arm64/DaBin.swiftsourceinfo (in target 'DaBin' from project 'DaBin')
    cd /Users/roeylibfeld/Documents/KARI\ Creatives/DaBin/native
    builtin-copy -exclude .DS_Store -exclude CVS -exclude .svn -exclude .git -exclude .hg -strip-unsigned-binaries -strip-deterministic -strip-tool /Applications/Xcode.app/Contents/Developer/Toolchains/XcodeDefault.xctoolchain/usr/bin/strip -resolve-src-symlinks -rename /Users/roeylibfeld/Documents/KARI\ Creatives/DaBin/native/build/store-remove-organize-pin-20261005/derived-data/Build/Intermediates.noindex/DaBin.build/Release/DaBin.build/Objects-normal/arm64/DaBin.swiftsourceinfo /Users/roeylibfeld/Documents/KARI\ Creatives/DaBin/native/build/store-remove-organize-pin-20261005/derived-data/Build/Products/Release/DaBin.swiftmodule/Project/arm64-apple-macos.swiftsourceinfo

Ld /Users/roeylibfeld/Documents/KARI\ Creatives/DaBin/native/build/store-remove-organize-pin-20261005/derived-data/Build/Products/Release/DaBin.app/Contents/MacOS/DaBin normal (in target 'DaBin' from project 'DaBin')
    cd /Users/roeylibfeld/Documents/KARI\ Creatives/DaBin/native
    /Applications/Xcode.app/Contents/Developer/Toolchains/XcodeDefault.xctoolchain/usr/bin/clang -Xlinker -reproducible -target arm64-apple-macos14.0 -isysroot /Applications/Xcode.app/Contents/Developer/Platforms/MacOSX.platform/Developer/SDKs/MacOSX27.0.sdk -Os -Xlinker -no_warn_duplicate_libraries -L/Users/roeylibfeld/Documents/KARI\ Creatives/DaBin/native/build/store-remove-organize-pin-20261005/derived-data/Build/Intermediates.noindex/EagerLinkingTBDs/Release -L/Users/roeylibfeld/Documents/KARI\ Creatives/DaBin/native/build/store-remove-organize-pin-20261005/derived-data/Build/Products/Release -F/Users/roeylibfeld/Documents/KARI\ Creatives/DaBin/native/build/store-remove-organize-pin-20261005/derived-data/Build/Intermediates.noindex/EagerLinkingTBDs/Release -F/Users/roeylibfeld/Documents/KARI\ Creatives/DaBin/native/build/store-remove-organize-pin-20261005/derived-data/Build/Products/Release -filelist /Users/roeylibfeld/Documents/KARI\ Creatives/DaBin/native/build/store-remove-organize-pin-20261005/derived-data/Build/Intermediates.noindex/DaBin.build/Release/DaBin.build/Objects-normal/arm64/DaBin.LinkFileList -Xlinker -rpath -Xlinker /usr/lib/swift -Xlinker -object_path_lto -Xlinker /Users/roeylibfeld/Documents/KARI\ Creatives/DaBin/native/build/store-remove-organize-pin-20261005/derived-data/Build/Intermediates.noindex/DaBin.build/Release/DaBin.build/Objects-normal/arm64/DaBin_lto.o -Xlinker -dependency_info -Xlinker /Users/roeylibfeld/Documents/KARI\ Creatives/DaBin/native/build/store-remove-organize-pin-20261005/derived-data/Build/Intermediates.noindex/DaBin.build/Release/DaBin.build/Objects-normal/arm64/DaBin_dependency_info.dat -fobjc-link-runtime -L/Applications/Xcode.app/Contents/Developer/Toolchains/XcodeDefault.xctoolchain/usr/lib/swift/macosx -L/usr/lib/swift -Xlinker -add_ast_path -Xlinker /Users/roeylibfeld/Documents/KARI\ Creatives/DaBin/native/build/store-remove-organize-pin-20261005/derived-data/Build/Intermediates.noindex/DaBin.build/Release/DaBin.build/Objects-normal/arm64/DaBin.swiftmodule -o /Users/roeylibfeld/Documents/KARI\ Creatives/DaBin/native/build/store-remove-organize-pin-20261005/derived-data/Build/Products/Release/DaBin.app/Contents/MacOS/DaBin

CopySwiftLibs /Users/roeylibfeld/Documents/KARI\ Creatives/DaBin/native/build/store-remove-organize-pin-20261005/derived-data/Build/Products/Release/DaBin.app (in target 'DaBin' from project 'DaBin')
    cd /Users/roeylibfeld/Documents/KARI\ Creatives/DaBin/native
    builtin-swiftStdLibTool --copy --verbose --scan-executable /Users/roeylibfeld/Documents/KARI\ Creatives/DaBin/native/build/store-remove-organize-pin-20261005/derived-data/Build/Products/Release/DaBin.app/Contents/MacOS/DaBin --scan-folder /Users/roeylibfeld/Documents/KARI\ Creatives/DaBin/native/build/store-remove-organize-pin-20261005/derived-data/Build/Products/Release/DaBin.app/Contents/Frameworks --scan-folder /Users/roeylibfeld/Documents/KARI\ Creatives/DaBin/native/build/store-remove-organize-pin-20261005/derived-data/Build/Products/Release/DaBin.app/Contents/PlugIns --scan-folder /Users/roeylibfeld/Documents/KARI\ Creatives/DaBin/native/build/store-remove-organize-pin-20261005/derived-data/Build/Products/Release/DaBin.app/Contents/Library/SystemExtensions --scan-folder /Users/roeylibfeld/Documents/KARI\ Creatives/DaBin/native/build/store-remove-organize-pin-20261005/derived-data/Build/Products/Release/DaBin.app/Contents/Extensions --platform macosx --toolchain /Applications/Xcode.app/Contents/Developer/Toolchains/XcodeDefault.xctoolchain --destination /Users/roeylibfeld/Documents/KARI\ Creatives/DaBin/native/build/store-remove-organize-pin-20261005/derived-data/Build/Products/Release/DaBin.app/Contents/Frameworks --strip-bitcode --strip-bitcode-tool /Applications/Xcode.app/Contents/Developer/Toolchains/XcodeDefault.xctoolchain/usr/bin/bitcode_strip --emit-dependency-info /Users/roeylibfeld/Documents/KARI\ Creatives/DaBin/native/build/store-remove-organize-pin-20261005/derived-data/Build/Intermediates.noindex/DaBin.build/Release/DaBin.build/SwiftStdLibToolInputDependencies.dep --filter-for-swift-os --back-deploy-swift-span
Ignoring --strip-bitcode because --sign was not passed

ExtractAppIntentsMetadata (in target 'DaBin' from project 'DaBin')
    cd /Users/roeylibfeld/Documents/KARI\ Creatives/DaBin/native
    /Applications/Xcode.app/Contents/Developer/Toolchains/XcodeDefault.xctoolchain/usr/bin/appintentsmetadataprocessor --toolchain-dir /Applications/Xcode.app/Contents/Developer/Toolchains/XcodeDefault.xctoolchain --module-name DaBin --sdk-root /Applications/Xcode.app/Contents/Developer/Platforms/MacOSX.platform/Developer/SDKs/MacOSX27.0.sdk --xcode-version 27A266a --platform-family macOS --deployment-target 14.0 --bundle-identifier com.dabin.mac --output /Users/roeylibfeld/Documents/KARI\ Creatives/DaBin/native/build/store-remove-organize-pin-20261005/derived-data/Build/Products/Release/DaBin.app/Contents/Resources --target-triple arm64-apple-macos14.0 --binary-file /Users/roeylibfeld/Documents/KARI\ Creatives/DaBin/native/build/store-remove-organize-pin-20261005/derived-data/Build/Products/Release/DaBin.app/Contents/MacOS/DaBin --dependency-file /Users/roeylibfeld/Documents/KARI\ Creatives/DaBin/native/build/store-remove-organize-pin-20261005/derived-data/Build/Intermediates.noindex/DaBin.build/Release/DaBin.build/Objects-normal/arm64/DaBin_dependency_info.dat --stringsdata-file /Users/roeylibfeld/Documents/KARI\ Creatives/DaBin/native/build/store-remove-organize-pin-20261005/derived-data/Build/Intermediates.noindex/DaBin.build/Release/DaBin.build/Objects-normal/arm64/ExtractedAppShortcutsMetadata.stringsdata --source-file-list /Users/roeylibfeld/Documents/KARI\ Creatives/DaBin/native/build/store-remove-organize-pin-20261005/derived-data/Build/Intermediates.noindex/DaBin.build/Release/DaBin.build/Objects-normal/arm64/DaBin.SwiftFileList --metadata-file-list /Users/roeylibfeld/Documents/KARI\ Creatives/DaBin/native/build/store-remove-organize-pin-20261005/derived-data/Build/Intermediates.noindex/DaBin.build/Release/DaBin.build/DaBin.DependencyMetadataFileList --static-metadata-file-list /Users/roeylibfeld/Documents/KARI\ Creatives/DaBin/native/build/store-remove-organize-pin-20261005/derived-data/Build/Intermediates.noindex/DaBin.build/Release/DaBin.build/DaBin.DependencyStaticMetadataFileList --swift-const-vals-list /Users/roeylibfeld/Documents/KARI\ Creatives/DaBin/native/build/store-remove-organize-pin-20261005/derived-data/Build/Intermediates.noindex/DaBin.build/Release/DaBin.build/Objects-normal/arm64/DaBin.SwiftConstValuesFileList --compile-time-extraction --deployment-aware-processing --no-app-shortcuts-localization
2026-10-05 18:53:10.097 appintentsmetadataprocessor[93829:28419613] Starting appintentsmetadataprocessor export
2026-10-05 18:53:10.099 appintentsmetadataprocessor[93829:28419613] warning: Metadata extraction skipped, no AppIntents.framework dependency found

GenerateDSYMFile /Users/roeylibfeld/Documents/KARI\ Creatives/DaBin/native/build/store-remove-organize-pin-20261005/derived-data/Build/Products/Release/DaBin.app.dSYM /Users/roeylibfeld/Documents/KARI\ Creatives/DaBin/native/build/store-remove-organize-pin-20261005/derived-data/Build/Products/Release/DaBin.app/Contents/MacOS/DaBin (in target 'DaBin' from project 'DaBin')
    cd /Users/roeylibfeld/Documents/KARI\ Creatives/DaBin/native
    export PATH\=/Applications/Xcode.app/Contents/SharedFrameworks/SwiftBuild.framework/Versions/A/PlugIns/SWBBuildService.bundle/Contents/PlugIns/SWBUniversalPlatformPlugin.bundle/Contents/Frameworks/SWBUniversalPlatform.framework/Resources:/Applications/Xcode.app/Contents/Developer/Toolchains/XcodeDefault.xctoolchain/usr/bin:/Applications/Xcode.app/Contents/Developer/Toolchains/XcodeDefault.xctoolchain/usr/local/bin:/Applications/Xcode.app/Contents/Developer/Toolchains/XcodeDefault.xctoolchain/usr/libexec:/Applications/Xcode.app/Contents/Developer/Platforms/MacOSX.platform/usr/bin:/Applications/Xcode.app/Contents/Developer/Platforms/MacOSX.platform/usr/local/bin:/Applications/Xcode.app/Contents/Developer/Platforms/MacOSX.platform/Developer/usr/bin:/Applications/Xcode.app/Contents/Developer/Platforms/MacOSX.platform/Developer/usr/local/bin:/Applications/Xcode.app/Contents/Developer/usr/bin:/Applications/Xcode.app/Contents/Developer/usr/local/bin:/Users/roeylibfeld/.local/bin:/opt/homebrew/bin:/opt/homebrew/sbin:/usr/local/bin:/System/Cryptexes/App/usr/bin:/usr/bin:/bin:/usr/sbin:/sbin:/var/run/com.apple.security.cryptexd/codex.system/bootstrap/usr/local/bin:/var/run/com.apple.security.cryptexd/codex.system/bootstrap/usr/bin:/var/run/com.apple.security.cryptexd/codex.system/bootstrap/usr/appleinternal/bin:/pkg/env/global/bin:/Library/Apple/usr/bin:/Applications/ChatGPT.app/Contents/Resources/codex-cli/codex-path:/Users/roeylibfeld/.codex/tmp/arg0/codex-arg0EwsPZK:/Users/roeylibfeld/.cache/codex-runtimes/codex-primary-runtime/dependencies/bin/override:/Users/roeylibfeld/.cache/codex-runtimes/codex-primary-runtime/dependencies/bin/fallback:/Applications/ChatGPT.app/Contents/Resources:/Applications/ChatGPT.app/Contents/Resources/codex-cli/CodexCLI.app/Contents/MacOS
    /Applications/Xcode.app/Contents/Developer/Toolchains/XcodeDefault.xctoolchain/usr/bin/dsymutil /Users/roeylibfeld/Documents/KARI\ Creatives/DaBin/native/build/store-remove-organize-pin-20261005/derived-data/Build/Products/Release/DaBin.app/Contents/MacOS/DaBin -o /Users/roeylibfeld/Documents/KARI\ Creatives/DaBin/native/build/store-remove-organize-pin-20261005/derived-data/Build/Products/Release/DaBin.app.dSYM

RegisterExecutionPolicyException /Users/roeylibfeld/Documents/KARI\ Creatives/DaBin/native/build/store-remove-organize-pin-20261005/derived-data/Build/Products/Release/DaBin.app (in target 'DaBin' from project 'DaBin')
    cd /Users/roeylibfeld/Documents/KARI\ Creatives/DaBin/native
    builtin-RegisterExecutionPolicyException /Users/roeylibfeld/Documents/KARI\ Creatives/DaBin/native/build/store-remove-organize-pin-20261005/derived-data/Build/Products/Release/DaBin.app

Validate /Users/roeylibfeld/Documents/KARI\ Creatives/DaBin/native/build/store-remove-organize-pin-20261005/derived-data/Build/Products/Release/DaBin.app (in target 'DaBin' from project 'DaBin')
    cd /Users/roeylibfeld/Documents/KARI\ Creatives/DaBin/native
    builtin-validationUtility /Users/roeylibfeld/Documents/KARI\ Creatives/DaBin/native/build/store-remove-organize-pin-20261005/derived-data/Build/Products/Release/DaBin.app -no-validate-extension -infoplist-subpath Contents/Info.plist

Touch /Users/roeylibfeld/Documents/KARI\ Creatives/DaBin/native/build/store-remove-organize-pin-20261005/derived-data/Build/Products/Release/DaBin.app (in target 'DaBin' from project 'DaBin')
    cd /Users/roeylibfeld/Documents/KARI\ Creatives/DaBin/native
    /usr/bin/touch -c /Users/roeylibfeld/Documents/KARI\ Creatives/DaBin/native/build/store-remove-organize-pin-20261005/derived-data/Build/Products/Release/DaBin.app

RegisterWithLaunchServices /Users/roeylibfeld/Documents/KARI\ Creatives/DaBin/native/build/store-remove-organize-pin-20261005/derived-data/Build/Products/Release/DaBin.app (in target 'DaBin' from project 'DaBin')
    cd /Users/roeylibfeld/Documents/KARI\ Creatives/DaBin/native
    builtin-lsregisterurl --record-path /Users/roeylibfeld/Documents/KARI\ Creatives/DaBin/native/build/store-remove-organize-pin-20261005/derived-data/Build/Intermediates.noindex/XCBuildData/registered-launchservices.txt -- /System/Library/Frameworks/CoreServices.framework/Versions/Current/Frameworks/LaunchServices.framework/Versions/Current/Support/lsregister -f -R -trusted /Users/roeylibfeld/Documents/KARI\ Creatives/DaBin/native/build/store-remove-organize-pin-20261005/derived-data/Build/Products/Release/DaBin.app

PruneExplicitPrecompiledModules /Users/roeylibfeld/Documents/KARI Creatives/DaBin/native/build/store-remove-organize-pin-20261005/derived-data/Build/Intermediates.noindex/ExplicitPrecompiledModules

PruneExplicitPrecompiledModules /Users/roeylibfeld/Documents/KARI Creatives/DaBin/native/build/store-remove-organize-pin-20261005/derived-data/SDKExplicitPrecompiledModules

PruneExplicitPrecompiledModules /Users/roeylibfeld/Documents/KARI Creatives/DaBin/native/build/store-remove-organize-pin-20261005/derived-data/Build/Intermediates.noindex/SwiftExplicitPrecompiledModules

** BUILD SUCCEEDED **

