Command line invocation:
    /Applications/Xcode.app/Contents/Developer/usr/bin/xcodebuild -project DaBin.xcodeproj -scheme DaBin -configuration Debug -destination platform=macOS,arch=arm64 -derivedDataPath /private/tmp/dabin-xcode-full-qa-20261004 -resultBundlePath /private/tmp/dabin-navigation-qa-20261004-1227.xcresult -disableAutomaticPackageResolution test

Writing result bundle at path:
	/private/tmp/dabin-navigation-qa-20261004-1227.xcresult

ComputePackagePrebuildTargetDependencyGraph

Prepare packages

CreateBuildRequest

SendProjectDescription

CreateBuildOperation

ComputeTargetDependencyGraph
note: Building targets in dependency order
note: Target dependency graph (2 targets)
    Target 'DaBinTests' in project 'DaBin'
        ➜ Explicit dependency on target 'DaBin' in project 'DaBin'
    Target 'DaBin' in project 'DaBin' (no dependencies)

GatherProvisioningInputs

CreateBuildDescription

ExecuteExternalTool /Applications/Xcode.app/Contents/Developer/Toolchains/XcodeDefault.xctoolchain/usr/bin/clang -v -E -dM -isysroot /Applications/Xcode.app/Contents/Developer/Platforms/MacOSX.platform/Developer/SDKs/MacOSX27.0.sdk -x c -c /dev/null

ExecuteExternalTool /Applications/Xcode.app/Contents/Developer/Toolchains/XcodeDefault.xctoolchain/usr/bin/swiftc --version

ExecuteExternalTool /Applications/Xcode.app/Contents/Developer/Toolchains/XcodeDefault.xctoolchain/usr/bin/ld -version_details

Build description signature: 620822d7104e3291dfe55c0215f85bb0
Build description path: /tmp/dabin-xcode-full-qa-20261004/Build/Intermediates.noindex/XCBuildData/620822d7104e3291dfe55c0215f85bb0.xcbuilddata
ClangStatCache /Applications/Xcode.app/Contents/Developer/Toolchains/XcodeDefault.xctoolchain/usr/bin/clang-stat-cache /Applications/Xcode.app/Contents/Developer/Platforms/MacOSX.platform/Developer/SDKs/MacOSX27.0.sdk /tmp/dabin-xcode-full-qa-20261004/SDKStatCaches.noindex/macosx27.0-26A425-7231f6df4def33e022ae2eb8f782df1a.sdkstatcache
    cd /Users/roeylibfeld/Documents/KARI\ Creatives/DaBin/native/DaBin.xcodeproj
    /Applications/Xcode.app/Contents/Developer/Toolchains/XcodeDefault.xctoolchain/usr/bin/clang-stat-cache /Applications/Xcode.app/Contents/Developer/Platforms/MacOSX.platform/Developer/SDKs/MacOSX27.0.sdk -o /tmp/dabin-xcode-full-qa-20261004/SDKStatCaches.noindex/macosx27.0-26A425-7231f6df4def33e022ae2eb8f782df1a.sdkstatcache

WriteAuxiliaryFile /tmp/dabin-xcode-full-qa-20261004/Build/Intermediates.noindex/DaBin.build/Debug/DaBin.build/Objects-normal/arm64/DaBin.LinkFileList (in target 'DaBin' from project 'DaBin')
    cd /Users/roeylibfeld/Documents/KARI\ Creatives/DaBin/native
    write-file /tmp/dabin-xcode-full-qa-20261004/Build/Intermediates.noindex/DaBin.build/Debug/DaBin.build/Objects-normal/arm64/DaBin.LinkFileList

WriteAuxiliaryFile /tmp/dabin-xcode-full-qa-20261004/Build/Intermediates.noindex/DaBin.build/Debug/DaBin.build/Objects-normal/arm64/DaBin.SwiftConstValuesFileList (in target 'DaBin' from project 'DaBin')
    cd /Users/roeylibfeld/Documents/KARI\ Creatives/DaBin/native
    write-file /tmp/dabin-xcode-full-qa-20261004/Build/Intermediates.noindex/DaBin.build/Debug/DaBin.build/Objects-normal/arm64/DaBin.SwiftConstValuesFileList

WriteAuxiliaryFile /tmp/dabin-xcode-full-qa-20261004/Build/Intermediates.noindex/DaBin.build/Debug/DaBin.build/Objects-normal/arm64/DaBin.SwiftFileList (in target 'DaBin' from project 'DaBin')
    cd /Users/roeylibfeld/Documents/KARI\ Creatives/DaBin/native
    write-file /tmp/dabin-xcode-full-qa-20261004/Build/Intermediates.noindex/DaBin.build/Debug/DaBin.build/Objects-normal/arm64/DaBin.SwiftFileList

WriteAuxiliaryFile /tmp/dabin-xcode-full-qa-20261004/Build/Intermediates.noindex/DaBin.build/Debug/DaBin.build/Objects-normal/arm64/DaBin-OutputFileMap.json (in target 'DaBin' from project 'DaBin')
    cd /Users/roeylibfeld/Documents/KARI\ Creatives/DaBin/native
    write-file /tmp/dabin-xcode-full-qa-20261004/Build/Intermediates.noindex/DaBin.build/Debug/DaBin.build/Objects-normal/arm64/DaBin-OutputFileMap.json

ProcessProductPackaging /Users/roeylibfeld/Documents/KARI\ Creatives/DaBin/native/Resources/DaBin.entitlements /tmp/dabin-xcode-full-qa-20261004/Build/Intermediates.noindex/DaBin.build/Debug/DaBin.build/DaBin.app.xcent (in target 'DaBin' from project 'DaBin')
    cd /Users/roeylibfeld/Documents/KARI\ Creatives/DaBin/native
    
    Entitlements:
    
    {
    "com.apple.security.app-sandbox" = 1;
    "com.apple.security.files.bookmarks.app-scope" = 1;
    "com.apple.security.files.user-selected.read-write" = 1;
    "com.apple.security.get-task-allow" = 1;
    "com.apple.security.network.client" = 1;
}
    
    builtin-productPackagingUtility /Users/roeylibfeld/Documents/KARI\ Creatives/DaBin/native/Resources/DaBin.entitlements -entitlements -format xml -o /tmp/dabin-xcode-full-qa-20261004/Build/Intermediates.noindex/DaBin.build/Debug/DaBin.build/DaBin.app.xcent

ProcessProductPackagingDER /tmp/dabin-xcode-full-qa-20261004/Build/Intermediates.noindex/DaBin.build/Debug/DaBin.build/DaBin.app.xcent /tmp/dabin-xcode-full-qa-20261004/Build/Intermediates.noindex/DaBin.build/Debug/DaBin.build/DaBin.app.xcent.der (in target 'DaBin' from project 'DaBin')
    cd /Users/roeylibfeld/Documents/KARI\ Creatives/DaBin/native
    /usr/bin/derq query -f xml -i /tmp/dabin-xcode-full-qa-20261004/Build/Intermediates.noindex/DaBin.build/Debug/DaBin.build/DaBin.app.xcent -o /tmp/dabin-xcode-full-qa-20261004/Build/Intermediates.noindex/DaBin.build/Debug/DaBin.build/DaBin.app.xcent.der --raw

CpResource /tmp/dabin-xcode-full-qa-20261004/Build/Products/Debug/DaBin.app/Contents/Resources/PrivacyPolicy.md /Users/roeylibfeld/Documents/KARI\ Creatives/DaBin/native/Resources/PrivacyPolicy.md (in target 'DaBin' from project 'DaBin')
    cd /Users/roeylibfeld/Documents/KARI\ Creatives/DaBin/native
    builtin-copy -exclude .DS_Store -exclude CVS -exclude .svn -exclude .git -exclude .hg -strip-unsigned-binaries -strip-deterministic -strip-tool /Applications/Xcode.app/Contents/Developer/Toolchains/XcodeDefault.xctoolchain/usr/bin/strip -resolve-src-symlinks /Users/roeylibfeld/Documents/KARI\ Creatives/DaBin/native/Resources/PrivacyPolicy.md /tmp/dabin-xcode-full-qa-20261004/Build/Products/Debug/DaBin.app/Contents/Resources

CpResource /tmp/dabin-xcode-full-qa-20261004/Build/Products/Debug/DaBin.app/Contents/Resources/robot.svg /Users/roeylibfeld/Documents/KARI\ Creatives/DaBin/native/Resources/robot.svg (in target 'DaBin' from project 'DaBin')
    cd /Users/roeylibfeld/Documents/KARI\ Creatives/DaBin/native
    builtin-copy -exclude .DS_Store -exclude CVS -exclude .svn -exclude .git -exclude .hg -strip-unsigned-binaries -strip-deterministic -strip-tool /Applications/Xcode.app/Contents/Developer/Toolchains/XcodeDefault.xctoolchain/usr/bin/strip -resolve-src-symlinks /Users/roeylibfeld/Documents/KARI\ Creatives/DaBin/native/Resources/robot.svg /tmp/dabin-xcode-full-qa-20261004/Build/Products/Debug/DaBin.app/Contents/Resources

CpResource /tmp/dabin-xcode-full-qa-20261004/Build/Products/Debug/DaBin.app/Contents/Resources/PrivacyInfo.xcprivacy /Users/roeylibfeld/Documents/KARI\ Creatives/DaBin/native/Resources/PrivacyInfo.xcprivacy (in target 'DaBin' from project 'DaBin')
    cd /Users/roeylibfeld/Documents/KARI\ Creatives/DaBin/native
    builtin-copy -exclude .DS_Store -exclude CVS -exclude .svn -exclude .git -exclude .hg -strip-unsigned-binaries -strip-deterministic -strip-tool /Applications/Xcode.app/Contents/Developer/Toolchains/XcodeDefault.xctoolchain/usr/bin/strip -resolve-src-symlinks /Users/roeylibfeld/Documents/KARI\ Creatives/DaBin/native/Resources/PrivacyInfo.xcprivacy /tmp/dabin-xcode-full-qa-20261004/Build/Products/Debug/DaBin.app/Contents/Resources

CpResource /tmp/dabin-xcode-full-qa-20261004/Build/Products/Debug/DaBin.app/Contents/Resources/AppIcon.icns /Users/roeylibfeld/Documents/KARI\ Creatives/DaBin/native/Resources/AppIcon.icns (in target 'DaBin' from project 'DaBin')
    cd /Users/roeylibfeld/Documents/KARI\ Creatives/DaBin/native
    builtin-copy -exclude .DS_Store -exclude CVS -exclude .svn -exclude .git -exclude .hg -strip-unsigned-binaries -strip-deterministic -strip-tool /Applications/Xcode.app/Contents/Developer/Toolchains/XcodeDefault.xctoolchain/usr/bin/strip -resolve-src-symlinks /Users/roeylibfeld/Documents/KARI\ Creatives/DaBin/native/Resources/AppIcon.icns /tmp/dabin-xcode-full-qa-20261004/Build/Products/Debug/DaBin.app/Contents/Resources

SwiftDriver DaBin normal arm64 com.apple.xcode.tools.swift.compiler (in target 'DaBin' from project 'DaBin')
    cd /Users/roeylibfeld/Documents/KARI\ Creatives/DaBin/native
    builtin-SwiftDriver -- /Applications/Xcode.app/Contents/Developer/Toolchains/XcodeDefault.xctoolchain/usr/bin/swiftc -module-name DaBin -Onone @/tmp/dabin-xcode-full-qa-20261004/Build/Intermediates.noindex/DaBin.build/Debug/DaBin.build/Objects-normal/arm64/DaBin.SwiftFileList -DDEBUG -enable-bare-slash-regex -enable-experimental-feature DebugDescriptionMacro -sdk /Applications/Xcode.app/Contents/Developer/Platforms/MacOSX.platform/Developer/SDKs/MacOSX27.0.sdk -target arm64-apple-macos14.0 -g -module-cache-path /tmp/dabin-xcode-full-qa-20261004/ModuleCache.noindex -Xfrontend -serialize-debugging-options -enable-testing -warnings-as-errors -index-store-path /tmp/dabin-xcode-full-qa-20261004/Index.noindex/DataStore -swift-version 5 -I /tmp/dabin-xcode-full-qa-20261004/Build/Products/Debug -F /tmp/dabin-xcode-full-qa-20261004/Build/Products/Debug -c -j15 -enable-batch-mode -incremental -Xcc -ivfsstatcache -Xcc /tmp/dabin-xcode-full-qa-20261004/SDKStatCaches.noindex/macosx27.0-26A425-7231f6df4def33e022ae2eb8f782df1a.sdkstatcache -output-file-map /tmp/dabin-xcode-full-qa-20261004/Build/Intermediates.noindex/DaBin.build/Debug/DaBin.build/Objects-normal/arm64/DaBin-OutputFileMap.json -save-temps -no-color-diagnostics -explicit-module-build -module-cache-path /tmp/dabin-xcode-full-qa-20261004/Build/Intermediates.noindex/SwiftExplicitPrecompiledModules -clang-scanner-module-cache-path /tmp/dabin-xcode-full-qa-20261004/ModuleCache.noindex -sdk-module-cache-path /tmp/dabin-xcode-full-qa-20261004/SDKExplicitPrecompiledModules -emit-dependencies -emit-module -emit-module-path /tmp/dabin-xcode-full-qa-20261004/Build/Intermediates.noindex/DaBin.build/Debug/DaBin.build/Objects-normal/arm64/DaBin.swiftmodule -serialize-diagnostics -dependency-scan-serialize-diagnostics-path /tmp/dabin-xcode-full-qa-20261004/Build/Intermediates.noindex/DaBin.build/Debug/DaBin.build/Objects-normal/arm64/DaBin-dependency-scan.dia -validate-clang-modules-once -clang-build-session-file /tmp/dabin-xcode-full-qa-20261004/ModuleCache.noindex/Session.modulevalidation -Xcc -fmodules-prune-interval\=86400 -Xcc -fmodules-prune-after\=345600 -emit-const-values -const-gather-protocols-list /tmp/dabin-xcode-full-qa-20261004/Build/Intermediates.noindex/DaBin.build/Debug/DaBin.build/Objects-normal/arm64/DaBin_const_extract_protocols.json -Xcc -iquote -Xcc /tmp/dabin-xcode-full-qa-20261004/Build/Intermediates.noindex/DaBin.build/Debug/DaBin.build/DaBin-generated-files.hmap -Xcc -I/tmp/dabin-xcode-full-qa-20261004/Build/Intermediates.noindex/DaBin.build/Debug/DaBin.build/DaBin-own-target-headers.hmap -Xcc -I/tmp/dabin-xcode-full-qa-20261004/Build/Intermediates.noindex/DaBin.build/Debug/DaBin.build/DaBin-all-target-headers.hmap -Xcc -iquote -Xcc /tmp/dabin-xcode-full-qa-20261004/Build/Intermediates.noindex/DaBin.build/Debug/DaBin.build/DaBin-project-headers.hmap -Xcc -I/tmp/dabin-xcode-full-qa-20261004/Build/Products/Debug/include -Xcc -I/tmp/dabin-xcode-full-qa-20261004/Build/Intermediates.noindex/DaBin.build/Debug/DaBin.build/DerivedSources-normal/arm64 -Xcc -I/tmp/dabin-xcode-full-qa-20261004/Build/Intermediates.noindex/DaBin.build/Debug/DaBin.build/DerivedSources/arm64 -Xcc -I/tmp/dabin-xcode-full-qa-20261004/Build/Intermediates.noindex/DaBin.build/Debug/DaBin.build/DerivedSources -emit-objc-header -emit-objc-header-path /tmp/dabin-xcode-full-qa-20261004/Build/Intermediates.noindex/DaBin.build/Debug/DaBin.build/Objects-normal/arm64/DaBin-Swift.h -working-directory /Users/roeylibfeld/Documents/KARI\ Creatives/DaBin/native -experimental-emit-module-separately -disable-cmo

SwiftExplicitDependencyGeneratePcm arm64 /tmp/dabin-xcode-full-qa-20261004/SDKExplicitPrecompiledModules/QuickLook-6F3SP8IEJRXP7XK1YRNH21I9A.pcm

SwiftExplicitDependencyGeneratePcm arm64 /tmp/dabin-xcode-full-qa-20261004/SDKExplicitPrecompiledModules/QuickLookUI-7UYSZIM1UXDKDXIVS7JINL1ML.pcm

SwiftCompile normal arm64 Compiling\ RobotCharacterView.swift,\ RobotLifecycle.swift,\ RobotMotion.swift,\ RobotPlacementSettings.swift,\ RobotProjectSignView.swift,\ RobotView.swift,\ ScratchpadView.swift,\ ScreenshotFolderMonitor.swift,\ SearchColumnViewport.swift /Users/roeylibfeld/Documents/KARI\ Creatives/DaBin/native/Sources/DaBin/RobotCharacterView.swift /Users/roeylibfeld/Documents/KARI\ Creatives/DaBin/native/Sources/DaBin/RobotLifecycle.swift /Users/roeylibfeld/Documents/KARI\ Creatives/DaBin/native/Sources/DaBin/RobotMotion.swift /Users/roeylibfeld/Documents/KARI\ Creatives/DaBin/native/Sources/DaBin/RobotPlacementSettings.swift /Users/roeylibfeld/Documents/KARI\ Creatives/DaBin/native/Sources/DaBin/RobotProjectSignView.swift /Users/roeylibfeld/Documents/KARI\ Creatives/DaBin/native/Sources/DaBin/RobotView.swift /Users/roeylibfeld/Documents/KARI\ Creatives/DaBin/native/Sources/DaBin/ScratchpadView.swift /Users/roeylibfeld/Documents/KARI\ Creatives/DaBin/native/Sources/DaBin/ScreenshotFolderMonitor.swift /Users/roeylibfeld/Documents/KARI\ Creatives/DaBin/native/Sources/DaBin/SearchColumnViewport.swift (in target 'DaBin' from project 'DaBin')

SwiftCompile normal arm64 /Users/roeylibfeld/Documents/KARI\ Creatives/DaBin/native/Sources/DaBin/RobotCharacterView.swift (in target 'DaBin' from project 'DaBin')
    cd /Users/roeylibfeld/Documents/KARI\ Creatives/DaBin/native
    builtin-SwiftPerFileCompile RobotCharacterView.swift

SwiftCompile normal arm64 /Users/roeylibfeld/Documents/KARI\ Creatives/DaBin/native/Sources/DaBin/RobotLifecycle.swift (in target 'DaBin' from project 'DaBin')
    cd /Users/roeylibfeld/Documents/KARI\ Creatives/DaBin/native
    builtin-SwiftPerFileCompile RobotLifecycle.swift

SwiftCompile normal arm64 /Users/roeylibfeld/Documents/KARI\ Creatives/DaBin/native/Sources/DaBin/RobotMotion.swift (in target 'DaBin' from project 'DaBin')
    cd /Users/roeylibfeld/Documents/KARI\ Creatives/DaBin/native
    builtin-SwiftPerFileCompile RobotMotion.swift

SwiftCompile normal arm64 /Users/roeylibfeld/Documents/KARI\ Creatives/DaBin/native/Sources/DaBin/RobotPlacementSettings.swift (in target 'DaBin' from project 'DaBin')
    cd /Users/roeylibfeld/Documents/KARI\ Creatives/DaBin/native
    builtin-SwiftPerFileCompile RobotPlacementSettings.swift

SwiftCompile normal arm64 /Users/roeylibfeld/Documents/KARI\ Creatives/DaBin/native/Sources/DaBin/RobotProjectSignView.swift (in target 'DaBin' from project 'DaBin')
    cd /Users/roeylibfeld/Documents/KARI\ Creatives/DaBin/native
    builtin-SwiftPerFileCompile RobotProjectSignView.swift

SwiftCompile normal arm64 /Users/roeylibfeld/Documents/KARI\ Creatives/DaBin/native/Sources/DaBin/RobotView.swift (in target 'DaBin' from project 'DaBin')
    cd /Users/roeylibfeld/Documents/KARI\ Creatives/DaBin/native
    builtin-SwiftPerFileCompile RobotView.swift

SwiftCompile normal arm64 /Users/roeylibfeld/Documents/KARI\ Creatives/DaBin/native/Sources/DaBin/ScratchpadView.swift (in target 'DaBin' from project 'DaBin')
    cd /Users/roeylibfeld/Documents/KARI\ Creatives/DaBin/native
    builtin-SwiftPerFileCompile ScratchpadView.swift

SwiftCompile normal arm64 /Users/roeylibfeld/Documents/KARI\ Creatives/DaBin/native/Sources/DaBin/ScreenshotFolderMonitor.swift (in target 'DaBin' from project 'DaBin')
    cd /Users/roeylibfeld/Documents/KARI\ Creatives/DaBin/native
    builtin-SwiftPerFileCompile ScreenshotFolderMonitor.swift

SwiftCompile normal arm64 /Users/roeylibfeld/Documents/KARI\ Creatives/DaBin/native/Sources/DaBin/SearchColumnViewport.swift (in target 'DaBin' from project 'DaBin')
    cd /Users/roeylibfeld/Documents/KARI\ Creatives/DaBin/native
    builtin-SwiftPerFileCompile SearchColumnViewport.swift

SwiftCompile normal arm64 Compiling\ TimelineCalendarPicker.swift,\ TodayPlanningScreen.swift,\ TodayTaskCard.swift,\ TransientMessagePresentation.swift,\ TrashScreen.swift,\ UpdateHandoff.swift,\ WeeklyDateSelection.swift,\ WeeklyScopeActions.swift,\ WeeklyScreen.swift /Users/roeylibfeld/Documents/KARI\ Creatives/DaBin/native/Sources/DaBin/TimelineCalendarPicker.swift /Users/roeylibfeld/Documents/KARI\ Creatives/DaBin/native/Sources/DaBin/TodayPlanningScreen.swift /Users/roeylibfeld/Documents/KARI\ Creatives/DaBin/native/Sources/DaBin/TodayTaskCard.swift /Users/roeylibfeld/Documents/KARI\ Creatives/DaBin/native/Sources/DaBin/TransientMessagePresentation.swift /Users/roeylibfeld/Documents/KARI\ Creatives/DaBin/native/Sources/DaBin/TrashScreen.swift /Users/roeylibfeld/Documents/KARI\ Creatives/DaBin/native/Sources/DaBin/UpdateHandoff.swift /Users/roeylibfeld/Documents/KARI\ Creatives/DaBin/native/Sources/DaBin/WeeklyDateSelection.swift /Users/roeylibfeld/Documents/KARI\ Creatives/DaBin/native/Sources/DaBin/WeeklyScopeActions.swift /Users/roeylibfeld/Documents/KARI\ Creatives/DaBin/native/Sources/DaBin/WeeklyScreen.swift (in target 'DaBin' from project 'DaBin')

SwiftCompile normal arm64 /Users/roeylibfeld/Documents/KARI\ Creatives/DaBin/native/Sources/DaBin/TimelineCalendarPicker.swift (in target 'DaBin' from project 'DaBin')
    cd /Users/roeylibfeld/Documents/KARI\ Creatives/DaBin/native
    builtin-SwiftPerFileCompile TimelineCalendarPicker.swift

SwiftCompile normal arm64 /Users/roeylibfeld/Documents/KARI\ Creatives/DaBin/native/Sources/DaBin/TodayPlanningScreen.swift (in target 'DaBin' from project 'DaBin')
    cd /Users/roeylibfeld/Documents/KARI\ Creatives/DaBin/native
    builtin-SwiftPerFileCompile TodayPlanningScreen.swift

SwiftCompile normal arm64 /Users/roeylibfeld/Documents/KARI\ Creatives/DaBin/native/Sources/DaBin/TodayTaskCard.swift (in target 'DaBin' from project 'DaBin')
    cd /Users/roeylibfeld/Documents/KARI\ Creatives/DaBin/native
    builtin-SwiftPerFileCompile TodayTaskCard.swift

SwiftCompile normal arm64 /Users/roeylibfeld/Documents/KARI\ Creatives/DaBin/native/Sources/DaBin/TransientMessagePresentation.swift (in target 'DaBin' from project 'DaBin')
    cd /Users/roeylibfeld/Documents/KARI\ Creatives/DaBin/native
    builtin-SwiftPerFileCompile TransientMessagePresentation.swift

SwiftCompile normal arm64 /Users/roeylibfeld/Documents/KARI\ Creatives/DaBin/native/Sources/DaBin/TrashScreen.swift (in target 'DaBin' from project 'DaBin')
    cd /Users/roeylibfeld/Documents/KARI\ Creatives/DaBin/native
    builtin-SwiftPerFileCompile TrashScreen.swift

SwiftCompile normal arm64 /Users/roeylibfeld/Documents/KARI\ Creatives/DaBin/native/Sources/DaBin/UpdateHandoff.swift (in target 'DaBin' from project 'DaBin')
    cd /Users/roeylibfeld/Documents/KARI\ Creatives/DaBin/native
    builtin-SwiftPerFileCompile UpdateHandoff.swift

SwiftCompile normal arm64 /Users/roeylibfeld/Documents/KARI\ Creatives/DaBin/native/Sources/DaBin/WeeklyDateSelection.swift (in target 'DaBin' from project 'DaBin')
    cd /Users/roeylibfeld/Documents/KARI\ Creatives/DaBin/native
    builtin-SwiftPerFileCompile WeeklyDateSelection.swift

SwiftCompile normal arm64 /Users/roeylibfeld/Documents/KARI\ Creatives/DaBin/native/Sources/DaBin/WeeklyScopeActions.swift (in target 'DaBin' from project 'DaBin')
    cd /Users/roeylibfeld/Documents/KARI\ Creatives/DaBin/native
    builtin-SwiftPerFileCompile WeeklyScopeActions.swift

SwiftCompile normal arm64 /Users/roeylibfeld/Documents/KARI\ Creatives/DaBin/native/Sources/DaBin/WeeklyScreen.swift (in target 'DaBin' from project 'DaBin')
    cd /Users/roeylibfeld/Documents/KARI\ Creatives/DaBin/native
    builtin-SwiftPerFileCompile WeeklyScreen.swift

SwiftCompile normal arm64 Compiling\ SearchDateBoard.swift,\ SearchResultCard.swift,\ SearchScreen.swift,\ SettingsScreen.swift,\ ShelfCaptureController.swift,\ ShelfExport.swift,\ SoftwareUpdateService.swift,\ StatusBarController.swift,\ TaskAttachmentsView.swift /Users/roeylibfeld/Documents/KARI\ Creatives/DaBin/native/Sources/DaBin/SearchDateBoard.swift /Users/roeylibfeld/Documents/KARI\ Creatives/DaBin/native/Sources/DaBin/SearchResultCard.swift /Users/roeylibfeld/Documents/KARI\ Creatives/DaBin/native/Sources/DaBin/SearchScreen.swift /Users/roeylibfeld/Documents/KARI\ Creatives/DaBin/native/Sources/DaBin/SettingsScreen.swift /Users/roeylibfeld/Documents/KARI\ Creatives/DaBin/native/Sources/DaBin/ShelfCaptureController.swift /Users/roeylibfeld/Documents/KARI\ Creatives/DaBin/native/Sources/DaBin/ShelfExport.swift /Users/roeylibfeld/Documents/KARI\ Creatives/DaBin/native/Sources/DaBin/SoftwareUpdateService.swift /Users/roeylibfeld/Documents/KARI\ Creatives/DaBin/native/Sources/DaBin/StatusBarController.swift /Users/roeylibfeld/Documents/KARI\ Creatives/DaBin/native/Sources/DaBin/TaskAttachmentsView.swift (in target 'DaBin' from project 'DaBin')

SwiftCompile normal arm64 /Users/roeylibfeld/Documents/KARI\ Creatives/DaBin/native/Sources/DaBin/SearchDateBoard.swift (in target 'DaBin' from project 'DaBin')
    cd /Users/roeylibfeld/Documents/KARI\ Creatives/DaBin/native
    builtin-SwiftPerFileCompile SearchDateBoard.swift

SwiftCompile normal arm64 /Users/roeylibfeld/Documents/KARI\ Creatives/DaBin/native/Sources/DaBin/SearchResultCard.swift (in target 'DaBin' from project 'DaBin')
    cd /Users/roeylibfeld/Documents/KARI\ Creatives/DaBin/native
    builtin-SwiftPerFileCompile SearchResultCard.swift

SwiftCompile normal arm64 /Users/roeylibfeld/Documents/KARI\ Creatives/DaBin/native/Sources/DaBin/SearchScreen.swift (in target 'DaBin' from project 'DaBin')
    cd /Users/roeylibfeld/Documents/KARI\ Creatives/DaBin/native
    builtin-SwiftPerFileCompile SearchScreen.swift

SwiftCompile normal arm64 /Users/roeylibfeld/Documents/KARI\ Creatives/DaBin/native/Sources/DaBin/SettingsScreen.swift (in target 'DaBin' from project 'DaBin')
    cd /Users/roeylibfeld/Documents/KARI\ Creatives/DaBin/native
    builtin-SwiftPerFileCompile SettingsScreen.swift

SwiftCompile normal arm64 /Users/roeylibfeld/Documents/KARI\ Creatives/DaBin/native/Sources/DaBin/ShelfCaptureController.swift (in target 'DaBin' from project 'DaBin')
    cd /Users/roeylibfeld/Documents/KARI\ Creatives/DaBin/native
    builtin-SwiftPerFileCompile ShelfCaptureController.swift

SwiftCompile normal arm64 /Users/roeylibfeld/Documents/KARI\ Creatives/DaBin/native/Sources/DaBin/ShelfExport.swift (in target 'DaBin' from project 'DaBin')
    cd /Users/roeylibfeld/Documents/KARI\ Creatives/DaBin/native
    builtin-SwiftPerFileCompile ShelfExport.swift

SwiftCompile normal arm64 /Users/roeylibfeld/Documents/KARI\ Creatives/DaBin/native/Sources/DaBin/SoftwareUpdateService.swift (in target 'DaBin' from project 'DaBin')
    cd /Users/roeylibfeld/Documents/KARI\ Creatives/DaBin/native
    builtin-SwiftPerFileCompile SoftwareUpdateService.swift

SwiftCompile normal arm64 /Users/roeylibfeld/Documents/KARI\ Creatives/DaBin/native/Sources/DaBin/StatusBarController.swift (in target 'DaBin' from project 'DaBin')
    cd /Users/roeylibfeld/Documents/KARI\ Creatives/DaBin/native
    builtin-SwiftPerFileCompile StatusBarController.swift

SwiftCompile normal arm64 /Users/roeylibfeld/Documents/KARI\ Creatives/DaBin/native/Sources/DaBin/TaskAttachmentsView.swift (in target 'DaBin' from project 'DaBin')
    cd /Users/roeylibfeld/Documents/KARI\ Creatives/DaBin/native
    builtin-SwiftPerFileCompile TaskAttachmentsView.swift

SwiftCompile normal arm64 Compiling\ PrivacyInformation.swift,\ ProjectFileArchive.swift,\ ProjectPickerView.swift,\ ProjectWorkspaceCard.swift,\ ProjectWorkspaceExport.swift,\ ProjectWorkspaceState.swift,\ ProjectWorkspaceTasks.swift,\ ProjectWorkspaceView.swift,\ QuickAccess.swift /Users/roeylibfeld/Documents/KARI\ Creatives/DaBin/native/Sources/DaBin/PrivacyInformation.swift /Users/roeylibfeld/Documents/KARI\ Creatives/DaBin/native/Sources/DaBin/ProjectFileArchive.swift /Users/roeylibfeld/Documents/KARI\ Creatives/DaBin/native/Sources/DaBin/ProjectPickerView.swift /Users/roeylibfeld/Documents/KARI\ Creatives/DaBin/native/Sources/DaBin/ProjectWorkspaceCard.swift /Users/roeylibfeld/Documents/KARI\ Creatives/DaBin/native/Sources/DaBin/ProjectWorkspaceExport.swift /Users/roeylibfeld/Documents/KARI\ Creatives/DaBin/native/Sources/DaBin/ProjectWorkspaceState.swift /Users/roeylibfeld/Documents/KARI\ Creatives/DaBin/native/Sources/DaBin/ProjectWorkspaceTasks.swift /Users/roeylibfeld/Documents/KARI\ Creatives/DaBin/native/Sources/DaBin/ProjectWorkspaceView.swift /Users/roeylibfeld/Documents/KARI\ Creatives/DaBin/native/Sources/DaBin/QuickAccess.swift (in target 'DaBin' from project 'DaBin')

SwiftCompile normal arm64 /Users/roeylibfeld/Documents/KARI\ Creatives/DaBin/native/Sources/DaBin/PrivacyInformation.swift (in target 'DaBin' from project 'DaBin')
    cd /Users/roeylibfeld/Documents/KARI\ Creatives/DaBin/native
    builtin-SwiftPerFileCompile PrivacyInformation.swift

SwiftCompile normal arm64 /Users/roeylibfeld/Documents/KARI\ Creatives/DaBin/native/Sources/DaBin/ProjectFileArchive.swift (in target 'DaBin' from project 'DaBin')
    cd /Users/roeylibfeld/Documents/KARI\ Creatives/DaBin/native
    builtin-SwiftPerFileCompile ProjectFileArchive.swift

SwiftCompile normal arm64 /Users/roeylibfeld/Documents/KARI\ Creatives/DaBin/native/Sources/DaBin/ProjectPickerView.swift (in target 'DaBin' from project 'DaBin')
    cd /Users/roeylibfeld/Documents/KARI\ Creatives/DaBin/native
    builtin-SwiftPerFileCompile ProjectPickerView.swift

SwiftCompile normal arm64 /Users/roeylibfeld/Documents/KARI\ Creatives/DaBin/native/Sources/DaBin/ProjectWorkspaceCard.swift (in target 'DaBin' from project 'DaBin')
    cd /Users/roeylibfeld/Documents/KARI\ Creatives/DaBin/native
    builtin-SwiftPerFileCompile ProjectWorkspaceCard.swift

SwiftCompile normal arm64 /Users/roeylibfeld/Documents/KARI\ Creatives/DaBin/native/Sources/DaBin/ProjectWorkspaceExport.swift (in target 'DaBin' from project 'DaBin')
    cd /Users/roeylibfeld/Documents/KARI\ Creatives/DaBin/native
    builtin-SwiftPerFileCompile ProjectWorkspaceExport.swift

SwiftCompile normal arm64 /Users/roeylibfeld/Documents/KARI\ Creatives/DaBin/native/Sources/DaBin/ProjectWorkspaceState.swift (in target 'DaBin' from project 'DaBin')
    cd /Users/roeylibfeld/Documents/KARI\ Creatives/DaBin/native
    builtin-SwiftPerFileCompile ProjectWorkspaceState.swift

SwiftCompile normal arm64 /Users/roeylibfeld/Documents/KARI\ Creatives/DaBin/native/Sources/DaBin/ProjectWorkspaceTasks.swift (in target 'DaBin' from project 'DaBin')
    cd /Users/roeylibfeld/Documents/KARI\ Creatives/DaBin/native
    builtin-SwiftPerFileCompile ProjectWorkspaceTasks.swift

SwiftCompile normal arm64 /Users/roeylibfeld/Documents/KARI\ Creatives/DaBin/native/Sources/DaBin/ProjectWorkspaceView.swift (in target 'DaBin' from project 'DaBin')
    cd /Users/roeylibfeld/Documents/KARI\ Creatives/DaBin/native
    builtin-SwiftPerFileCompile ProjectWorkspaceView.swift

SwiftCompile normal arm64 /Users/roeylibfeld/Documents/KARI\ Creatives/DaBin/native/Sources/DaBin/QuickAccess.swift (in target 'DaBin' from project 'DaBin')
    cd /Users/roeylibfeld/Documents/KARI\ Creatives/DaBin/native
    builtin-SwiftPerFileCompile QuickAccess.swift

SwiftEmitModule normal arm64 Emitting\ module\ for\ DaBin (in target 'DaBin' from project 'DaBin')

SwiftCompile normal arm64 (in target 'DaBin' from project 'DaBin')
    cd /Users/roeylibfeld/Documents/KARI\ Creatives/DaBin/native
    

SwiftCompile normal arm64 Compiling\ IslandRobotChoreography.swift,\ LibraryScreen.swift,\ LocalDOCXTextExtractor.swift,\ NativeContentDrag.swift,\ NavigationHistory.swift,\ NewNoteScreen.swift,\ OriginalFileStorage.swift,\ PreviewRequest.swift,\ PreviewService.swift /Users/roeylibfeld/Documents/KARI\ Creatives/DaBin/native/Sources/DaBin/IslandRobotChoreography.swift /Users/roeylibfeld/Documents/KARI\ Creatives/DaBin/native/Sources/DaBin/LibraryScreen.swift /Users/roeylibfeld/Documents/KARI\ Creatives/DaBin/native/Sources/DaBin/LocalDOCXTextExtractor.swift /Users/roeylibfeld/Documents/KARI\ Creatives/DaBin/native/Sources/DaBin/NativeContentDrag.swift /Users/roeylibfeld/Documents/KARI\ Creatives/DaBin/native/Sources/DaBin/NavigationHistory.swift /Users/roeylibfeld/Documents/KARI\ Creatives/DaBin/native/Sources/DaBin/NewNoteScreen.swift /Users/roeylibfeld/Documents/KARI\ Creatives/DaBin/native/Sources/DaBin/OriginalFileStorage.swift /Users/roeylibfeld/Documents/KARI\ Creatives/DaBin/native/Sources/DaBin/PreviewRequest.swift /Users/roeylibfeld/Documents/KARI\ Creatives/DaBin/native/Sources/DaBin/PreviewService.swift (in target 'DaBin' from project 'DaBin')

SwiftCompile normal arm64 /Users/roeylibfeld/Documents/KARI\ Creatives/DaBin/native/Sources/DaBin/IslandRobotChoreography.swift (in target 'DaBin' from project 'DaBin')
    cd /Users/roeylibfeld/Documents/KARI\ Creatives/DaBin/native
    builtin-SwiftPerFileCompile IslandRobotChoreography.swift

SwiftCompile normal arm64 /Users/roeylibfeld/Documents/KARI\ Creatives/DaBin/native/Sources/DaBin/LibraryScreen.swift (in target 'DaBin' from project 'DaBin')
    cd /Users/roeylibfeld/Documents/KARI\ Creatives/DaBin/native
    builtin-SwiftPerFileCompile LibraryScreen.swift

SwiftCompile normal arm64 /Users/roeylibfeld/Documents/KARI\ Creatives/DaBin/native/Sources/DaBin/LocalDOCXTextExtractor.swift (in target 'DaBin' from project 'DaBin')
    cd /Users/roeylibfeld/Documents/KARI\ Creatives/DaBin/native
    builtin-SwiftPerFileCompile LocalDOCXTextExtractor.swift

SwiftCompile normal arm64 /Users/roeylibfeld/Documents/KARI\ Creatives/DaBin/native/Sources/DaBin/NativeContentDrag.swift (in target 'DaBin' from project 'DaBin')
    cd /Users/roeylibfeld/Documents/KARI\ Creatives/DaBin/native
    builtin-SwiftPerFileCompile NativeContentDrag.swift

SwiftCompile normal arm64 /Users/roeylibfeld/Documents/KARI\ Creatives/DaBin/native/Sources/DaBin/NavigationHistory.swift (in target 'DaBin' from project 'DaBin')
    cd /Users/roeylibfeld/Documents/KARI\ Creatives/DaBin/native
    builtin-SwiftPerFileCompile NavigationHistory.swift

SwiftCompile normal arm64 /Users/roeylibfeld/Documents/KARI\ Creatives/DaBin/native/Sources/DaBin/NewNoteScreen.swift (in target 'DaBin' from project 'DaBin')
    cd /Users/roeylibfeld/Documents/KARI\ Creatives/DaBin/native
    builtin-SwiftPerFileCompile NewNoteScreen.swift

SwiftCompile normal arm64 /Users/roeylibfeld/Documents/KARI\ Creatives/DaBin/native/Sources/DaBin/OriginalFileStorage.swift (in target 'DaBin' from project 'DaBin')
    cd /Users/roeylibfeld/Documents/KARI\ Creatives/DaBin/native
    builtin-SwiftPerFileCompile OriginalFileStorage.swift

SwiftCompile normal arm64 /Users/roeylibfeld/Documents/KARI\ Creatives/DaBin/native/Sources/DaBin/PreviewRequest.swift (in target 'DaBin' from project 'DaBin')
    cd /Users/roeylibfeld/Documents/KARI\ Creatives/DaBin/native
    builtin-SwiftPerFileCompile PreviewRequest.swift

SwiftCompile normal arm64 /Users/roeylibfeld/Documents/KARI\ Creatives/DaBin/native/Sources/DaBin/PreviewService.swift (in target 'DaBin' from project 'DaBin')
    cd /Users/roeylibfeld/Documents/KARI\ Creatives/DaBin/native
    builtin-SwiftPerFileCompile PreviewService.swift

SwiftCompile normal arm64 Compiling\ ExplorerTransfer.swift,\ ExplorerViewport.swift,\ FittedPDFPreview.swift,\ GroupedCaptureCard.swift,\ HourlyCaptureCard.swift,\ HourlyCaptureFeed.swift,\ HoverTooltips.swift,\ InboxScreen.swift,\ InputService.swift /Users/roeylibfeld/Documents/KARI\ Creatives/DaBin/native/Sources/DaBin/ExplorerTransfer.swift /Users/roeylibfeld/Documents/KARI\ Creatives/DaBin/native/Sources/DaBin/ExplorerViewport.swift /Users/roeylibfeld/Documents/KARI\ Creatives/DaBin/native/Sources/DaBin/FittedPDFPreview.swift /Users/roeylibfeld/Documents/KARI\ Creatives/DaBin/native/Sources/DaBin/GroupedCaptureCard.swift /Users/roeylibfeld/Documents/KARI\ Creatives/DaBin/native/Sources/DaBin/HourlyCaptureCard.swift /Users/roeylibfeld/Documents/KARI\ Creatives/DaBin/native/Sources/DaBin/HourlyCaptureFeed.swift /Users/roeylibfeld/Documents/KARI\ Creatives/DaBin/native/Sources/DaBin/HoverTooltips.swift /Users/roeylibfeld/Documents/KARI\ Creatives/DaBin/native/Sources/DaBin/InboxScreen.swift /Users/roeylibfeld/Documents/KARI\ Creatives/DaBin/native/Sources/DaBin/InputService.swift (in target 'DaBin' from project 'DaBin')

SwiftCompile normal arm64 /Users/roeylibfeld/Documents/KARI\ Creatives/DaBin/native/Sources/DaBin/ExplorerTransfer.swift (in target 'DaBin' from project 'DaBin')
    cd /Users/roeylibfeld/Documents/KARI\ Creatives/DaBin/native
    builtin-SwiftPerFileCompile ExplorerTransfer.swift

SwiftCompile normal arm64 /Users/roeylibfeld/Documents/KARI\ Creatives/DaBin/native/Sources/DaBin/ExplorerViewport.swift (in target 'DaBin' from project 'DaBin')
    cd /Users/roeylibfeld/Documents/KARI\ Creatives/DaBin/native
    builtin-SwiftPerFileCompile ExplorerViewport.swift

SwiftCompile normal arm64 /Users/roeylibfeld/Documents/KARI\ Creatives/DaBin/native/Sources/DaBin/FittedPDFPreview.swift (in target 'DaBin' from project 'DaBin')
    cd /Users/roeylibfeld/Documents/KARI\ Creatives/DaBin/native
    builtin-SwiftPerFileCompile FittedPDFPreview.swift

SwiftCompile normal arm64 /Users/roeylibfeld/Documents/KARI\ Creatives/DaBin/native/Sources/DaBin/GroupedCaptureCard.swift (in target 'DaBin' from project 'DaBin')
    cd /Users/roeylibfeld/Documents/KARI\ Creatives/DaBin/native
    builtin-SwiftPerFileCompile GroupedCaptureCard.swift

SwiftCompile normal arm64 /Users/roeylibfeld/Documents/KARI\ Creatives/DaBin/native/Sources/DaBin/HourlyCaptureCard.swift (in target 'DaBin' from project 'DaBin')
    cd /Users/roeylibfeld/Documents/KARI\ Creatives/DaBin/native
    builtin-SwiftPerFileCompile HourlyCaptureCard.swift

SwiftCompile normal arm64 /Users/roeylibfeld/Documents/KARI\ Creatives/DaBin/native/Sources/DaBin/HourlyCaptureFeed.swift (in target 'DaBin' from project 'DaBin')
    cd /Users/roeylibfeld/Documents/KARI\ Creatives/DaBin/native
    builtin-SwiftPerFileCompile HourlyCaptureFeed.swift

SwiftCompile normal arm64 /Users/roeylibfeld/Documents/KARI\ Creatives/DaBin/native/Sources/DaBin/HoverTooltips.swift (in target 'DaBin' from project 'DaBin')
    cd /Users/roeylibfeld/Documents/KARI\ Creatives/DaBin/native
    builtin-SwiftPerFileCompile HoverTooltips.swift

SwiftCompile normal arm64 /Users/roeylibfeld/Documents/KARI\ Creatives/DaBin/native/Sources/DaBin/InboxScreen.swift (in target 'DaBin' from project 'DaBin')
    cd /Users/roeylibfeld/Documents/KARI\ Creatives/DaBin/native
    builtin-SwiftPerFileCompile InboxScreen.swift

SwiftCompile normal arm64 /Users/roeylibfeld/Documents/KARI\ Creatives/DaBin/native/Sources/DaBin/InputService.swift (in target 'DaBin' from project 'DaBin')
    cd /Users/roeylibfeld/Documents/KARI\ Creatives/DaBin/native
    builtin-SwiftPerFileCompile InputService.swift

SwiftCompile normal arm64 Compiling\ QuietOrbitGeometry.swift,\ QuietOrbitVisualStyle.swift,\ ReminderAlertCoordinator.swift,\ ReminderClockEditor.swift,\ ReminderLifecycle.swift,\ ReminderSchedule.swift,\ ReminderService.swift,\ RemindersScreen.swift,\ RobotAppFrameView.swift /Users/roeylibfeld/Documents/KARI\ Creatives/DaBin/native/Sources/DaBin/QuietOrbitGeometry.swift /Users/roeylibfeld/Documents/KARI\ Creatives/DaBin/native/Sources/DaBin/QuietOrbitVisualStyle.swift /Users/roeylibfeld/Documents/KARI\ Creatives/DaBin/native/Sources/DaBin/ReminderAlertCoordinator.swift /Users/roeylibfeld/Documents/KARI\ Creatives/DaBin/native/Sources/DaBin/ReminderClockEditor.swift /Users/roeylibfeld/Documents/KARI\ Creatives/DaBin/native/Sources/DaBin/ReminderLifecycle.swift /Users/roeylibfeld/Documents/KARI\ Creatives/DaBin/native/Sources/DaBin/ReminderSchedule.swift /Users/roeylibfeld/Documents/KARI\ Creatives/DaBin/native/Sources/DaBin/ReminderService.swift /Users/roeylibfeld/Documents/KARI\ Creatives/DaBin/native/Sources/DaBin/RemindersScreen.swift /Users/roeylibfeld/Documents/KARI\ Creatives/DaBin/native/Sources/DaBin/RobotAppFrameView.swift (in target 'DaBin' from project 'DaBin')

SwiftCompile normal arm64 /Users/roeylibfeld/Documents/KARI\ Creatives/DaBin/native/Sources/DaBin/QuietOrbitGeometry.swift (in target 'DaBin' from project 'DaBin')
    cd /Users/roeylibfeld/Documents/KARI\ Creatives/DaBin/native
    builtin-SwiftPerFileCompile QuietOrbitGeometry.swift

SwiftCompile normal arm64 /Users/roeylibfeld/Documents/KARI\ Creatives/DaBin/native/Sources/DaBin/QuietOrbitVisualStyle.swift (in target 'DaBin' from project 'DaBin')
    cd /Users/roeylibfeld/Documents/KARI\ Creatives/DaBin/native
    builtin-SwiftPerFileCompile QuietOrbitVisualStyle.swift

SwiftCompile normal arm64 /Users/roeylibfeld/Documents/KARI\ Creatives/DaBin/native/Sources/DaBin/ReminderAlertCoordinator.swift (in target 'DaBin' from project 'DaBin')
    cd /Users/roeylibfeld/Documents/KARI\ Creatives/DaBin/native
    builtin-SwiftPerFileCompile ReminderAlertCoordinator.swift

SwiftCompile normal arm64 /Users/roeylibfeld/Documents/KARI\ Creatives/DaBin/native/Sources/DaBin/ReminderClockEditor.swift (in target 'DaBin' from project 'DaBin')
    cd /Users/roeylibfeld/Documents/KARI\ Creatives/DaBin/native
    builtin-SwiftPerFileCompile ReminderClockEditor.swift

SwiftCompile normal arm64 /Users/roeylibfeld/Documents/KARI\ Creatives/DaBin/native/Sources/DaBin/ReminderLifecycle.swift (in target 'DaBin' from project 'DaBin')
    cd /Users/roeylibfeld/Documents/KARI\ Creatives/DaBin/native
    builtin-SwiftPerFileCompile ReminderLifecycle.swift

SwiftCompile normal arm64 /Users/roeylibfeld/Documents/KARI\ Creatives/DaBin/native/Sources/DaBin/ReminderSchedule.swift (in target 'DaBin' from project 'DaBin')
    cd /Users/roeylibfeld/Documents/KARI\ Creatives/DaBin/native
    builtin-SwiftPerFileCompile ReminderSchedule.swift

SwiftCompile normal arm64 /Users/roeylibfeld/Documents/KARI\ Creatives/DaBin/native/Sources/DaBin/ReminderService.swift (in target 'DaBin' from project 'DaBin')
    cd /Users/roeylibfeld/Documents/KARI\ Creatives/DaBin/native
    builtin-SwiftPerFileCompile ReminderService.swift

SwiftCompile normal arm64 /Users/roeylibfeld/Documents/KARI\ Creatives/DaBin/native/Sources/DaBin/RemindersScreen.swift (in target 'DaBin' from project 'DaBin')
    cd /Users/roeylibfeld/Documents/KARI\ Creatives/DaBin/native
    builtin-SwiftPerFileCompile RemindersScreen.swift

SwiftCompile normal arm64 /Users/roeylibfeld/Documents/KARI\ Creatives/DaBin/native/Sources/DaBin/RobotAppFrameView.swift (in target 'DaBin' from project 'DaBin')
    cd /Users/roeylibfeld/Documents/KARI\ Creatives/DaBin/native
    builtin-SwiftPerFileCompile RobotAppFrameView.swift

SwiftCompile normal arm64 Compiling\ TaskEditorScreen.swift,\ TaskFocusControls.swift,\ TaskFocusSession.swift,\ TaskPlanning.swift,\ TaskPlanningEditor.swift,\ TaskTimerAlarmMotion.swift,\ TaskTimerRobotPresenter.swift,\ TaskTimerRobotView.swift,\ ThemeSettings.swift /Users/roeylibfeld/Documents/KARI\ Creatives/DaBin/native/Sources/DaBin/TaskEditorScreen.swift /Users/roeylibfeld/Documents/KARI\ Creatives/DaBin/native/Sources/DaBin/TaskFocusControls.swift /Users/roeylibfeld/Documents/KARI\ Creatives/DaBin/native/Sources/DaBin/TaskFocusSession.swift /Users/roeylibfeld/Documents/KARI\ Creatives/DaBin/native/Sources/DaBin/TaskPlanning.swift /Users/roeylibfeld/Documents/KARI\ Creatives/DaBin/native/Sources/DaBin/TaskPlanningEditor.swift /Users/roeylibfeld/Documents/KARI\ Creatives/DaBin/native/Sources/DaBin/TaskTimerAlarmMotion.swift /Users/roeylibfeld/Documents/KARI\ Creatives/DaBin/native/Sources/DaBin/TaskTimerRobotPresenter.swift /Users/roeylibfeld/Documents/KARI\ Creatives/DaBin/native/Sources/DaBin/TaskTimerRobotView.swift /Users/roeylibfeld/Documents/KARI\ Creatives/DaBin/native/Sources/DaBin/ThemeSettings.swift (in target 'DaBin' from project 'DaBin')

SwiftCompile normal arm64 /Users/roeylibfeld/Documents/KARI\ Creatives/DaBin/native/Sources/DaBin/TaskEditorScreen.swift (in target 'DaBin' from project 'DaBin')
    cd /Users/roeylibfeld/Documents/KARI\ Creatives/DaBin/native
    builtin-SwiftPerFileCompile TaskEditorScreen.swift

SwiftCompile normal arm64 /Users/roeylibfeld/Documents/KARI\ Creatives/DaBin/native/Sources/DaBin/TaskFocusControls.swift (in target 'DaBin' from project 'DaBin')
    cd /Users/roeylibfeld/Documents/KARI\ Creatives/DaBin/native
    builtin-SwiftPerFileCompile TaskFocusControls.swift

SwiftCompile normal arm64 /Users/roeylibfeld/Documents/KARI\ Creatives/DaBin/native/Sources/DaBin/TaskFocusSession.swift (in target 'DaBin' from project 'DaBin')
    cd /Users/roeylibfeld/Documents/KARI\ Creatives/DaBin/native
    builtin-SwiftPerFileCompile TaskFocusSession.swift

SwiftCompile normal arm64 /Users/roeylibfeld/Documents/KARI\ Creatives/DaBin/native/Sources/DaBin/TaskPlanning.swift (in target 'DaBin' from project 'DaBin')
    cd /Users/roeylibfeld/Documents/KARI\ Creatives/DaBin/native
    builtin-SwiftPerFileCompile TaskPlanning.swift

SwiftCompile normal arm64 /Users/roeylibfeld/Documents/KARI\ Creatives/DaBin/native/Sources/DaBin/TaskPlanningEditor.swift (in target 'DaBin' from project 'DaBin')
    cd /Users/roeylibfeld/Documents/KARI\ Creatives/DaBin/native
    builtin-SwiftPerFileCompile TaskPlanningEditor.swift

SwiftCompile normal arm64 /Users/roeylibfeld/Documents/KARI\ Creatives/DaBin/native/Sources/DaBin/TaskTimerAlarmMotion.swift (in target 'DaBin' from project 'DaBin')
    cd /Users/roeylibfeld/Documents/KARI\ Creatives/DaBin/native
    builtin-SwiftPerFileCompile TaskTimerAlarmMotion.swift

SwiftCompile normal arm64 /Users/roeylibfeld/Documents/KARI\ Creatives/DaBin/native/Sources/DaBin/TaskTimerRobotPresenter.swift (in target 'DaBin' from project 'DaBin')
    cd /Users/roeylibfeld/Documents/KARI\ Creatives/DaBin/native
    builtin-SwiftPerFileCompile TaskTimerRobotPresenter.swift

SwiftCompile normal arm64 /Users/roeylibfeld/Documents/KARI\ Creatives/DaBin/native/Sources/DaBin/TaskTimerRobotView.swift (in target 'DaBin' from project 'DaBin')
    cd /Users/roeylibfeld/Documents/KARI\ Creatives/DaBin/native
    builtin-SwiftPerFileCompile TaskTimerRobotView.swift

SwiftCompile normal arm64 /Users/roeylibfeld/Documents/KARI\ Creatives/DaBin/native/Sources/DaBin/ThemeSettings.swift (in target 'DaBin' from project 'DaBin')
    cd /Users/roeylibfeld/Documents/KARI\ Creatives/DaBin/native
    builtin-SwiftPerFileCompile ThemeSettings.swift

SwiftCompile normal arm64 Compiling\ WindowDragHandle.swift,\ WorkspaceClipboard.swift,\ WorkspaceInput.swift,\ WorkspaceItemCard.swift,\ WorkspaceQuery.swift,\ WorkspaceStore.swift,\ WorkspaceZoom.swift,\ WorkspaceZoomLayout.swift,\ WorkspaceZoomScrollAnchor.swift /Users/roeylibfeld/Documents/KARI\ Creatives/DaBin/native/Sources/DaBin/WindowDragHandle.swift /Users/roeylibfeld/Documents/KARI\ Creatives/DaBin/native/Sources/DaBin/WorkspaceClipboard.swift /Users/roeylibfeld/Documents/KARI\ Creatives/DaBin/native/Sources/DaBin/WorkspaceInput.swift /Users/roeylibfeld/Documents/KARI\ Creatives/DaBin/native/Sources/DaBin/WorkspaceItemCard.swift /Users/roeylibfeld/Documents/KARI\ Creatives/DaBin/native/Sources/DaBin/WorkspaceQuery.swift /Users/roeylibfeld/Documents/KARI\ Creatives/DaBin/native/Sources/DaBin/WorkspaceStore.swift /Users/roeylibfeld/Documents/KARI\ Creatives/DaBin/native/Sources/DaBin/WorkspaceZoom.swift /Users/roeylibfeld/Documents/KARI\ Creatives/DaBin/native/Sources/DaBin/WorkspaceZoomLayout.swift /Users/roeylibfeld/Documents/KARI\ Creatives/DaBin/native/Sources/DaBin/WorkspaceZoomScrollAnchor.swift (in target 'DaBin' from project 'DaBin')

SwiftCompile normal arm64 /Users/roeylibfeld/Documents/KARI\ Creatives/DaBin/native/Sources/DaBin/WindowDragHandle.swift (in target 'DaBin' from project 'DaBin')
    cd /Users/roeylibfeld/Documents/KARI\ Creatives/DaBin/native
    builtin-SwiftPerFileCompile WindowDragHandle.swift

SwiftCompile normal arm64 /Users/roeylibfeld/Documents/KARI\ Creatives/DaBin/native/Sources/DaBin/WorkspaceClipboard.swift (in target 'DaBin' from project 'DaBin')
    cd /Users/roeylibfeld/Documents/KARI\ Creatives/DaBin/native
    builtin-SwiftPerFileCompile WorkspaceClipboard.swift

SwiftCompile normal arm64 /Users/roeylibfeld/Documents/KARI\ Creatives/DaBin/native/Sources/DaBin/WorkspaceInput.swift (in target 'DaBin' from project 'DaBin')
    cd /Users/roeylibfeld/Documents/KARI\ Creatives/DaBin/native
    builtin-SwiftPerFileCompile WorkspaceInput.swift

SwiftCompile normal arm64 /Users/roeylibfeld/Documents/KARI\ Creatives/DaBin/native/Sources/DaBin/WorkspaceItemCard.swift (in target 'DaBin' from project 'DaBin')
    cd /Users/roeylibfeld/Documents/KARI\ Creatives/DaBin/native
    builtin-SwiftPerFileCompile WorkspaceItemCard.swift

SwiftCompile normal arm64 /Users/roeylibfeld/Documents/KARI\ Creatives/DaBin/native/Sources/DaBin/WorkspaceQuery.swift (in target 'DaBin' from project 'DaBin')
    cd /Users/roeylibfeld/Documents/KARI\ Creatives/DaBin/native
    builtin-SwiftPerFileCompile WorkspaceQuery.swift

SwiftCompile normal arm64 /Users/roeylibfeld/Documents/KARI\ Creatives/DaBin/native/Sources/DaBin/WorkspaceStore.swift (in target 'DaBin' from project 'DaBin')
    cd /Users/roeylibfeld/Documents/KARI\ Creatives/DaBin/native
    builtin-SwiftPerFileCompile WorkspaceStore.swift

SwiftCompile normal arm64 /Users/roeylibfeld/Documents/KARI\ Creatives/DaBin/native/Sources/DaBin/WorkspaceZoom.swift (in target 'DaBin' from project 'DaBin')
    cd /Users/roeylibfeld/Documents/KARI\ Creatives/DaBin/native
    builtin-SwiftPerFileCompile WorkspaceZoom.swift

SwiftCompile normal arm64 /Users/roeylibfeld/Documents/KARI\ Creatives/DaBin/native/Sources/DaBin/WorkspaceZoomLayout.swift (in target 'DaBin' from project 'DaBin')
    cd /Users/roeylibfeld/Documents/KARI\ Creatives/DaBin/native
    builtin-SwiftPerFileCompile WorkspaceZoomLayout.swift

SwiftCompile normal arm64 /Users/roeylibfeld/Documents/KARI\ Creatives/DaBin/native/Sources/DaBin/WorkspaceZoomScrollAnchor.swift (in target 'DaBin' from project 'DaBin')
    cd /Users/roeylibfeld/Documents/KARI\ Creatives/DaBin/native
    builtin-SwiftPerFileCompile WorkspaceZoomScrollAnchor.swift

SwiftCompile normal arm64 Compiling\ AccessibilityAnnouncement.swift,\ AppDelegate.swift,\ AppState.swift,\ ApplicationCoordinator.swift,\ ApplicationMenu.swift,\ ArchiveBackup.swift,\ AutoCaptureFingerprint.swift,\ AutoCaptureRobotCelebration.swift,\ AutoCaptureRobotPresenter.swift,\ AutoCaptureService.swift /Users/roeylibfeld/Documents/KARI\ Creatives/DaBin/native/Sources/DaBin/AccessibilityAnnouncement.swift /Users/roeylibfeld/Documents/KARI\ Creatives/DaBin/native/Sources/DaBin/AppDelegate.swift /Users/roeylibfeld/Documents/KARI\ Creatives/DaBin/native/Sources/DaBin/AppState.swift /Users/roeylibfeld/Documents/KARI\ Creatives/DaBin/native/Sources/DaBin/ApplicationCoordinator.swift /Users/roeylibfeld/Documents/KARI\ Creatives/DaBin/native/Sources/DaBin/ApplicationMenu.swift /Users/roeylibfeld/Documents/KARI\ Creatives/DaBin/native/Sources/DaBin/ArchiveBackup.swift /Users/roeylibfeld/Documents/KARI\ Creatives/DaBin/native/Sources/DaBin/AutoCaptureFingerprint.swift /Users/roeylibfeld/Documents/KARI\ Creatives/DaBin/native/Sources/DaBin/AutoCaptureRobotCelebration.swift /Users/roeylibfeld/Documents/KARI\ Creatives/DaBin/native/Sources/DaBin/AutoCaptureRobotPresenter.swift /Users/roeylibfeld/Documents/KARI\ Creatives/DaBin/native/Sources/DaBin/AutoCaptureService.swift (in target 'DaBin' from project 'DaBin')

SwiftCompile normal arm64 /Users/roeylibfeld/Documents/KARI\ Creatives/DaBin/native/Sources/DaBin/AccessibilityAnnouncement.swift (in target 'DaBin' from project 'DaBin')
    cd /Users/roeylibfeld/Documents/KARI\ Creatives/DaBin/native
    builtin-SwiftPerFileCompile AccessibilityAnnouncement.swift

SwiftCompile normal arm64 /Users/roeylibfeld/Documents/KARI\ Creatives/DaBin/native/Sources/DaBin/AppDelegate.swift (in target 'DaBin' from project 'DaBin')
    cd /Users/roeylibfeld/Documents/KARI\ Creatives/DaBin/native
    builtin-SwiftPerFileCompile AppDelegate.swift

SwiftCompile normal arm64 /Users/roeylibfeld/Documents/KARI\ Creatives/DaBin/native/Sources/DaBin/AppState.swift (in target 'DaBin' from project 'DaBin')
    cd /Users/roeylibfeld/Documents/KARI\ Creatives/DaBin/native
    builtin-SwiftPerFileCompile AppState.swift

SwiftCompile normal arm64 /Users/roeylibfeld/Documents/KARI\ Creatives/DaBin/native/Sources/DaBin/ApplicationCoordinator.swift (in target 'DaBin' from project 'DaBin')
    cd /Users/roeylibfeld/Documents/KARI\ Creatives/DaBin/native
    builtin-SwiftPerFileCompile ApplicationCoordinator.swift

SwiftCompile normal arm64 /Users/roeylibfeld/Documents/KARI\ Creatives/DaBin/native/Sources/DaBin/ApplicationMenu.swift (in target 'DaBin' from project 'DaBin')
    cd /Users/roeylibfeld/Documents/KARI\ Creatives/DaBin/native
    builtin-SwiftPerFileCompile ApplicationMenu.swift

SwiftCompile normal arm64 /Users/roeylibfeld/Documents/KARI\ Creatives/DaBin/native/Sources/DaBin/ArchiveBackup.swift (in target 'DaBin' from project 'DaBin')
    cd /Users/roeylibfeld/Documents/KARI\ Creatives/DaBin/native
    builtin-SwiftPerFileCompile ArchiveBackup.swift

SwiftCompile normal arm64 /Users/roeylibfeld/Documents/KARI\ Creatives/DaBin/native/Sources/DaBin/AutoCaptureFingerprint.swift (in target 'DaBin' from project 'DaBin')
    cd /Users/roeylibfeld/Documents/KARI\ Creatives/DaBin/native
    builtin-SwiftPerFileCompile AutoCaptureFingerprint.swift

SwiftCompile normal arm64 /Users/roeylibfeld/Documents/KARI\ Creatives/DaBin/native/Sources/DaBin/AutoCaptureRobotCelebration.swift (in target 'DaBin' from project 'DaBin')
    cd /Users/roeylibfeld/Documents/KARI\ Creatives/DaBin/native
    builtin-SwiftPerFileCompile AutoCaptureRobotCelebration.swift

SwiftCompile normal arm64 /Users/roeylibfeld/Documents/KARI\ Creatives/DaBin/native/Sources/DaBin/AutoCaptureRobotPresenter.swift (in target 'DaBin' from project 'DaBin')
    cd /Users/roeylibfeld/Documents/KARI\ Creatives/DaBin/native
    builtin-SwiftPerFileCompile AutoCaptureRobotPresenter.swift

SwiftCompile normal arm64 /Users/roeylibfeld/Documents/KARI\ Creatives/DaBin/native/Sources/DaBin/AutoCaptureService.swift (in target 'DaBin' from project 'DaBin')
    cd /Users/roeylibfeld/Documents/KARI\ Creatives/DaBin/native
    builtin-SwiftPerFileCompile AutoCaptureService.swift

SwiftCompile normal arm64 Compiling\ BuddyControls.swift,\ CaptureAnnotations.swift,\ CaptureCardGroup.swift,\ CaptureCards.swift,\ CaptureClipboard.swift,\ CaptureCopyButton.swift,\ CaptureDetailPanels.swift,\ CaptureExtendedCanvas.swift,\ CaptureExtendedWindow.swift /Users/roeylibfeld/Documents/KARI\ Creatives/DaBin/native/Sources/DaBin/BuddyControls.swift /Users/roeylibfeld/Documents/KARI\ Creatives/DaBin/native/Sources/DaBin/CaptureAnnotations.swift /Users/roeylibfeld/Documents/KARI\ Creatives/DaBin/native/Sources/DaBin/CaptureCardGroup.swift /Users/roeylibfeld/Documents/KARI\ Creatives/DaBin/native/Sources/DaBin/CaptureCards.swift /Users/roeylibfeld/Documents/KARI\ Creatives/DaBin/native/Sources/DaBin/CaptureClipboard.swift /Users/roeylibfeld/Documents/KARI\ Creatives/DaBin/native/Sources/DaBin/CaptureCopyButton.swift /Users/roeylibfeld/Documents/KARI\ Creatives/DaBin/native/Sources/DaBin/CaptureDetailPanels.swift /Users/roeylibfeld/Documents/KARI\ Creatives/DaBin/native/Sources/DaBin/CaptureExtendedCanvas.swift /Users/roeylibfeld/Documents/KARI\ Creatives/DaBin/native/Sources/DaBin/CaptureExtendedWindow.swift (in target 'DaBin' from project 'DaBin')

SwiftCompile normal arm64 /Users/roeylibfeld/Documents/KARI\ Creatives/DaBin/native/Sources/DaBin/BuddyControls.swift (in target 'DaBin' from project 'DaBin')
    cd /Users/roeylibfeld/Documents/KARI\ Creatives/DaBin/native
    builtin-SwiftPerFileCompile BuddyControls.swift

SwiftCompile normal arm64 /Users/roeylibfeld/Documents/KARI\ Creatives/DaBin/native/Sources/DaBin/CaptureAnnotations.swift (in target 'DaBin' from project 'DaBin')
    cd /Users/roeylibfeld/Documents/KARI\ Creatives/DaBin/native
    builtin-SwiftPerFileCompile CaptureAnnotations.swift

SwiftCompile normal arm64 /Users/roeylibfeld/Documents/KARI\ Creatives/DaBin/native/Sources/DaBin/CaptureCardGroup.swift (in target 'DaBin' from project 'DaBin')
    cd /Users/roeylibfeld/Documents/KARI\ Creatives/DaBin/native
    builtin-SwiftPerFileCompile CaptureCardGroup.swift

SwiftCompile normal arm64 /Users/roeylibfeld/Documents/KARI\ Creatives/DaBin/native/Sources/DaBin/CaptureCards.swift (in target 'DaBin' from project 'DaBin')
    cd /Users/roeylibfeld/Documents/KARI\ Creatives/DaBin/native
    builtin-SwiftPerFileCompile CaptureCards.swift

SwiftCompile normal arm64 /Users/roeylibfeld/Documents/KARI\ Creatives/DaBin/native/Sources/DaBin/CaptureClipboard.swift (in target 'DaBin' from project 'DaBin')
    cd /Users/roeylibfeld/Documents/KARI\ Creatives/DaBin/native
    builtin-SwiftPerFileCompile CaptureClipboard.swift

SwiftCompile normal arm64 /Users/roeylibfeld/Documents/KARI\ Creatives/DaBin/native/Sources/DaBin/CaptureCopyButton.swift (in target 'DaBin' from project 'DaBin')
    cd /Users/roeylibfeld/Documents/KARI\ Creatives/DaBin/native
    builtin-SwiftPerFileCompile CaptureCopyButton.swift

SwiftCompile normal arm64 /Users/roeylibfeld/Documents/KARI\ Creatives/DaBin/native/Sources/DaBin/CaptureDetailPanels.swift (in target 'DaBin' from project 'DaBin')
    cd /Users/roeylibfeld/Documents/KARI\ Creatives/DaBin/native
    builtin-SwiftPerFileCompile CaptureDetailPanels.swift

SwiftCompile normal arm64 /Users/roeylibfeld/Documents/KARI\ Creatives/DaBin/native/Sources/DaBin/CaptureExtendedCanvas.swift (in target 'DaBin' from project 'DaBin')
    cd /Users/roeylibfeld/Documents/KARI\ Creatives/DaBin/native
    builtin-SwiftPerFileCompile CaptureExtendedCanvas.swift

SwiftCompile normal arm64 /Users/roeylibfeld/Documents/KARI\ Creatives/DaBin/native/Sources/DaBin/CaptureExtendedWindow.swift (in target 'DaBin' from project 'DaBin')
    cd /Users/roeylibfeld/Documents/KARI\ Creatives/DaBin/native
    builtin-SwiftPerFileCompile CaptureExtendedWindow.swift

SwiftCompile normal arm64 Compiling\ CaptureFilterStrip.swift,\ CapturePresentation.swift,\ CapturePreviews.swift,\ CaptureProvenance.swift,\ CaptureRemoval.swift,\ CaptureRepository.swift,\ CaptureSourceView.swift,\ CaptureStore.swift,\ CaptureTrailView.swift /Users/roeylibfeld/Documents/KARI\ Creatives/DaBin/native/Sources/DaBin/CaptureFilterStrip.swift /Users/roeylibfeld/Documents/KARI\ Creatives/DaBin/native/Sources/DaBin/CapturePresentation.swift /Users/roeylibfeld/Documents/KARI\ Creatives/DaBin/native/Sources/DaBin/CapturePreviews.swift /Users/roeylibfeld/Documents/KARI\ Creatives/DaBin/native/Sources/DaBin/CaptureProvenance.swift /Users/roeylibfeld/Documents/KARI\ Creatives/DaBin/native/Sources/DaBin/CaptureRemoval.swift /Users/roeylibfeld/Documents/KARI\ Creatives/DaBin/native/Sources/DaBin/CaptureRepository.swift /Users/roeylibfeld/Documents/KARI\ Creatives/DaBin/native/Sources/DaBin/CaptureSourceView.swift /Users/roeylibfeld/Documents/KARI\ Creatives/DaBin/native/Sources/DaBin/CaptureStore.swift /Users/roeylibfeld/Documents/KARI\ Creatives/DaBin/native/Sources/DaBin/CaptureTrailView.swift (in target 'DaBin' from project 'DaBin')

SwiftCompile normal arm64 /Users/roeylibfeld/Documents/KARI\ Creatives/DaBin/native/Sources/DaBin/CaptureFilterStrip.swift (in target 'DaBin' from project 'DaBin')
    cd /Users/roeylibfeld/Documents/KARI\ Creatives/DaBin/native
    builtin-SwiftPerFileCompile CaptureFilterStrip.swift

SwiftCompile normal arm64 /Users/roeylibfeld/Documents/KARI\ Creatives/DaBin/native/Sources/DaBin/CapturePresentation.swift (in target 'DaBin' from project 'DaBin')
    cd /Users/roeylibfeld/Documents/KARI\ Creatives/DaBin/native
    builtin-SwiftPerFileCompile CapturePresentation.swift

SwiftCompile normal arm64 /Users/roeylibfeld/Documents/KARI\ Creatives/DaBin/native/Sources/DaBin/CapturePreviews.swift (in target 'DaBin' from project 'DaBin')
    cd /Users/roeylibfeld/Documents/KARI\ Creatives/DaBin/native
    builtin-SwiftPerFileCompile CapturePreviews.swift

SwiftCompile normal arm64 /Users/roeylibfeld/Documents/KARI\ Creatives/DaBin/native/Sources/DaBin/CaptureProvenance.swift (in target 'DaBin' from project 'DaBin')
    cd /Users/roeylibfeld/Documents/KARI\ Creatives/DaBin/native
    builtin-SwiftPerFileCompile CaptureProvenance.swift

SwiftCompile normal arm64 /Users/roeylibfeld/Documents/KARI\ Creatives/DaBin/native/Sources/DaBin/CaptureRemoval.swift (in target 'DaBin' from project 'DaBin')
    cd /Users/roeylibfeld/Documents/KARI\ Creatives/DaBin/native
    builtin-SwiftPerFileCompile CaptureRemoval.swift

SwiftCompile normal arm64 /Users/roeylibfeld/Documents/KARI\ Creatives/DaBin/native/Sources/DaBin/CaptureRepository.swift (in target 'DaBin' from project 'DaBin')
    cd /Users/roeylibfeld/Documents/KARI\ Creatives/DaBin/native
    builtin-SwiftPerFileCompile CaptureRepository.swift

SwiftCompile normal arm64 /Users/roeylibfeld/Documents/KARI\ Creatives/DaBin/native/Sources/DaBin/CaptureSourceView.swift (in target 'DaBin' from project 'DaBin')
    cd /Users/roeylibfeld/Documents/KARI\ Creatives/DaBin/native
    builtin-SwiftPerFileCompile CaptureSourceView.swift

SwiftCompile normal arm64 /Users/roeylibfeld/Documents/KARI\ Creatives/DaBin/native/Sources/DaBin/CaptureStore.swift (in target 'DaBin' from project 'DaBin')
    cd /Users/roeylibfeld/Documents/KARI\ Creatives/DaBin/native
    builtin-SwiftPerFileCompile CaptureStore.swift

SwiftCompile normal arm64 /Users/roeylibfeld/Documents/KARI\ Creatives/DaBin/native/Sources/DaBin/CaptureTrailView.swift (in target 'DaBin' from project 'DaBin')
    cd /Users/roeylibfeld/Documents/KARI\ Creatives/DaBin/native
    builtin-SwiftPerFileCompile CaptureTrailView.swift

SwiftCompile normal arm64 Compiling\ ClipboardRetentionService.swift,\ ClipboardRetentionSettings.swift,\ CollectionPreviewMosaic.swift,\ ContentIndexService.swift,\ CornerController.swift,\ DaBinLogo.swift,\ DaBinMain.swift,\ DailyArchive.swift,\ DailyCaptureView.swift /Users/roeylibfeld/Documents/KARI\ Creatives/DaBin/native/Sources/DaBin/ClipboardRetentionService.swift /Users/roeylibfeld/Documents/KARI\ Creatives/DaBin/native/Sources/DaBin/ClipboardRetentionSettings.swift /Users/roeylibfeld/Documents/KARI\ Creatives/DaBin/native/Sources/DaBin/CollectionPreviewMosaic.swift /Users/roeylibfeld/Documents/KARI\ Creatives/DaBin/native/Sources/DaBin/ContentIndexService.swift /Users/roeylibfeld/Documents/KARI\ Creatives/DaBin/native/Sources/DaBin/CornerController.swift /Users/roeylibfeld/Documents/KARI\ Creatives/DaBin/native/Sources/DaBin/DaBinLogo.swift /Users/roeylibfeld/Documents/KARI\ Creatives/DaBin/native/Sources/DaBin/DaBinMain.swift /Users/roeylibfeld/Documents/KARI\ Creatives/DaBin/native/Sources/DaBin/DailyArchive.swift /Users/roeylibfeld/Documents/KARI\ Creatives/DaBin/native/Sources/DaBin/DailyCaptureView.swift (in target 'DaBin' from project 'DaBin')

SwiftCompile normal arm64 /Users/roeylibfeld/Documents/KARI\ Creatives/DaBin/native/Sources/DaBin/ClipboardRetentionService.swift (in target 'DaBin' from project 'DaBin')
    cd /Users/roeylibfeld/Documents/KARI\ Creatives/DaBin/native
    builtin-SwiftPerFileCompile ClipboardRetentionService.swift

SwiftCompile normal arm64 /Users/roeylibfeld/Documents/KARI\ Creatives/DaBin/native/Sources/DaBin/ClipboardRetentionSettings.swift (in target 'DaBin' from project 'DaBin')
    cd /Users/roeylibfeld/Documents/KARI\ Creatives/DaBin/native
    builtin-SwiftPerFileCompile ClipboardRetentionSettings.swift

SwiftCompile normal arm64 /Users/roeylibfeld/Documents/KARI\ Creatives/DaBin/native/Sources/DaBin/CollectionPreviewMosaic.swift (in target 'DaBin' from project 'DaBin')
    cd /Users/roeylibfeld/Documents/KARI\ Creatives/DaBin/native
    builtin-SwiftPerFileCompile CollectionPreviewMosaic.swift

SwiftCompile normal arm64 /Users/roeylibfeld/Documents/KARI\ Creatives/DaBin/native/Sources/DaBin/ContentIndexService.swift (in target 'DaBin' from project 'DaBin')
    cd /Users/roeylibfeld/Documents/KARI\ Creatives/DaBin/native
    builtin-SwiftPerFileCompile ContentIndexService.swift

SwiftCompile normal arm64 /Users/roeylibfeld/Documents/KARI\ Creatives/DaBin/native/Sources/DaBin/CornerController.swift (in target 'DaBin' from project 'DaBin')
    cd /Users/roeylibfeld/Documents/KARI\ Creatives/DaBin/native
    builtin-SwiftPerFileCompile CornerController.swift

SwiftCompile normal arm64 /Users/roeylibfeld/Documents/KARI\ Creatives/DaBin/native/Sources/DaBin/DaBinLogo.swift (in target 'DaBin' from project 'DaBin')
    cd /Users/roeylibfeld/Documents/KARI\ Creatives/DaBin/native
    builtin-SwiftPerFileCompile DaBinLogo.swift

SwiftCompile normal arm64 /Users/roeylibfeld/Documents/KARI\ Creatives/DaBin/native/Sources/DaBin/DaBinMain.swift (in target 'DaBin' from project 'DaBin')
    cd /Users/roeylibfeld/Documents/KARI\ Creatives/DaBin/native
    builtin-SwiftPerFileCompile DaBinMain.swift

SwiftCompile normal arm64 /Users/roeylibfeld/Documents/KARI\ Creatives/DaBin/native/Sources/DaBin/DailyArchive.swift (in target 'DaBin' from project 'DaBin')
    cd /Users/roeylibfeld/Documents/KARI\ Creatives/DaBin/native
    builtin-SwiftPerFileCompile DailyArchive.swift

SwiftCompile normal arm64 /Users/roeylibfeld/Documents/KARI\ Creatives/DaBin/native/Sources/DaBin/DailyCaptureView.swift (in target 'DaBin' from project 'DaBin')
    cd /Users/roeylibfeld/Documents/KARI\ Creatives/DaBin/native
    builtin-SwiftPerFileCompile DailyCaptureView.swift

SwiftCompile normal arm64 Compiling\ AutoCaptureSettings.swift,\ AutoCaptureSignMotion.swift,\ AutoCaptureSignRouting.swift,\ AutoCaptureSignView.swift,\ AutoRecordIndicator.swift,\ BoardComponents.swift,\ BoardResizeGeometry.swift,\ BoardView.swift,\ BoardWindowChrome.swift,\ BoredRobotView.swift /Users/roeylibfeld/Documents/KARI\ Creatives/DaBin/native/Sources/DaBin/AutoCaptureSettings.swift /Users/roeylibfeld/Documents/KARI\ Creatives/DaBin/native/Sources/DaBin/AutoCaptureSignMotion.swift /Users/roeylibfeld/Documents/KARI\ Creatives/DaBin/native/Sources/DaBin/AutoCaptureSignRouting.swift /Users/roeylibfeld/Documents/KARI\ Creatives/DaBin/native/Sources/DaBin/AutoCaptureSignView.swift /Users/roeylibfeld/Documents/KARI\ Creatives/DaBin/native/Sources/DaBin/AutoRecordIndicator.swift /Users/roeylibfeld/Documents/KARI\ Creatives/DaBin/native/Sources/DaBin/BoardComponents.swift /Users/roeylibfeld/Documents/KARI\ Creatives/DaBin/native/Sources/DaBin/BoardResizeGeometry.swift /Users/roeylibfeld/Documents/KARI\ Creatives/DaBin/native/Sources/DaBin/BoardView.swift /Users/roeylibfeld/Documents/KARI\ Creatives/DaBin/native/Sources/DaBin/BoardWindowChrome.swift /Users/roeylibfeld/Documents/KARI\ Creatives/DaBin/native/Sources/DaBin/BoredRobotView.swift (in target 'DaBin' from project 'DaBin')

SwiftCompile normal arm64 /Users/roeylibfeld/Documents/KARI\ Creatives/DaBin/native/Sources/DaBin/AutoCaptureSettings.swift (in target 'DaBin' from project 'DaBin')
    cd /Users/roeylibfeld/Documents/KARI\ Creatives/DaBin/native
    builtin-SwiftPerFileCompile AutoCaptureSettings.swift

SwiftCompile normal arm64 /Users/roeylibfeld/Documents/KARI\ Creatives/DaBin/native/Sources/DaBin/AutoCaptureSignMotion.swift (in target 'DaBin' from project 'DaBin')
    cd /Users/roeylibfeld/Documents/KARI\ Creatives/DaBin/native
    builtin-SwiftPerFileCompile AutoCaptureSignMotion.swift

SwiftCompile normal arm64 /Users/roeylibfeld/Documents/KARI\ Creatives/DaBin/native/Sources/DaBin/AutoCaptureSignRouting.swift (in target 'DaBin' from project 'DaBin')
    cd /Users/roeylibfeld/Documents/KARI\ Creatives/DaBin/native
    builtin-SwiftPerFileCompile AutoCaptureSignRouting.swift

SwiftCompile normal arm64 /Users/roeylibfeld/Documents/KARI\ Creatives/DaBin/native/Sources/DaBin/AutoCaptureSignView.swift (in target 'DaBin' from project 'DaBin')
    cd /Users/roeylibfeld/Documents/KARI\ Creatives/DaBin/native
    builtin-SwiftPerFileCompile AutoCaptureSignView.swift

SwiftCompile normal arm64 /Users/roeylibfeld/Documents/KARI\ Creatives/DaBin/native/Sources/DaBin/AutoRecordIndicator.swift (in target 'DaBin' from project 'DaBin')
    cd /Users/roeylibfeld/Documents/KARI\ Creatives/DaBin/native
    builtin-SwiftPerFileCompile AutoRecordIndicator.swift

SwiftCompile normal arm64 /Users/roeylibfeld/Documents/KARI\ Creatives/DaBin/native/Sources/DaBin/BoardComponents.swift (in target 'DaBin' from project 'DaBin')
    cd /Users/roeylibfeld/Documents/KARI\ Creatives/DaBin/native
    builtin-SwiftPerFileCompile BoardComponents.swift

SwiftCompile normal arm64 /Users/roeylibfeld/Documents/KARI\ Creatives/DaBin/native/Sources/DaBin/BoardResizeGeometry.swift (in target 'DaBin' from project 'DaBin')
    cd /Users/roeylibfeld/Documents/KARI\ Creatives/DaBin/native
    builtin-SwiftPerFileCompile BoardResizeGeometry.swift

SwiftCompile normal arm64 /Users/roeylibfeld/Documents/KARI\ Creatives/DaBin/native/Sources/DaBin/BoardView.swift (in target 'DaBin' from project 'DaBin')
    cd /Users/roeylibfeld/Documents/KARI\ Creatives/DaBin/native
    builtin-SwiftPerFileCompile BoardView.swift

SwiftCompile normal arm64 /Users/roeylibfeld/Documents/KARI\ Creatives/DaBin/native/Sources/DaBin/BoardWindowChrome.swift (in target 'DaBin' from project 'DaBin')
    cd /Users/roeylibfeld/Documents/KARI\ Creatives/DaBin/native
    builtin-SwiftPerFileCompile BoardWindowChrome.swift

SwiftCompile normal arm64 /Users/roeylibfeld/Documents/KARI\ Creatives/DaBin/native/Sources/DaBin/BoredRobotView.swift (in target 'DaBin' from project 'DaBin')
    cd /Users/roeylibfeld/Documents/KARI\ Creatives/DaBin/native
    builtin-SwiftPerFileCompile BoredRobotView.swift

SwiftCompile normal arm64 Compiling\ DailyScreen.swift,\ DayExport.swift,\ DayExportUI.swift,\ DetailScreen.swift,\ Domain.swift,\ DraftArchive.swift,\ ExplorerItems.swift,\ ExplorerQuery.swift,\ ExplorerScreen.swift /Users/roeylibfeld/Documents/KARI\ Creatives/DaBin/native/Sources/DaBin/DailyScreen.swift /Users/roeylibfeld/Documents/KARI\ Creatives/DaBin/native/Sources/DaBin/DayExport.swift /Users/roeylibfeld/Documents/KARI\ Creatives/DaBin/native/Sources/DaBin/DayExportUI.swift /Users/roeylibfeld/Documents/KARI\ Creatives/DaBin/native/Sources/DaBin/DetailScreen.swift /Users/roeylibfeld/Documents/KARI\ Creatives/DaBin/native/Sources/DaBin/Domain.swift /Users/roeylibfeld/Documents/KARI\ Creatives/DaBin/native/Sources/DaBin/DraftArchive.swift /Users/roeylibfeld/Documents/KARI\ Creatives/DaBin/native/Sources/DaBin/ExplorerItems.swift /Users/roeylibfeld/Documents/KARI\ Creatives/DaBin/native/Sources/DaBin/ExplorerQuery.swift /Users/roeylibfeld/Documents/KARI\ Creatives/DaBin/native/Sources/DaBin/ExplorerScreen.swift (in target 'DaBin' from project 'DaBin')

SwiftCompile normal arm64 /Users/roeylibfeld/Documents/KARI\ Creatives/DaBin/native/Sources/DaBin/DailyScreen.swift (in target 'DaBin' from project 'DaBin')
    cd /Users/roeylibfeld/Documents/KARI\ Creatives/DaBin/native
    builtin-SwiftPerFileCompile DailyScreen.swift

SwiftCompile normal arm64 /Users/roeylibfeld/Documents/KARI\ Creatives/DaBin/native/Sources/DaBin/DayExport.swift (in target 'DaBin' from project 'DaBin')
    cd /Users/roeylibfeld/Documents/KARI\ Creatives/DaBin/native
    builtin-SwiftPerFileCompile DayExport.swift

SwiftCompile normal arm64 /Users/roeylibfeld/Documents/KARI\ Creatives/DaBin/native/Sources/DaBin/DayExportUI.swift (in target 'DaBin' from project 'DaBin')
    cd /Users/roeylibfeld/Documents/KARI\ Creatives/DaBin/native
    builtin-SwiftPerFileCompile DayExportUI.swift

SwiftCompile normal arm64 /Users/roeylibfeld/Documents/KARI\ Creatives/DaBin/native/Sources/DaBin/DetailScreen.swift (in target 'DaBin' from project 'DaBin')
    cd /Users/roeylibfeld/Documents/KARI\ Creatives/DaBin/native
    builtin-SwiftPerFileCompile DetailScreen.swift

SwiftCompile normal arm64 /Users/roeylibfeld/Documents/KARI\ Creatives/DaBin/native/Sources/DaBin/Domain.swift (in target 'DaBin' from project 'DaBin')
    cd /Users/roeylibfeld/Documents/KARI\ Creatives/DaBin/native
    builtin-SwiftPerFileCompile Domain.swift

SwiftCompile normal arm64 /Users/roeylibfeld/Documents/KARI\ Creatives/DaBin/native/Sources/DaBin/DraftArchive.swift (in target 'DaBin' from project 'DaBin')
    cd /Users/roeylibfeld/Documents/KARI\ Creatives/DaBin/native
    builtin-SwiftPerFileCompile DraftArchive.swift

SwiftCompile normal arm64 /Users/roeylibfeld/Documents/KARI\ Creatives/DaBin/native/Sources/DaBin/ExplorerItems.swift (in target 'DaBin' from project 'DaBin')
    cd /Users/roeylibfeld/Documents/KARI\ Creatives/DaBin/native
    builtin-SwiftPerFileCompile ExplorerItems.swift

SwiftCompile normal arm64 /Users/roeylibfeld/Documents/KARI\ Creatives/DaBin/native/Sources/DaBin/ExplorerQuery.swift (in target 'DaBin' from project 'DaBin')
    cd /Users/roeylibfeld/Documents/KARI\ Creatives/DaBin/native
    builtin-SwiftPerFileCompile ExplorerQuery.swift

SwiftCompile normal arm64 /Users/roeylibfeld/Documents/KARI\ Creatives/DaBin/native/Sources/DaBin/ExplorerScreen.swift (in target 'DaBin' from project 'DaBin')
    cd /Users/roeylibfeld/Documents/KARI\ Creatives/DaBin/native
    builtin-SwiftPerFileCompile ExplorerScreen.swift

SwiftDriverJobDiscovery normal arm64 Compiling QuietOrbitGeometry.swift, QuietOrbitVisualStyle.swift, ReminderAlertCoordinator.swift, ReminderClockEditor.swift, ReminderLifecycle.swift, ReminderSchedule.swift, ReminderService.swift, RemindersScreen.swift, RobotAppFrameView.swift (in target 'DaBin' from project 'DaBin')

SwiftDriverJobDiscovery normal arm64 Compiling RobotCharacterView.swift, RobotLifecycle.swift, RobotMotion.swift, RobotPlacementSettings.swift, RobotProjectSignView.swift, RobotView.swift, ScratchpadView.swift, ScreenshotFolderMonitor.swift, SearchColumnViewport.swift (in target 'DaBin' from project 'DaBin')

SwiftDriverJobDiscovery normal arm64 Compiling WindowDragHandle.swift, WorkspaceClipboard.swift, WorkspaceInput.swift, WorkspaceItemCard.swift, WorkspaceQuery.swift, WorkspaceStore.swift, WorkspaceZoom.swift, WorkspaceZoomLayout.swift, WorkspaceZoomScrollAnchor.swift (in target 'DaBin' from project 'DaBin')

SwiftDriverJobDiscovery normal arm64 Emitting module for DaBin (in target 'DaBin' from project 'DaBin')

SwiftDriver\ Compilation\ Requirements DaBin normal arm64 com.apple.xcode.tools.swift.compiler (in target 'DaBin' from project 'DaBin')
    cd /Users/roeylibfeld/Documents/KARI\ Creatives/DaBin/native
    builtin-Swift-Compilation-Requirements -- /Applications/Xcode.app/Contents/Developer/Toolchains/XcodeDefault.xctoolchain/usr/bin/swiftc -module-name DaBin -Onone @/tmp/dabin-xcode-full-qa-20261004/Build/Intermediates.noindex/DaBin.build/Debug/DaBin.build/Objects-normal/arm64/DaBin.SwiftFileList -DDEBUG -enable-bare-slash-regex -enable-experimental-feature DebugDescriptionMacro -sdk /Applications/Xcode.app/Contents/Developer/Platforms/MacOSX.platform/Developer/SDKs/MacOSX27.0.sdk -target arm64-apple-macos14.0 -g -module-cache-path /tmp/dabin-xcode-full-qa-20261004/ModuleCache.noindex -Xfrontend -serialize-debugging-options -enable-testing -warnings-as-errors -index-store-path /tmp/dabin-xcode-full-qa-20261004/Index.noindex/DataStore -swift-version 5 -I /tmp/dabin-xcode-full-qa-20261004/Build/Products/Debug -F /tmp/dabin-xcode-full-qa-20261004/Build/Products/Debug -c -j15 -enable-batch-mode -incremental -Xcc -ivfsstatcache -Xcc /tmp/dabin-xcode-full-qa-20261004/SDKStatCaches.noindex/macosx27.0-26A425-7231f6df4def33e022ae2eb8f782df1a.sdkstatcache -output-file-map /tmp/dabin-xcode-full-qa-20261004/Build/Intermediates.noindex/DaBin.build/Debug/DaBin.build/Objects-normal/arm64/DaBin-OutputFileMap.json -save-temps -no-color-diagnostics -explicit-module-build -module-cache-path /tmp/dabin-xcode-full-qa-20261004/Build/Intermediates.noindex/SwiftExplicitPrecompiledModules -clang-scanner-module-cache-path /tmp/dabin-xcode-full-qa-20261004/ModuleCache.noindex -sdk-module-cache-path /tmp/dabin-xcode-full-qa-20261004/SDKExplicitPrecompiledModules -emit-dependencies -emit-module -emit-module-path /tmp/dabin-xcode-full-qa-20261004/Build/Intermediates.noindex/DaBin.build/Debug/DaBin.build/Objects-normal/arm64/DaBin.swiftmodule -serialize-diagnostics -dependency-scan-serialize-diagnostics-path /tmp/dabin-xcode-full-qa-20261004/Build/Intermediates.noindex/DaBin.build/Debug/DaBin.build/Objects-normal/arm64/DaBin-dependency-scan.dia -validate-clang-modules-once -clang-build-session-file /tmp/dabin-xcode-full-qa-20261004/ModuleCache.noindex/Session.modulevalidation -Xcc -fmodules-prune-interval\=86400 -Xcc -fmodules-prune-after\=345600 -emit-const-values -const-gather-protocols-list /tmp/dabin-xcode-full-qa-20261004/Build/Intermediates.noindex/DaBin.build/Debug/DaBin.build/Objects-normal/arm64/DaBin_const_extract_protocols.json -Xcc -iquote -Xcc /tmp/dabin-xcode-full-qa-20261004/Build/Intermediates.noindex/DaBin.build/Debug/DaBin.build/DaBin-generated-files.hmap -Xcc -I/tmp/dabin-xcode-full-qa-20261004/Build/Intermediates.noindex/DaBin.build/Debug/DaBin.build/DaBin-own-target-headers.hmap -Xcc -I/tmp/dabin-xcode-full-qa-20261004/Build/Intermediates.noindex/DaBin.build/Debug/DaBin.build/DaBin-all-target-headers.hmap -Xcc -iquote -Xcc /tmp/dabin-xcode-full-qa-20261004/Build/Intermediates.noindex/DaBin.build/Debug/DaBin.build/DaBin-project-headers.hmap -Xcc -I/tmp/dabin-xcode-full-qa-20261004/Build/Products/Debug/include -Xcc -I/tmp/dabin-xcode-full-qa-20261004/Build/Intermediates.noindex/DaBin.build/Debug/DaBin.build/DerivedSources-normal/arm64 -Xcc -I/tmp/dabin-xcode-full-qa-20261004/Build/Intermediates.noindex/DaBin.build/Debug/DaBin.build/DerivedSources/arm64 -Xcc -I/tmp/dabin-xcode-full-qa-20261004/Build/Intermediates.noindex/DaBin.build/Debug/DaBin.build/DerivedSources -emit-objc-header -emit-objc-header-path /tmp/dabin-xcode-full-qa-20261004/Build/Intermediates.noindex/DaBin.build/Debug/DaBin.build/Objects-normal/arm64/DaBin-Swift.h -working-directory /Users/roeylibfeld/Documents/KARI\ Creatives/DaBin/native -experimental-emit-module-separately -disable-cmo

SwiftMergeGeneratedHeaders /tmp/dabin-xcode-full-qa-20261004/Build/Intermediates.noindex/DaBin.build/Debug/DaBin.build/DerivedSources/DaBin-Swift.h /tmp/dabin-xcode-full-qa-20261004/Build/Intermediates.noindex/DaBin.build/Debug/DaBin.build/Objects-normal/arm64/DaBin-Swift.h (in target 'DaBin' from project 'DaBin')
    cd /Users/roeylibfeld/Documents/KARI\ Creatives/DaBin/native
    builtin-swiftHeaderTool -arch arm64 /tmp/dabin-xcode-full-qa-20261004/Build/Intermediates.noindex/DaBin.build/Debug/DaBin.build/Objects-normal/arm64/DaBin-Swift.h -o /tmp/dabin-xcode-full-qa-20261004/Build/Intermediates.noindex/DaBin.build/Debug/DaBin.build/DerivedSources/DaBin-Swift.h

Copy /tmp/dabin-xcode-full-qa-20261004/Build/Products/Debug/DaBin.swiftmodule/arm64-apple-macos.swiftmodule /tmp/dabin-xcode-full-qa-20261004/Build/Intermediates.noindex/DaBin.build/Debug/DaBin.build/Objects-normal/arm64/DaBin.swiftmodule (in target 'DaBin' from project 'DaBin')
    cd /Users/roeylibfeld/Documents/KARI\ Creatives/DaBin/native
    builtin-copy -exclude .DS_Store -exclude CVS -exclude .svn -exclude .git -exclude .hg -strip-unsigned-binaries -strip-deterministic -strip-tool /Applications/Xcode.app/Contents/Developer/Toolchains/XcodeDefault.xctoolchain/usr/bin/strip -resolve-src-symlinks -rename /tmp/dabin-xcode-full-qa-20261004/Build/Intermediates.noindex/DaBin.build/Debug/DaBin.build/Objects-normal/arm64/DaBin.swiftmodule /tmp/dabin-xcode-full-qa-20261004/Build/Products/Debug/DaBin.swiftmodule/arm64-apple-macos.swiftmodule

Copy /tmp/dabin-xcode-full-qa-20261004/Build/Products/Debug/DaBin.swiftmodule/arm64-apple-macos.swiftdoc /tmp/dabin-xcode-full-qa-20261004/Build/Intermediates.noindex/DaBin.build/Debug/DaBin.build/Objects-normal/arm64/DaBin.swiftdoc (in target 'DaBin' from project 'DaBin')
    cd /Users/roeylibfeld/Documents/KARI\ Creatives/DaBin/native
    builtin-copy -exclude .DS_Store -exclude CVS -exclude .svn -exclude .git -exclude .hg -strip-unsigned-binaries -strip-deterministic -strip-tool /Applications/Xcode.app/Contents/Developer/Toolchains/XcodeDefault.xctoolchain/usr/bin/strip -resolve-src-symlinks -rename /tmp/dabin-xcode-full-qa-20261004/Build/Intermediates.noindex/DaBin.build/Debug/DaBin.build/Objects-normal/arm64/DaBin.swiftdoc /tmp/dabin-xcode-full-qa-20261004/Build/Products/Debug/DaBin.swiftmodule/arm64-apple-macos.swiftdoc

Copy /tmp/dabin-xcode-full-qa-20261004/Build/Products/Debug/DaBin.swiftmodule/arm64-apple-macos.abi.json /tmp/dabin-xcode-full-qa-20261004/Build/Intermediates.noindex/DaBin.build/Debug/DaBin.build/Objects-normal/arm64/DaBin.abi.json (in target 'DaBin' from project 'DaBin')
    cd /Users/roeylibfeld/Documents/KARI\ Creatives/DaBin/native
    builtin-copy -exclude .DS_Store -exclude CVS -exclude .svn -exclude .git -exclude .hg -strip-unsigned-binaries -strip-deterministic -strip-tool /Applications/Xcode.app/Contents/Developer/Toolchains/XcodeDefault.xctoolchain/usr/bin/strip -resolve-src-symlinks -rename /tmp/dabin-xcode-full-qa-20261004/Build/Intermediates.noindex/DaBin.build/Debug/DaBin.build/Objects-normal/arm64/DaBin.abi.json /tmp/dabin-xcode-full-qa-20261004/Build/Products/Debug/DaBin.swiftmodule/arm64-apple-macos.abi.json

Copy /tmp/dabin-xcode-full-qa-20261004/Build/Products/Debug/DaBin.swiftmodule/Project/arm64-apple-macos.swiftsourceinfo /tmp/dabin-xcode-full-qa-20261004/Build/Intermediates.noindex/DaBin.build/Debug/DaBin.build/Objects-normal/arm64/DaBin.swiftsourceinfo (in target 'DaBin' from project 'DaBin')
    cd /Users/roeylibfeld/Documents/KARI\ Creatives/DaBin/native
    builtin-copy -exclude .DS_Store -exclude CVS -exclude .svn -exclude .git -exclude .hg -strip-unsigned-binaries -strip-deterministic -strip-tool /Applications/Xcode.app/Contents/Developer/Toolchains/XcodeDefault.xctoolchain/usr/bin/strip -resolve-src-symlinks -rename /tmp/dabin-xcode-full-qa-20261004/Build/Intermediates.noindex/DaBin.build/Debug/DaBin.build/Objects-normal/arm64/DaBin.swiftsourceinfo /tmp/dabin-xcode-full-qa-20261004/Build/Products/Debug/DaBin.swiftmodule/Project/arm64-apple-macos.swiftsourceinfo

SwiftDriverJobDiscovery normal arm64 Compiling CaptureFilterStrip.swift, CapturePresentation.swift, CapturePreviews.swift, CaptureProvenance.swift, CaptureRemoval.swift, CaptureRepository.swift, CaptureSourceView.swift, CaptureStore.swift, CaptureTrailView.swift (in target 'DaBin' from project 'DaBin')

SwiftDriverJobDiscovery normal arm64 Compiling IslandRobotChoreography.swift, LibraryScreen.swift, LocalDOCXTextExtractor.swift, NativeContentDrag.swift, NavigationHistory.swift, NewNoteScreen.swift, OriginalFileStorage.swift, PreviewRequest.swift, PreviewService.swift (in target 'DaBin' from project 'DaBin')

SwiftDriverJobDiscovery normal arm64 Compiling TaskEditorScreen.swift, TaskFocusControls.swift, TaskFocusSession.swift, TaskPlanning.swift, TaskPlanningEditor.swift, TaskTimerAlarmMotion.swift, TaskTimerRobotPresenter.swift, TaskTimerRobotView.swift, ThemeSettings.swift (in target 'DaBin' from project 'DaBin')

SwiftDriverJobDiscovery normal arm64 Compiling ExplorerTransfer.swift, ExplorerViewport.swift, FittedPDFPreview.swift, GroupedCaptureCard.swift, HourlyCaptureCard.swift, HourlyCaptureFeed.swift, HoverTooltips.swift, InboxScreen.swift, InputService.swift (in target 'DaBin' from project 'DaBin')

SwiftDriverJobDiscovery normal arm64 Compiling ClipboardRetentionService.swift, ClipboardRetentionSettings.swift, CollectionPreviewMosaic.swift, ContentIndexService.swift, CornerController.swift, DaBinLogo.swift, DaBinMain.swift, DailyArchive.swift, DailyCaptureView.swift (in target 'DaBin' from project 'DaBin')

SwiftDriverJobDiscovery normal arm64 Compiling TimelineCalendarPicker.swift, TodayPlanningScreen.swift, TodayTaskCard.swift, TransientMessagePresentation.swift, TrashScreen.swift, UpdateHandoff.swift, WeeklyDateSelection.swift, WeeklyScopeActions.swift, WeeklyScreen.swift (in target 'DaBin' from project 'DaBin')

SwiftDriverJobDiscovery normal arm64 Compiling BuddyControls.swift, CaptureAnnotations.swift, CaptureCardGroup.swift, CaptureCards.swift, CaptureClipboard.swift, CaptureCopyButton.swift, CaptureDetailPanels.swift, CaptureExtendedCanvas.swift, CaptureExtendedWindow.swift (in target 'DaBin' from project 'DaBin')

SwiftDriverJobDiscovery normal arm64 Compiling AccessibilityAnnouncement.swift, AppDelegate.swift, AppState.swift, ApplicationCoordinator.swift, ApplicationMenu.swift, ArchiveBackup.swift, AutoCaptureFingerprint.swift, AutoCaptureRobotCelebration.swift, AutoCaptureRobotPresenter.swift, AutoCaptureService.swift (in target 'DaBin' from project 'DaBin')

SwiftDriverJobDiscovery normal arm64 Compiling AutoCaptureSettings.swift, AutoCaptureSignMotion.swift, AutoCaptureSignRouting.swift, AutoCaptureSignView.swift, AutoRecordIndicator.swift, BoardComponents.swift, BoardResizeGeometry.swift, BoardView.swift, BoardWindowChrome.swift, BoredRobotView.swift (in target 'DaBin' from project 'DaBin')

SwiftDriverJobDiscovery normal arm64 Compiling PrivacyInformation.swift, ProjectFileArchive.swift, ProjectPickerView.swift, ProjectWorkspaceCard.swift, ProjectWorkspaceExport.swift, ProjectWorkspaceState.swift, ProjectWorkspaceTasks.swift, ProjectWorkspaceView.swift, QuickAccess.swift (in target 'DaBin' from project 'DaBin')

SwiftDriverJobDiscovery normal arm64 Compiling SearchDateBoard.swift, SearchResultCard.swift, SearchScreen.swift, SettingsScreen.swift, ShelfCaptureController.swift, ShelfExport.swift, SoftwareUpdateService.swift, StatusBarController.swift, TaskAttachmentsView.swift (in target 'DaBin' from project 'DaBin')

SwiftDriverJobDiscovery normal arm64 Compiling DailyScreen.swift, DayExport.swift, DayExportUI.swift, DetailScreen.swift, Domain.swift, DraftArchive.swift, ExplorerItems.swift, ExplorerQuery.swift, ExplorerScreen.swift (in target 'DaBin' from project 'DaBin')

SwiftDriver\ Compilation DaBin normal arm64 com.apple.xcode.tools.swift.compiler (in target 'DaBin' from project 'DaBin')
    cd /Users/roeylibfeld/Documents/KARI\ Creatives/DaBin/native
    builtin-Swift-Compilation -- /Applications/Xcode.app/Contents/Developer/Toolchains/XcodeDefault.xctoolchain/usr/bin/swiftc -module-name DaBin -Onone @/tmp/dabin-xcode-full-qa-20261004/Build/Intermediates.noindex/DaBin.build/Debug/DaBin.build/Objects-normal/arm64/DaBin.SwiftFileList -DDEBUG -enable-bare-slash-regex -enable-experimental-feature DebugDescriptionMacro -sdk /Applications/Xcode.app/Contents/Developer/Platforms/MacOSX.platform/Developer/SDKs/MacOSX27.0.sdk -target arm64-apple-macos14.0 -g -module-cache-path /tmp/dabin-xcode-full-qa-20261004/ModuleCache.noindex -Xfrontend -serialize-debugging-options -enable-testing -warnings-as-errors -index-store-path /tmp/dabin-xcode-full-qa-20261004/Index.noindex/DataStore -swift-version 5 -I /tmp/dabin-xcode-full-qa-20261004/Build/Products/Debug -F /tmp/dabin-xcode-full-qa-20261004/Build/Products/Debug -c -j15 -enable-batch-mode -incremental -Xcc -ivfsstatcache -Xcc /tmp/dabin-xcode-full-qa-20261004/SDKStatCaches.noindex/macosx27.0-26A425-7231f6df4def33e022ae2eb8f782df1a.sdkstatcache -output-file-map /tmp/dabin-xcode-full-qa-20261004/Build/Intermediates.noindex/DaBin.build/Debug/DaBin.build/Objects-normal/arm64/DaBin-OutputFileMap.json -save-temps -no-color-diagnostics -explicit-module-build -module-cache-path /tmp/dabin-xcode-full-qa-20261004/Build/Intermediates.noindex/SwiftExplicitPrecompiledModules -clang-scanner-module-cache-path /tmp/dabin-xcode-full-qa-20261004/ModuleCache.noindex -sdk-module-cache-path /tmp/dabin-xcode-full-qa-20261004/SDKExplicitPrecompiledModules -emit-dependencies -emit-module -emit-module-path /tmp/dabin-xcode-full-qa-20261004/Build/Intermediates.noindex/DaBin.build/Debug/DaBin.build/Objects-normal/arm64/DaBin.swiftmodule -serialize-diagnostics -dependency-scan-serialize-diagnostics-path /tmp/dabin-xcode-full-qa-20261004/Build/Intermediates.noindex/DaBin.build/Debug/DaBin.build/Objects-normal/arm64/DaBin-dependency-scan.dia -validate-clang-modules-once -clang-build-session-file /tmp/dabin-xcode-full-qa-20261004/ModuleCache.noindex/Session.modulevalidation -Xcc -fmodules-prune-interval\=86400 -Xcc -fmodules-prune-after\=345600 -emit-const-values -const-gather-protocols-list /tmp/dabin-xcode-full-qa-20261004/Build/Intermediates.noindex/DaBin.build/Debug/DaBin.build/Objects-normal/arm64/DaBin_const_extract_protocols.json -Xcc -iquote -Xcc /tmp/dabin-xcode-full-qa-20261004/Build/Intermediates.noindex/DaBin.build/Debug/DaBin.build/DaBin-generated-files.hmap -Xcc -I/tmp/dabin-xcode-full-qa-20261004/Build/Intermediates.noindex/DaBin.build/Debug/DaBin.build/DaBin-own-target-headers.hmap -Xcc -I/tmp/dabin-xcode-full-qa-20261004/Build/Intermediates.noindex/DaBin.build/Debug/DaBin.build/DaBin-all-target-headers.hmap -Xcc -iquote -Xcc /tmp/dabin-xcode-full-qa-20261004/Build/Intermediates.noindex/DaBin.build/Debug/DaBin.build/DaBin-project-headers.hmap -Xcc -I/tmp/dabin-xcode-full-qa-20261004/Build/Products/Debug/include -Xcc -I/tmp/dabin-xcode-full-qa-20261004/Build/Intermediates.noindex/DaBin.build/Debug/DaBin.build/DerivedSources-normal/arm64 -Xcc -I/tmp/dabin-xcode-full-qa-20261004/Build/Intermediates.noindex/DaBin.build/Debug/DaBin.build/DerivedSources/arm64 -Xcc -I/tmp/dabin-xcode-full-qa-20261004/Build/Intermediates.noindex/DaBin.build/Debug/DaBin.build/DerivedSources -emit-objc-header -emit-objc-header-path /tmp/dabin-xcode-full-qa-20261004/Build/Intermediates.noindex/DaBin.build/Debug/DaBin.build/Objects-normal/arm64/DaBin-Swift.h -working-directory /Users/roeylibfeld/Documents/KARI\ Creatives/DaBin/native -experimental-emit-module-separately -disable-cmo

Ld /tmp/dabin-xcode-full-qa-20261004/Build/Products/Debug/DaBin.app/Contents/MacOS/DaBin.debug.dylib normal (in target 'DaBin' from project 'DaBin')
    cd /Users/roeylibfeld/Documents/KARI\ Creatives/DaBin/native
    /Applications/Xcode.app/Contents/Developer/Toolchains/XcodeDefault.xctoolchain/usr/bin/clang -Xlinker -reproducible -target arm64-apple-macos14.0 -dynamiclib -isysroot /Applications/Xcode.app/Contents/Developer/Platforms/MacOSX.platform/Developer/SDKs/MacOSX27.0.sdk -Os -Xlinker -no_warn_duplicate_libraries -L/tmp/dabin-xcode-full-qa-20261004/Build/Intermediates.noindex/EagerLinkingTBDs/Debug -L/tmp/dabin-xcode-full-qa-20261004/Build/Products/Debug -F/tmp/dabin-xcode-full-qa-20261004/Build/Intermediates.noindex/EagerLinkingTBDs/Debug -F/tmp/dabin-xcode-full-qa-20261004/Build/Products/Debug -filelist /tmp/dabin-xcode-full-qa-20261004/Build/Intermediates.noindex/DaBin.build/Debug/DaBin.build/Objects-normal/arm64/DaBin.LinkFileList -install_name @rpath/DaBin.debug.dylib -Xlinker -rpath -Xlinker /usr/lib/swift -Xlinker -object_path_lto -Xlinker /tmp/dabin-xcode-full-qa-20261004/Build/Intermediates.noindex/DaBin.build/Debug/DaBin.build/Objects-normal/arm64/DaBin_lto.o -rdynamic -Xlinker -dependency_info -Xlinker /tmp/dabin-xcode-full-qa-20261004/Build/Intermediates.noindex/DaBin.build/Debug/DaBin.build/Objects-normal/arm64/DaBin_dependency_info.dat -fobjc-link-runtime -L/Applications/Xcode.app/Contents/Developer/Toolchains/XcodeDefault.xctoolchain/usr/lib/swift/macosx -L/usr/lib/swift -Xlinker -add_ast_path -Xlinker /tmp/dabin-xcode-full-qa-20261004/Build/Intermediates.noindex/DaBin.build/Debug/DaBin.build/Objects-normal/arm64/DaBin.swiftmodule -Xlinker -alias -Xlinker _main -Xlinker ___debug_main_executable_dylib_entry_point -Xlinker -no_adhoc_codesign -o /tmp/dabin-xcode-full-qa-20261004/Build/Products/Debug/DaBin.app/Contents/MacOS/DaBin.debug.dylib

ConstructStubExecutorLinkFileList /tmp/dabin-xcode-full-qa-20261004/Build/Intermediates.noindex/DaBin.build/Debug/DaBin.build/DaBin-ExecutorLinkFileList-normal-arm64.txt (in target 'DaBin' from project 'DaBin')
    cd /Users/roeylibfeld/Documents/KARI\ Creatives/DaBin/native
    construct-stub-executor-link-file-list /tmp/dabin-xcode-full-qa-20261004/Build/Products/Debug/DaBin.app/Contents/MacOS/DaBin.debug.dylib /Applications/Xcode.app/Contents/Developer/Platforms/MacOSX.platform/Developer/usr/lib/libPreviewsJITStubExecutor_no_swift_entry_point.a /Applications/Xcode.app/Contents/Developer/Platforms/MacOSX.platform/Developer/usr/lib/libPreviewsJITStubExecutor.a --output /tmp/dabin-xcode-full-qa-20261004/Build/Intermediates.noindex/DaBin.build/Debug/DaBin.build/DaBin-ExecutorLinkFileList-normal-arm64.txt
note: Using stub executor library with Swift entry point. (in target 'DaBin' from project 'DaBin')

Ld /tmp/dabin-xcode-full-qa-20261004/Build/Products/Debug/DaBin.app/Contents/MacOS/DaBin normal (in target 'DaBin' from project 'DaBin')
    cd /Users/roeylibfeld/Documents/KARI\ Creatives/DaBin/native
    /Applications/Xcode.app/Contents/Developer/Toolchains/XcodeDefault.xctoolchain/usr/bin/clang -Xlinker -reproducible -target arm64-apple-macos14.0 -isysroot /Applications/Xcode.app/Contents/Developer/Platforms/MacOSX.platform/Developer/SDKs/MacOSX27.0.sdk -Os -Xlinker -no_warn_duplicate_libraries -L/tmp/dabin-xcode-full-qa-20261004/Build/Products/Debug -F/tmp/dabin-xcode-full-qa-20261004/Build/Products/Debug -Xlinker -rpath -Xlinker @executable_path -rdynamic -e ___debug_blank_executor_main -Xlinker -sectcreate -Xlinker __TEXT -Xlinker __debug_dylib -Xlinker /tmp/dabin-xcode-full-qa-20261004/Build/Intermediates.noindex/DaBin.build/Debug/DaBin.build/DaBin-DebugDylibPath-normal-arm64.txt -Xlinker -sectcreate -Xlinker __TEXT -Xlinker __debug_instlnm -Xlinker /tmp/dabin-xcode-full-qa-20261004/Build/Intermediates.noindex/DaBin.build/Debug/DaBin.build/DaBin-DebugDylibInstallName-normal-arm64.txt -Xlinker -filelist -Xlinker /tmp/dabin-xcode-full-qa-20261004/Build/Intermediates.noindex/DaBin.build/Debug/DaBin.build/DaBin-ExecutorLinkFileList-normal-arm64.txt /tmp/dabin-xcode-full-qa-20261004/Build/Products/Debug/DaBin.app/Contents/MacOS/DaBin.debug.dylib -Xlinker -no_adhoc_codesign -o /tmp/dabin-xcode-full-qa-20261004/Build/Products/Debug/DaBin.app/Contents/MacOS/DaBin

ExtractAppIntentsMetadata (in target 'DaBin' from project 'DaBin')
    cd /Users/roeylibfeld/Documents/KARI\ Creatives/DaBin/native
    /Applications/Xcode.app/Contents/Developer/Toolchains/XcodeDefault.xctoolchain/usr/bin/appintentsmetadataprocessor --toolchain-dir /Applications/Xcode.app/Contents/Developer/Toolchains/XcodeDefault.xctoolchain --module-name DaBin --sdk-root /Applications/Xcode.app/Contents/Developer/Platforms/MacOSX.platform/Developer/SDKs/MacOSX27.0.sdk --xcode-version 27A266a --platform-family macOS --deployment-target 14.0 --bundle-identifier com.dabin.mac --output /tmp/dabin-xcode-full-qa-20261004/Build/Products/Debug/DaBin.app/Contents/Resources --target-triple arm64-apple-macos14.0 --binary-file /tmp/dabin-xcode-full-qa-20261004/Build/Products/Debug/DaBin.app/Contents/MacOS/DaBin --dependency-file /tmp/dabin-xcode-full-qa-20261004/Build/Intermediates.noindex/DaBin.build/Debug/DaBin.build/Objects-normal/arm64/DaBin_dependency_info.dat --stringsdata-file /tmp/dabin-xcode-full-qa-20261004/Build/Intermediates.noindex/DaBin.build/Debug/DaBin.build/Objects-normal/arm64/ExtractedAppShortcutsMetadata.stringsdata --source-file-list /tmp/dabin-xcode-full-qa-20261004/Build/Intermediates.noindex/DaBin.build/Debug/DaBin.build/Objects-normal/arm64/DaBin.SwiftFileList --metadata-file-list /tmp/dabin-xcode-full-qa-20261004/Build/Intermediates.noindex/DaBin.build/Debug/DaBin.build/DaBin.DependencyMetadataFileList --static-metadata-file-list /tmp/dabin-xcode-full-qa-20261004/Build/Intermediates.noindex/DaBin.build/Debug/DaBin.build/DaBin.DependencyStaticMetadataFileList --swift-const-vals-list /tmp/dabin-xcode-full-qa-20261004/Build/Intermediates.noindex/DaBin.build/Debug/DaBin.build/Objects-normal/arm64/DaBin.SwiftConstValuesFileList --compile-time-extraction --deployment-aware-processing --no-app-shortcuts-localization
2026-10-04 15:29:26.566 appintentsmetadataprocessor[13817:25451699] Starting appintentsmetadataprocessor export
2026-10-04 15:29:26.571 appintentsmetadataprocessor[13817:25451699] warning: Metadata extraction skipped, no AppIntents.framework dependency found

CopySwiftLibs /tmp/dabin-xcode-full-qa-20261004/Build/Products/Debug/DaBin.app (in target 'DaBin' from project 'DaBin')
    cd /Users/roeylibfeld/Documents/KARI\ Creatives/DaBin/native
    builtin-swiftStdLibTool --copy --verbose --sign - --scan-executable /tmp/dabin-xcode-full-qa-20261004/Build/Products/Debug/DaBin.app/Contents/MacOS/DaBin.debug.dylib --scan-folder /tmp/dabin-xcode-full-qa-20261004/Build/Products/Debug/DaBin.app/Contents/Frameworks --scan-folder /tmp/dabin-xcode-full-qa-20261004/Build/Products/Debug/DaBin.app/Contents/PlugIns --scan-folder /tmp/dabin-xcode-full-qa-20261004/Build/Products/Debug/DaBin.app/Contents/Library/SystemExtensions --scan-folder /tmp/dabin-xcode-full-qa-20261004/Build/Products/Debug/DaBin.app/Contents/Extensions --platform macosx --toolchain /Applications/Xcode.app/Contents/Developer/Toolchains/XcodeDefault.xctoolchain --destination /tmp/dabin-xcode-full-qa-20261004/Build/Products/Debug/DaBin.app/Contents/Frameworks --strip-bitcode --strip-bitcode-tool /Applications/Xcode.app/Contents/Developer/Toolchains/XcodeDefault.xctoolchain/usr/bin/bitcode_strip --emit-dependency-info /tmp/dabin-xcode-full-qa-20261004/Build/Intermediates.noindex/DaBin.build/Debug/DaBin.build/SwiftStdLibToolInputDependencies.dep --filter-for-swift-os --back-deploy-swift-span

WriteAuxiliaryFile /tmp/dabin-xcode-full-qa-20261004/Build/Intermediates.noindex/DaBin.build/Debug/DaBinTests.build/Objects-normal/arm64/DaBinTests.SwiftFileList (in target 'DaBinTests' from project 'DaBin')
    cd /Users/roeylibfeld/Documents/KARI\ Creatives/DaBin/native
    write-file /tmp/dabin-xcode-full-qa-20261004/Build/Intermediates.noindex/DaBin.build/Debug/DaBinTests.build/Objects-normal/arm64/DaBinTests.SwiftFileList

WriteAuxiliaryFile /tmp/dabin-xcode-full-qa-20261004/Build/Intermediates.noindex/DaBin.build/Debug/DaBinTests.build/Objects-normal/arm64/DaBinTests-OutputFileMap.json (in target 'DaBinTests' from project 'DaBin')
    cd /Users/roeylibfeld/Documents/KARI\ Creatives/DaBin/native
    write-file /tmp/dabin-xcode-full-qa-20261004/Build/Intermediates.noindex/DaBin.build/Debug/DaBinTests.build/Objects-normal/arm64/DaBinTests-OutputFileMap.json

ProcessInfoPlistFile /tmp/dabin-xcode-full-qa-20261004/Build/Products/Debug/DaBin.app/Contents/Info.plist /Users/roeylibfeld/Documents/KARI\ Creatives/DaBin/native/Resources/Info.plist (in target 'DaBin' from project 'DaBin')
    cd /Users/roeylibfeld/Documents/KARI\ Creatives/DaBin/native
    builtin-infoPlistUtility /Users/roeylibfeld/Documents/KARI\ Creatives/DaBin/native/Resources/Info.plist -producttype com.apple.product-type.application -genpkginfo /tmp/dabin-xcode-full-qa-20261004/Build/Products/Debug/DaBin.app/Contents/PkgInfo -expandbuildsettings -platform macosx -o /tmp/dabin-xcode-full-qa-20261004/Build/Products/Debug/DaBin.app/Contents/Info.plist

SwiftDriver DaBinTests normal arm64 com.apple.xcode.tools.swift.compiler (in target 'DaBinTests' from project 'DaBin')
    cd /Users/roeylibfeld/Documents/KARI\ Creatives/DaBin/native
    builtin-SwiftDriver -- /Applications/Xcode.app/Contents/Developer/Toolchains/XcodeDefault.xctoolchain/usr/bin/swiftc -module-name DaBinTests -Onone @/tmp/dabin-xcode-full-qa-20261004/Build/Intermediates.noindex/DaBin.build/Debug/DaBinTests.build/Objects-normal/arm64/DaBinTests.SwiftFileList -DDEBUG -plugin-path /Applications/Xcode.app/Contents/Developer/Toolchains/XcodeDefault.xctoolchain/usr/lib/swift/host/plugins/testing -enable-bare-slash-regex -enable-experimental-feature DebugDescriptionMacro -sdk /Applications/Xcode.app/Contents/Developer/Platforms/MacOSX.platform/Developer/SDKs/MacOSX27.0.sdk -target arm64-apple-macos14.0 -g -module-cache-path /tmp/dabin-xcode-full-qa-20261004/ModuleCache.noindex -Xfrontend -serialize-debugging-options -enable-testing -warnings-as-errors -index-store-path /tmp/dabin-xcode-full-qa-20261004/Index.noindex/DataStore -swift-version 5 -I /tmp/dabin-xcode-full-qa-20261004/Build/Products/Debug -Isystem /Applications/Xcode.app/Contents/Developer/Platforms/MacOSX.platform/Developer/usr/lib -F /tmp/dabin-xcode-full-qa-20261004/Build/Products/Debug -F /Applications/Xcode.app/Contents/Developer/Platforms/MacOSX.platform/Developer/Library/Frameworks -parse-as-library -c -j15 -enable-batch-mode -incremental -Xcc -ivfsstatcache -Xcc /tmp/dabin-xcode-full-qa-20261004/SDKStatCaches.noindex/macosx27.0-26A425-7231f6df4def33e022ae2eb8f782df1a.sdkstatcache -output-file-map /tmp/dabin-xcode-full-qa-20261004/Build/Intermediates.noindex/DaBin.build/Debug/DaBinTests.build/Objects-normal/arm64/DaBinTests-OutputFileMap.json -save-temps -no-color-diagnostics -explicit-module-build -module-cache-path /tmp/dabin-xcode-full-qa-20261004/Build/Intermediates.noindex/SwiftExplicitPrecompiledModules -clang-scanner-module-cache-path /tmp/dabin-xcode-full-qa-20261004/ModuleCache.noindex -sdk-module-cache-path /tmp/dabin-xcode-full-qa-20261004/SDKExplicitPrecompiledModules -emit-dependencies -emit-module -emit-module-path /tmp/dabin-xcode-full-qa-20261004/Build/Intermediates.noindex/DaBin.build/Debug/DaBinTests.build/Objects-normal/arm64/DaBinTests.swiftmodule -serialize-diagnostics -dependency-scan-serialize-diagnostics-path /tmp/dabin-xcode-full-qa-20261004/Build/Intermediates.noindex/DaBin.build/Debug/DaBinTests.build/Objects-normal/arm64/DaBinTests-dependency-scan.dia -validate-clang-modules-once -clang-build-session-file /tmp/dabin-xcode-full-qa-20261004/ModuleCache.noindex/Session.modulevalidation -Xcc -fmodules-prune-interval\=86400 -Xcc -fmodules-prune-after\=345600 -emit-const-values -const-gather-protocols-list /tmp/dabin-xcode-full-qa-20261004/Build/Intermediates.noindex/DaBin.build/Debug/DaBinTests.build/Objects-normal/arm64/DaBinTests_const_extract_protocols.json -Xcc -iquote -Xcc /tmp/dabin-xcode-full-qa-20261004/Build/Intermediates.noindex/DaBin.build/Debug/DaBinTests.build/DaBinTests-generated-files.hmap -Xcc -I/tmp/dabin-xcode-full-qa-20261004/Build/Intermediates.noindex/DaBin.build/Debug/DaBinTests.build/DaBinTests-own-target-headers.hmap -Xcc -I/tmp/dabin-xcode-full-qa-20261004/Build/Intermediates.noindex/DaBin.build/Debug/DaBinTests.build/DaBinTests-all-target-headers.hmap -Xcc -iquote -Xcc /tmp/dabin-xcode-full-qa-20261004/Build/Intermediates.noindex/DaBin.build/Debug/DaBinTests.build/DaBinTests-project-headers.hmap -Xcc -I/tmp/dabin-xcode-full-qa-20261004/Build/Products/Debug/include -Xcc -I/tmp/dabin-xcode-full-qa-20261004/Build/Intermediates.noindex/DaBin.build/Debug/DaBinTests.build/DerivedSources-normal/arm64 -Xcc -I/tmp/dabin-xcode-full-qa-20261004/Build/Intermediates.noindex/DaBin.build/Debug/DaBinTests.build/DerivedSources/arm64 -Xcc -I/tmp/dabin-xcode-full-qa-20261004/Build/Intermediates.noindex/DaBin.build/Debug/DaBinTests.build/DerivedSources -emit-objc-header -emit-objc-header-path /tmp/dabin-xcode-full-qa-20261004/Build/Intermediates.noindex/DaBin.build/Debug/DaBinTests.build/Objects-normal/arm64/DaBinTests-Swift.h -working-directory /Users/roeylibfeld/Documents/KARI\ Creatives/DaBin/native -experimental-emit-module-separately -disable-cmo

ProcessInfoPlistFile /tmp/dabin-xcode-full-qa-20261004/Build/Products/Debug/DaBin.app/Contents/PlugIns/DaBinTests.xctest/Contents/Info.plist /tmp/dabin-xcode-full-qa-20261004/Build/Intermediates.noindex/DaBin.build/Debug/DaBinTests.build/empty-DaBinTests.plist (in target 'DaBinTests' from project 'DaBin')
    cd /Users/roeylibfeld/Documents/KARI\ Creatives/DaBin/native
    builtin-infoPlistUtility /tmp/dabin-xcode-full-qa-20261004/Build/Intermediates.noindex/DaBin.build/Debug/DaBinTests.build/empty-DaBinTests.plist -producttype com.apple.product-type.bundle.unit-test -expandbuildsettings -platform macosx -o /tmp/dabin-xcode-full-qa-20261004/Build/Products/Debug/DaBin.app/Contents/PlugIns/DaBinTests.xctest/Contents/Info.plist

SwiftEmitModule normal arm64 Emitting\ module\ for\ DaBinTests (in target 'DaBinTests' from project 'DaBin')

SwiftCompile normal arm64 (in target 'DaBinTests' from project 'DaBin')
    cd /Users/roeylibfeld/Documents/KARI\ Creatives/DaBin/native
    

SwiftCompile normal arm64 Compiling\ XcodeSmokeTests.swift /Users/roeylibfeld/Documents/KARI\ Creatives/DaBin/native/Tests/XcodeSmokeTests.swift (in target 'DaBinTests' from project 'DaBin')

SwiftCompile normal arm64 /Users/roeylibfeld/Documents/KARI\ Creatives/DaBin/native/Tests/XcodeSmokeTests.swift (in target 'DaBinTests' from project 'DaBin')
    cd /Users/roeylibfeld/Documents/KARI\ Creatives/DaBin/native
    builtin-SwiftPerFileCompile XcodeSmokeTests.swift

SwiftDriverJobDiscovery normal arm64 Emitting module for DaBinTests (in target 'DaBinTests' from project 'DaBin')

SwiftDriver\ Compilation\ Requirements DaBinTests normal arm64 com.apple.xcode.tools.swift.compiler (in target 'DaBinTests' from project 'DaBin')
    cd /Users/roeylibfeld/Documents/KARI\ Creatives/DaBin/native
    builtin-Swift-Compilation-Requirements -- /Applications/Xcode.app/Contents/Developer/Toolchains/XcodeDefault.xctoolchain/usr/bin/swiftc -module-name DaBinTests -Onone @/tmp/dabin-xcode-full-qa-20261004/Build/Intermediates.noindex/DaBin.build/Debug/DaBinTests.build/Objects-normal/arm64/DaBinTests.SwiftFileList -DDEBUG -plugin-path /Applications/Xcode.app/Contents/Developer/Toolchains/XcodeDefault.xctoolchain/usr/lib/swift/host/plugins/testing -enable-bare-slash-regex -enable-experimental-feature DebugDescriptionMacro -sdk /Applications/Xcode.app/Contents/Developer/Platforms/MacOSX.platform/Developer/SDKs/MacOSX27.0.sdk -target arm64-apple-macos14.0 -g -module-cache-path /tmp/dabin-xcode-full-qa-20261004/ModuleCache.noindex -Xfrontend -serialize-debugging-options -enable-testing -warnings-as-errors -index-store-path /tmp/dabin-xcode-full-qa-20261004/Index.noindex/DataStore -swift-version 5 -I /tmp/dabin-xcode-full-qa-20261004/Build/Products/Debug -Isystem /Applications/Xcode.app/Contents/Developer/Platforms/MacOSX.platform/Developer/usr/lib -F /tmp/dabin-xcode-full-qa-20261004/Build/Products/Debug -F /Applications/Xcode.app/Contents/Developer/Platforms/MacOSX.platform/Developer/Library/Frameworks -parse-as-library -c -j15 -enable-batch-mode -incremental -Xcc -ivfsstatcache -Xcc /tmp/dabin-xcode-full-qa-20261004/SDKStatCaches.noindex/macosx27.0-26A425-7231f6df4def33e022ae2eb8f782df1a.sdkstatcache -output-file-map /tmp/dabin-xcode-full-qa-20261004/Build/Intermediates.noindex/DaBin.build/Debug/DaBinTests.build/Objects-normal/arm64/DaBinTests-OutputFileMap.json -save-temps -no-color-diagnostics -explicit-module-build -module-cache-path /tmp/dabin-xcode-full-qa-20261004/Build/Intermediates.noindex/SwiftExplicitPrecompiledModules -clang-scanner-module-cache-path /tmp/dabin-xcode-full-qa-20261004/ModuleCache.noindex -sdk-module-cache-path /tmp/dabin-xcode-full-qa-20261004/SDKExplicitPrecompiledModules -emit-dependencies -emit-module -emit-module-path /tmp/dabin-xcode-full-qa-20261004/Build/Intermediates.noindex/DaBin.build/Debug/DaBinTests.build/Objects-normal/arm64/DaBinTests.swiftmodule -serialize-diagnostics -dependency-scan-serialize-diagnostics-path /tmp/dabin-xcode-full-qa-20261004/Build/Intermediates.noindex/DaBin.build/Debug/DaBinTests.build/Objects-normal/arm64/DaBinTests-dependency-scan.dia -validate-clang-modules-once -clang-build-session-file /tmp/dabin-xcode-full-qa-20261004/ModuleCache.noindex/Session.modulevalidation -Xcc -fmodules-prune-interval\=86400 -Xcc -fmodules-prune-after\=345600 -emit-const-values -const-gather-protocols-list /tmp/dabin-xcode-full-qa-20261004/Build/Intermediates.noindex/DaBin.build/Debug/DaBinTests.build/Objects-normal/arm64/DaBinTests_const_extract_protocols.json -Xcc -iquote -Xcc /tmp/dabin-xcode-full-qa-20261004/Build/Intermediates.noindex/DaBin.build/Debug/DaBinTests.build/DaBinTests-generated-files.hmap -Xcc -I/tmp/dabin-xcode-full-qa-20261004/Build/Intermediates.noindex/DaBin.build/Debug/DaBinTests.build/DaBinTests-own-target-headers.hmap -Xcc -I/tmp/dabin-xcode-full-qa-20261004/Build/Intermediates.noindex/DaBin.build/Debug/DaBinTests.build/DaBinTests-all-target-headers.hmap -Xcc -iquote -Xcc /tmp/dabin-xcode-full-qa-20261004/Build/Intermediates.noindex/DaBin.build/Debug/DaBinTests.build/DaBinTests-project-headers.hmap -Xcc -I/tmp/dabin-xcode-full-qa-20261004/Build/Products/Debug/include -Xcc -I/tmp/dabin-xcode-full-qa-20261004/Build/Intermediates.noindex/DaBin.build/Debug/DaBinTests.build/DerivedSources-normal/arm64 -Xcc -I/tmp/dabin-xcode-full-qa-20261004/Build/Intermediates.noindex/DaBin.build/Debug/DaBinTests.build/DerivedSources/arm64 -Xcc -I/tmp/dabin-xcode-full-qa-20261004/Build/Intermediates.noindex/DaBin.build/Debug/DaBinTests.build/DerivedSources -emit-objc-header -emit-objc-header-path /tmp/dabin-xcode-full-qa-20261004/Build/Intermediates.noindex/DaBin.build/Debug/DaBinTests.build/Objects-normal/arm64/DaBinTests-Swift.h -working-directory /Users/roeylibfeld/Documents/KARI\ Creatives/DaBin/native -experimental-emit-module-separately -disable-cmo

Copy /tmp/dabin-xcode-full-qa-20261004/Build/Products/Debug/DaBinTests.swiftmodule/Project/arm64-apple-macos.swiftsourceinfo /tmp/dabin-xcode-full-qa-20261004/Build/Intermediates.noindex/DaBin.build/Debug/DaBinTests.build/Objects-normal/arm64/DaBinTests.swiftsourceinfo (in target 'DaBinTests' from project 'DaBin')
    cd /Users/roeylibfeld/Documents/KARI\ Creatives/DaBin/native
    builtin-copy -exclude .DS_Store -exclude CVS -exclude .svn -exclude .git -exclude .hg -strip-unsigned-binaries -strip-deterministic -strip-tool /Applications/Xcode.app/Contents/Developer/Toolchains/XcodeDefault.xctoolchain/usr/bin/strip -resolve-src-symlinks -rename /tmp/dabin-xcode-full-qa-20261004/Build/Intermediates.noindex/DaBin.build/Debug/DaBinTests.build/Objects-normal/arm64/DaBinTests.swiftsourceinfo /tmp/dabin-xcode-full-qa-20261004/Build/Products/Debug/DaBinTests.swiftmodule/Project/arm64-apple-macos.swiftsourceinfo

Copy /tmp/dabin-xcode-full-qa-20261004/Build/Products/Debug/DaBinTests.swiftmodule/arm64-apple-macos.abi.json /tmp/dabin-xcode-full-qa-20261004/Build/Intermediates.noindex/DaBin.build/Debug/DaBinTests.build/Objects-normal/arm64/DaBinTests.abi.json (in target 'DaBinTests' from project 'DaBin')
    cd /Users/roeylibfeld/Documents/KARI\ Creatives/DaBin/native
    builtin-copy -exclude .DS_Store -exclude CVS -exclude .svn -exclude .git -exclude .hg -strip-unsigned-binaries -strip-deterministic -strip-tool /Applications/Xcode.app/Contents/Developer/Toolchains/XcodeDefault.xctoolchain/usr/bin/strip -resolve-src-symlinks -rename /tmp/dabin-xcode-full-qa-20261004/Build/Intermediates.noindex/DaBin.build/Debug/DaBinTests.build/Objects-normal/arm64/DaBinTests.abi.json /tmp/dabin-xcode-full-qa-20261004/Build/Products/Debug/DaBinTests.swiftmodule/arm64-apple-macos.abi.json

Copy /tmp/dabin-xcode-full-qa-20261004/Build/Products/Debug/DaBinTests.swiftmodule/arm64-apple-macos.swiftmodule /tmp/dabin-xcode-full-qa-20261004/Build/Intermediates.noindex/DaBin.build/Debug/DaBinTests.build/Objects-normal/arm64/DaBinTests.swiftmodule (in target 'DaBinTests' from project 'DaBin')
    cd /Users/roeylibfeld/Documents/KARI\ Creatives/DaBin/native
    builtin-copy -exclude .DS_Store -exclude CVS -exclude .svn -exclude .git -exclude .hg -strip-unsigned-binaries -strip-deterministic -strip-tool /Applications/Xcode.app/Contents/Developer/Toolchains/XcodeDefault.xctoolchain/usr/bin/strip -resolve-src-symlinks -rename /tmp/dabin-xcode-full-qa-20261004/Build/Intermediates.noindex/DaBin.build/Debug/DaBinTests.build/Objects-normal/arm64/DaBinTests.swiftmodule /tmp/dabin-xcode-full-qa-20261004/Build/Products/Debug/DaBinTests.swiftmodule/arm64-apple-macos.swiftmodule

SwiftDriverJobDiscovery normal arm64 Compiling XcodeSmokeTests.swift (in target 'DaBinTests' from project 'DaBin')

SwiftDriver\ Compilation DaBinTests normal arm64 com.apple.xcode.tools.swift.compiler (in target 'DaBinTests' from project 'DaBin')
    cd /Users/roeylibfeld/Documents/KARI\ Creatives/DaBin/native
    builtin-Swift-Compilation -- /Applications/Xcode.app/Contents/Developer/Toolchains/XcodeDefault.xctoolchain/usr/bin/swiftc -module-name DaBinTests -Onone @/tmp/dabin-xcode-full-qa-20261004/Build/Intermediates.noindex/DaBin.build/Debug/DaBinTests.build/Objects-normal/arm64/DaBinTests.SwiftFileList -DDEBUG -plugin-path /Applications/Xcode.app/Contents/Developer/Toolchains/XcodeDefault.xctoolchain/usr/lib/swift/host/plugins/testing -enable-bare-slash-regex -enable-experimental-feature DebugDescriptionMacro -sdk /Applications/Xcode.app/Contents/Developer/Platforms/MacOSX.platform/Developer/SDKs/MacOSX27.0.sdk -target arm64-apple-macos14.0 -g -module-cache-path /tmp/dabin-xcode-full-qa-20261004/ModuleCache.noindex -Xfrontend -serialize-debugging-options -enable-testing -warnings-as-errors -index-store-path /tmp/dabin-xcode-full-qa-20261004/Index.noindex/DataStore -swift-version 5 -I /tmp/dabin-xcode-full-qa-20261004/Build/Products/Debug -Isystem /Applications/Xcode.app/Contents/Developer/Platforms/MacOSX.platform/Developer/usr/lib -F /tmp/dabin-xcode-full-qa-20261004/Build/Products/Debug -F /Applications/Xcode.app/Contents/Developer/Platforms/MacOSX.platform/Developer/Library/Frameworks -parse-as-library -c -j15 -enable-batch-mode -incremental -Xcc -ivfsstatcache -Xcc /tmp/dabin-xcode-full-qa-20261004/SDKStatCaches.noindex/macosx27.0-26A425-7231f6df4def33e022ae2eb8f782df1a.sdkstatcache -output-file-map /tmp/dabin-xcode-full-qa-20261004/Build/Intermediates.noindex/DaBin.build/Debug/DaBinTests.build/Objects-normal/arm64/DaBinTests-OutputFileMap.json -save-temps -no-color-diagnostics -explicit-module-build -module-cache-path /tmp/dabin-xcode-full-qa-20261004/Build/Intermediates.noindex/SwiftExplicitPrecompiledModules -clang-scanner-module-cache-path /tmp/dabin-xcode-full-qa-20261004/ModuleCache.noindex -sdk-module-cache-path /tmp/dabin-xcode-full-qa-20261004/SDKExplicitPrecompiledModules -emit-dependencies -emit-module -emit-module-path /tmp/dabin-xcode-full-qa-20261004/Build/Intermediates.noindex/DaBin.build/Debug/DaBinTests.build/Objects-normal/arm64/DaBinTests.swiftmodule -serialize-diagnostics -dependency-scan-serialize-diagnostics-path /tmp/dabin-xcode-full-qa-20261004/Build/Intermediates.noindex/DaBin.build/Debug/DaBinTests.build/Objects-normal/arm64/DaBinTests-dependency-scan.dia -validate-clang-modules-once -clang-build-session-file /tmp/dabin-xcode-full-qa-20261004/ModuleCache.noindex/Session.modulevalidation -Xcc -fmodules-prune-interval\=86400 -Xcc -fmodules-prune-after\=345600 -emit-const-values -const-gather-protocols-list /tmp/dabin-xcode-full-qa-20261004/Build/Intermediates.noindex/DaBin.build/Debug/DaBinTests.build/Objects-normal/arm64/DaBinTests_const_extract_protocols.json -Xcc -iquote -Xcc /tmp/dabin-xcode-full-qa-20261004/Build/Intermediates.noindex/DaBin.build/Debug/DaBinTests.build/DaBinTests-generated-files.hmap -Xcc -I/tmp/dabin-xcode-full-qa-20261004/Build/Intermediates.noindex/DaBin.build/Debug/DaBinTests.build/DaBinTests-own-target-headers.hmap -Xcc -I/tmp/dabin-xcode-full-qa-20261004/Build/Intermediates.noindex/DaBin.build/Debug/DaBinTests.build/DaBinTests-all-target-headers.hmap -Xcc -iquote -Xcc /tmp/dabin-xcode-full-qa-20261004/Build/Intermediates.noindex/DaBin.build/Debug/DaBinTests.build/DaBinTests-project-headers.hmap -Xcc -I/tmp/dabin-xcode-full-qa-20261004/Build/Products/Debug/include -Xcc -I/tmp/dabin-xcode-full-qa-20261004/Build/Intermediates.noindex/DaBin.build/Debug/DaBinTests.build/DerivedSources-normal/arm64 -Xcc -I/tmp/dabin-xcode-full-qa-20261004/Build/Intermediates.noindex/DaBin.build/Debug/DaBinTests.build/DerivedSources/arm64 -Xcc -I/tmp/dabin-xcode-full-qa-20261004/Build/Intermediates.noindex/DaBin.build/Debug/DaBinTests.build/DerivedSources -emit-objc-header -emit-objc-header-path /tmp/dabin-xcode-full-qa-20261004/Build/Intermediates.noindex/DaBin.build/Debug/DaBinTests.build/Objects-normal/arm64/DaBinTests-Swift.h -working-directory /Users/roeylibfeld/Documents/KARI\ Creatives/DaBin/native -experimental-emit-module-separately -disable-cmo

Ld /tmp/dabin-xcode-full-qa-20261004/Build/Products/Debug/DaBin.app/Contents/PlugIns/DaBinTests.xctest/Contents/MacOS/DaBinTests normal (in target 'DaBinTests' from project 'DaBin')
    cd /Users/roeylibfeld/Documents/KARI\ Creatives/DaBin/native
    /Applications/Xcode.app/Contents/Developer/Toolchains/XcodeDefault.xctoolchain/usr/bin/clang -Xlinker -reproducible -target arm64-apple-macos14.0 -bundle -isysroot /Applications/Xcode.app/Contents/Developer/Platforms/MacOSX.platform/Developer/SDKs/MacOSX27.0.sdk -Os -Xlinker -no_warn_duplicate_libraries -L/tmp/dabin-xcode-full-qa-20261004/Build/Intermediates.noindex/EagerLinkingTBDs/Debug -L/tmp/dabin-xcode-full-qa-20261004/Build/Products/Debug -L/Applications/Xcode.app/Contents/Developer/Platforms/MacOSX.platform/Developer/usr/lib -F/tmp/dabin-xcode-full-qa-20261004/Build/Intermediates.noindex/EagerLinkingTBDs/Debug -F/tmp/dabin-xcode-full-qa-20261004/Build/Products/Debug -iframework /Applications/Xcode.app/Contents/Developer/Platforms/MacOSX.platform/Developer/Library/Frameworks -filelist /tmp/dabin-xcode-full-qa-20261004/Build/Intermediates.noindex/DaBin.build/Debug/DaBinTests.build/Objects-normal/arm64/DaBinTests.LinkFileList -Xlinker -rpath -Xlinker /usr/lib/swift -Xlinker -rpath -Xlinker @loader_path/../Frameworks -Xlinker -rpath -Xlinker @executable_path/../Frameworks -bundle_loader /tmp/dabin-xcode-full-qa-20261004/Build/Products/Debug/DaBin.app/Contents/MacOS/DaBin -Xlinker -object_path_lto -Xlinker /tmp/dabin-xcode-full-qa-20261004/Build/Intermediates.noindex/DaBin.build/Debug/DaBinTests.build/Objects-normal/arm64/DaBinTests_lto.o -rdynamic -Xlinker -dependency_info -Xlinker /tmp/dabin-xcode-full-qa-20261004/Build/Intermediates.noindex/DaBin.build/Debug/DaBinTests.build/Objects-normal/arm64/DaBinTests_dependency_info.dat -fobjc-link-runtime -L/Applications/Xcode.app/Contents/Developer/Toolchains/XcodeDefault.xctoolchain/usr/lib/swift/macosx -L/usr/lib/swift -Xlinker -add_ast_path -Xlinker /tmp/dabin-xcode-full-qa-20261004/Build/Intermediates.noindex/DaBin.build/Debug/DaBinTests.build/Objects-normal/arm64/DaBinTests.swiftmodule -Xlinker -needed_framework -Xlinker XCTest -framework XCTest -Xlinker -needed-lXCTestSwiftSupport -lXCTestSwiftSupport /tmp/dabin-xcode-full-qa-20261004/Build/Products/Debug/DaBin.app/Contents/MacOS/DaBin.debug.dylib -Xlinker -no_adhoc_codesign -o /tmp/dabin-xcode-full-qa-20261004/Build/Products/Debug/DaBin.app/Contents/PlugIns/DaBinTests.xctest/Contents/MacOS/DaBinTests

CopySwiftLibs /tmp/dabin-xcode-full-qa-20261004/Build/Products/Debug/DaBin.app/Contents/PlugIns/DaBinTests.xctest (in target 'DaBinTests' from project 'DaBin')
    cd /Users/roeylibfeld/Documents/KARI\ Creatives/DaBin/native
    builtin-swiftStdLibTool --copy --verbose --sign - --scan-executable /tmp/dabin-xcode-full-qa-20261004/Build/Products/Debug/DaBin.app/Contents/PlugIns/DaBinTests.xctest/Contents/MacOS/DaBinTests --scan-folder /tmp/dabin-xcode-full-qa-20261004/Build/Products/Debug/DaBin.app/Contents/PlugIns/DaBinTests.xctest/Contents/Frameworks --scan-folder /tmp/dabin-xcode-full-qa-20261004/Build/Products/Debug/DaBin.app/Contents/PlugIns/DaBinTests.xctest/Contents/PlugIns --scan-folder /tmp/dabin-xcode-full-qa-20261004/Build/Products/Debug/DaBin.app/Contents/PlugIns/DaBinTests.xctest/Contents/Library/SystemExtensions --scan-folder /tmp/dabin-xcode-full-qa-20261004/Build/Products/Debug/DaBin.app/Contents/PlugIns/DaBinTests.xctest/Contents/Extensions --platform macosx --toolchain /Applications/Xcode.app/Contents/Developer/Toolchains/XcodeDefault.xctoolchain --destination /tmp/dabin-xcode-full-qa-20261004/Build/Products/Debug/DaBin.app/Contents/PlugIns/DaBinTests.xctest/Contents/Frameworks --strip-bitcode --scan-executable /Applications/Xcode.app/Contents/Developer/Platforms/MacOSX.platform/Developer/usr/lib/libXCTestSwiftSupport.dylib --strip-bitcode-tool /Applications/Xcode.app/Contents/Developer/Toolchains/XcodeDefault.xctoolchain/usr/bin/bitcode_strip --emit-dependency-info /tmp/dabin-xcode-full-qa-20261004/Build/Intermediates.noindex/DaBin.build/Debug/DaBinTests.build/SwiftStdLibToolInputDependencies.dep --filter-for-swift-os --back-deploy-swift-span

ExtractAppIntentsMetadata (in target 'DaBinTests' from project 'DaBin')
    cd /Users/roeylibfeld/Documents/KARI\ Creatives/DaBin/native
    /Applications/Xcode.app/Contents/Developer/Toolchains/XcodeDefault.xctoolchain/usr/bin/appintentsmetadataprocessor --toolchain-dir /Applications/Xcode.app/Contents/Developer/Toolchains/XcodeDefault.xctoolchain --module-name DaBinTests --sdk-root /Applications/Xcode.app/Contents/Developer/Platforms/MacOSX.platform/Developer/SDKs/MacOSX27.0.sdk --xcode-version 27A266a --platform-family macOS --deployment-target 14.0 --bundle-identifier com.dabin.mac.tests --output /tmp/dabin-xcode-full-qa-20261004/Build/Products/Debug/DaBin.app/Contents/PlugIns/DaBinTests.xctest/Contents/Resources --target-triple arm64-apple-macos14.0 --binary-file /tmp/dabin-xcode-full-qa-20261004/Build/Products/Debug/DaBin.app/Contents/PlugIns/DaBinTests.xctest/Contents/MacOS/DaBinTests --dependency-file /tmp/dabin-xcode-full-qa-20261004/Build/Intermediates.noindex/DaBin.build/Debug/DaBinTests.build/Objects-normal/arm64/DaBinTests_dependency_info.dat --stringsdata-file /tmp/dabin-xcode-full-qa-20261004/Build/Intermediates.noindex/DaBin.build/Debug/DaBinTests.build/Objects-normal/arm64/ExtractedAppShortcutsMetadata.stringsdata --source-file-list /tmp/dabin-xcode-full-qa-20261004/Build/Intermediates.noindex/DaBin.build/Debug/DaBinTests.build/Objects-normal/arm64/DaBinTests.SwiftFileList --metadata-file-list /tmp/dabin-xcode-full-qa-20261004/Build/Intermediates.noindex/DaBin.build/Debug/DaBinTests.build/DaBinTests.DependencyMetadataFileList --static-metadata-file-list /tmp/dabin-xcode-full-qa-20261004/Build/Intermediates.noindex/DaBin.build/Debug/DaBinTests.build/DaBinTests.DependencyStaticMetadataFileList --swift-const-vals-list /tmp/dabin-xcode-full-qa-20261004/Build/Intermediates.noindex/DaBin.build/Debug/DaBinTests.build/Objects-normal/arm64/DaBinTests.SwiftConstValuesFileList --compile-time-extraction --deployment-aware-processing --no-app-shortcuts-localization
2026-10-04 15:29:27.163 appintentsmetadataprocessor[13824:25451817] Starting appintentsmetadataprocessor export
2026-10-04 15:29:27.164 appintentsmetadataprocessor[13824:25451817] warning: Metadata extraction skipped, no AppIntents.framework dependency found

CodeSign /tmp/dabin-xcode-full-qa-20261004/Build/Products/Debug/DaBin.app/Contents/PlugIns/DaBinTests.xctest (in target 'DaBinTests' from project 'DaBin')
    cd /Users/roeylibfeld/Documents/KARI\ Creatives/DaBin/native
    
    Signing Identity:     "Sign to Run Locally"
    
    /usr/bin/codesign --force --sign - --timestamp\=none --generate-entitlement-der /tmp/dabin-xcode-full-qa-20261004/Build/Products/Debug/DaBin.app/Contents/PlugIns/DaBinTests.xctest

CodeSign /tmp/dabin-xcode-full-qa-20261004/Build/Products/Debug/DaBin.app/Contents/MacOS/DaBin.debug.dylib (in target 'DaBin' from project 'DaBin')
    cd /Users/roeylibfeld/Documents/KARI\ Creatives/DaBin/native
    
    Signing Identity:     "Sign to Run Locally"
    
    /usr/bin/codesign --force --sign - --timestamp\=none --generate-entitlement-der /tmp/dabin-xcode-full-qa-20261004/Build/Products/Debug/DaBin.app/Contents/MacOS/DaBin.debug.dylib

CodeSign /tmp/dabin-xcode-full-qa-20261004/Build/Products/Debug/DaBin.app/Contents/MacOS/__preview.dylib (in target 'DaBin' from project 'DaBin')
    cd /Users/roeylibfeld/Documents/KARI\ Creatives/DaBin/native
    
    Signing Identity:     "Sign to Run Locally"
    
    /usr/bin/codesign --force --sign - --timestamp\=none --generate-entitlement-der /tmp/dabin-xcode-full-qa-20261004/Build/Products/Debug/DaBin.app/Contents/MacOS/__preview.dylib
/tmp/dabin-xcode-full-qa-20261004/Build/Products/Debug/DaBin.app/Contents/MacOS/__preview.dylib: replacing existing signature

CodeSign /tmp/dabin-xcode-full-qa-20261004/Build/Products/Debug/DaBin.app (in target 'DaBin' from project 'DaBin')
    cd /Users/roeylibfeld/Documents/KARI\ Creatives/DaBin/native
    
    Signing Identity:     "Sign to Run Locally"
    
    /usr/bin/codesign --force --sign - --entitlements /tmp/dabin-xcode-full-qa-20261004/Build/Intermediates.noindex/DaBin.build/Debug/DaBin.build/DaBin.app.xcent --timestamp\=none --generate-entitlement-der /tmp/dabin-xcode-full-qa-20261004/Build/Products/Debug/DaBin.app

Validate /tmp/dabin-xcode-full-qa-20261004/Build/Products/Debug/DaBin.app (in target 'DaBin' from project 'DaBin')
    cd /Users/roeylibfeld/Documents/KARI\ Creatives/DaBin/native
    builtin-validationUtility /tmp/dabin-xcode-full-qa-20261004/Build/Products/Debug/DaBin.app -no-validate-extension -infoplist-subpath Contents/Info.plist

RegisterWithLaunchServices /tmp/dabin-xcode-full-qa-20261004/Build/Products/Debug/DaBin.app (in target 'DaBin' from project 'DaBin')
    cd /Users/roeylibfeld/Documents/KARI\ Creatives/DaBin/native
    builtin-lsregisterurl --record-path /tmp/dabin-xcode-full-qa-20261004/Build/Intermediates.noindex/XCBuildData/registered-launchservices.txt -- /System/Library/Frameworks/CoreServices.framework/Versions/Current/Frameworks/LaunchServices.framework/Versions/Current/Support/lsregister -f -R -trusted /tmp/dabin-xcode-full-qa-20261004/Build/Products/Debug/DaBin.app

PruneExplicitPrecompiledModules /tmp/dabin-xcode-full-qa-20261004/Build/Intermediates.noindex/ExplicitPrecompiledModules

PruneExplicitPrecompiledModules /tmp/dabin-xcode-full-qa-20261004/Build/Intermediates.noindex/SwiftExplicitPrecompiledModules

PruneExplicitPrecompiledModules /tmp/dabin-xcode-full-qa-20261004/SDKExplicitPrecompiledModules

2026-10-04 15:29:27.936075+0300 DaBin[13831:25451928] [Connection] Unable to get synchronousRemoteObjectProxy, error: Error Domain=NSCocoaErrorDomain Code=4097 "connection to service named com.apple.linkd.autoShortcut" UserInfo={NSDebugDescription=connection to service named com.apple.linkd.autoShortcut}
2026-10-04 15:29:27.936220+0300 DaBin[13831:25451928] [Application] Error registering app with intents framework: Error Domain=NSCocoaErrorDomain Code=4097 "connection to service named com.apple.linkd.autoShortcut" UserInfo={NSDebugDescription=connection to service named com.apple.linkd.autoShortcut}
2026-10-04 15:29:27.936530+0300 DaBin[13831:25451934] [Connection] Unable to get synchronousRemoteObjectProxy, error: Error Domain=NSCocoaErrorDomain Code=4097 "connection to service named com.apple.linkd.autoShortcut" UserInfo={NSDebugDescription=connection to service named com.apple.linkd.autoShortcut}
2026-10-04 15:29:27.936541+0300 DaBin[13831:25451934] [Connection] Unable to re-register with Process Instance Registry, error: Error Domain=NSCocoaErrorDomain Code=4097 "connection to service named com.apple.linkd.autoShortcut" UserInfo={NSDebugDescription=connection to service named com.apple.linkd.autoShortcut}
2026-10-04 15:29:27.936963+0300 DaBin[13831:25451927] [Connection] Unable to get synchronousRemoteObjectProxy, error: Error Domain=NSCocoaErrorDomain Code=4097 "connection to service named com.apple.linkd.autoShortcut" UserInfo={NSDebugDescription=connection to service named com.apple.linkd.autoShortcut}
2026-10-04 15:29:27.936972+0300 DaBin[13831:25451927] [Connection] Unable to re-register with Process Instance Registry, error: Error Domain=NSCocoaErrorDomain Code=4097 "connection to service named com.apple.linkd.autoShortcut" UserInfo={NSDebugDescription=connection to service named com.apple.linkd.autoShortcut}
2026-10-04 15:29:27.937361+0300 DaBin[13831:25451927] [Connection] Will NOT re-try to establish the connection
2026-10-04 15:29:27.937385+0300 DaBin[13831:25451928] [Connection] Unable to get synchronousRemoteObjectProxy, error: Error Domain=NSCocoaErrorDomain Code=4097 "connection to service named com.apple.linkd.autoShortcut" UserInfo={NSDebugDescription=connection to service named com.apple.linkd.autoShortcut}
2026-10-04 15:29:27.937396+0300 DaBin[13831:25451928] [Connection] Unable to re-register with Process Instance Registry, error: Error Domain=NSCocoaErrorDomain Code=4097 "connection to service named com.apple.linkd.autoShortcut" UserInfo={NSDebugDescription=connection to service named com.apple.linkd.autoShortcut}
Test Suite 'All tests' started at 2026-10-04 15:29:28.072.
Test Suite 'DaBinTests.xctest' started at 2026-10-04 15:29:28.073.
Test Suite 'DaBinTests' started at 2026-10-04 15:29:28.073.
Test Case '-[DaBinTests.DaBinTests testSearchIncludesOnlySameDayNeighborsAcrossTypeFilter]' started.
Test Case '-[DaBinTests.DaBinTests testSearchIncludesOnlySameDayNeighborsAcrossTypeFilter]' passed (0.042 seconds).
Test Case '-[DaBinTests.DaBinTests testStoredOriginalAndDaySurviveReopen]' started.
Test Case '-[DaBinTests.DaBinTests testStoredOriginalAndDaySurviveReopen]' passed (0.030 seconds).
Test Suite 'DaBinTests' passed at 2026-10-04 15:29:28.145.
	 Executed 2 tests, with 0 failures (0 unexpected) in 0.072 (0.073) seconds
Test Suite 'DaBinTests.xctest' passed at 2026-10-04 15:29:28.146.
	 Executed 2 tests, with 0 failures (0 unexpected) in 0.072 (0.073) seconds
Test Suite 'All tests' passed at 2026-10-04 15:29:28.146.
	 Executed 2 tests, with 0 failures (0 unexpected) in 0.072 (0.073) seconds
2026-10-04 15:29:28.423 xcodebuild[13729:25450324] [MT] IDETestOperationsObserverDebug: 1.077 elapsed -- Testing started completed.
2026-10-04 15:29:28.423 xcodebuild[13729:25450324] [MT] IDETestOperationsObserverDebug: 0.000 sec, +0.000 sec -- start
2026-10-04 15:29:28.423 xcodebuild[13729:25450324] [MT] IDETestOperationsObserverDebug: 1.077 sec, +1.077 sec -- end

Test session results, code coverage, and logs:
	/tmp/dabin-navigation-qa-20261004-1227.xcresult

** TEST SUCCEEDED **

Testing started
