Command line invocation:
    /Applications/Xcode.app/Contents/Developer/usr/bin/xcodebuild -project "/Users/roeylibfeld/Documents/KARI Creatives/DaBin/native/DaBin.xcodeproj" -scheme DaBin -configuration Release -destination generic/platform=macOS -derivedDataPath "/Users/roeylibfeld/Documents/KARI Creatives/DaBin/native/build/store-card-delete-verified-20261005T141200Z/derived-data" -disableAutomaticPackageResolution CODE_SIGNING_ALLOWED=NO CODE_SIGNING_REQUIRED=NO CODE_SIGN_IDENTITY= ARCHS=arm64 ONLY_ACTIVE_ARCH=NO SWIFT_ACTIVE_COMPILATION_CONDITIONS= "INFOPLIST_FILE=/Users/roeylibfeld/Documents/KARI Creatives/DaBin/native/build/store-card-delete-verified-20261005T141200Z/Store-Info.plist" build

Build settings from command line:
    ARCHS = arm64
    CODE_SIGN_IDENTITY = 
    CODE_SIGNING_ALLOWED = NO
    CODE_SIGNING_REQUIRED = NO
    INFOPLIST_FILE = /Users/roeylibfeld/Documents/KARI Creatives/DaBin/native/build/store-card-delete-verified-20261005T141200Z/Store-Info.plist
    ONLY_ACTIVE_ARCH = NO
    SWIFT_ACTIVE_COMPILATION_CONDITIONS = 

note: Using codesigning identity override: 
ComputePackagePrebuildTargetDependencyGraph

Prepare packages

CreateBuildRequest

SendProjectDescription

CreateBuildOperation

ComputeTargetDependencyGraph
note: Building targets in dependency order
note: Target dependency graph (1 target)
    Target 'DaBin' in project 'DaBin' (no dependencies)

GatherProvisioningInputs

CreateBuildDescription

ExecuteExternalTool /Applications/Xcode.app/Contents/Developer/Toolchains/XcodeDefault.xctoolchain/usr/bin/clang -v -E -dM -isysroot /Applications/Xcode.app/Contents/Developer/Platforms/MacOSX.platform/Developer/SDKs/MacOSX27.0.sdk -x c -c /dev/null

ExecuteExternalTool /Applications/Xcode.app/Contents/Developer/Toolchains/XcodeDefault.xctoolchain/usr/bin/swiftc --version

ExecuteExternalTool /Applications/Xcode.app/Contents/Developer/Toolchains/XcodeDefault.xctoolchain/usr/bin/ld -version_details

Build description signature: 7f8ab370d3de336acb3dcddd1d4cbd2f
Build description path: /Users/roeylibfeld/Documents/KARI Creatives/DaBin/native/build/store-card-delete-verified-20261005T141200Z/derived-data/Build/Intermediates.noindex/XCBuildData/7f8ab370d3de336acb3dcddd1d4cbd2f.xcbuilddata
CreateBuildDirectory /Users/roeylibfeld/Documents/KARI\ Creatives/DaBin/native/build/store-card-delete-verified-20261005T141200Z/derived-data/CompilationCache.noindex
    cd /Users/roeylibfeld/Documents/KARI\ Creatives/DaBin/native/DaBin.xcodeproj
    builtin-create-build-directory /Users/roeylibfeld/Documents/KARI\ Creatives/DaBin/native/build/store-card-delete-verified-20261005T141200Z/derived-data/CompilationCache.noindex

CreateBuildDirectory /Users/roeylibfeld/Documents/KARI\ Creatives/DaBin/native/build/store-card-delete-verified-20261005T141200Z/derived-data/SDKExplicitPrecompiledModules
    cd /Users/roeylibfeld/Documents/KARI\ Creatives/DaBin/native/DaBin.xcodeproj
    builtin-create-build-directory /Users/roeylibfeld/Documents/KARI\ Creatives/DaBin/native/build/store-card-delete-verified-20261005T141200Z/derived-data/SDKExplicitPrecompiledModules

CreateBuildDirectory /Users/roeylibfeld/Documents/KARI\ Creatives/DaBin/native/build/store-card-delete-verified-20261005T141200Z/derived-data/ModuleCache.noindex
    cd /Users/roeylibfeld/Documents/KARI\ Creatives/DaBin/native/DaBin.xcodeproj
    builtin-create-build-directory /Users/roeylibfeld/Documents/KARI\ Creatives/DaBin/native/build/store-card-delete-verified-20261005T141200Z/derived-data/ModuleCache.noindex

ClangStatCache /Applications/Xcode.app/Contents/Developer/Toolchains/XcodeDefault.xctoolchain/usr/bin/clang-stat-cache /Applications/Xcode.app/Contents/Developer/Platforms/MacOSX.platform/Developer/SDKs/MacOSX27.0.sdk /Users/roeylibfeld/Documents/KARI\ Creatives/DaBin/native/build/store-card-delete-verified-20261005T141200Z/derived-data/SDKStatCaches.noindex/macosx27.0-26A425-7231f6df4def33e022ae2eb8f782df1a.sdkstatcache
    cd /Users/roeylibfeld/Documents/KARI\ Creatives/DaBin/native/DaBin.xcodeproj
    /Applications/Xcode.app/Contents/Developer/Toolchains/XcodeDefault.xctoolchain/usr/bin/clang-stat-cache /Applications/Xcode.app/Contents/Developer/Platforms/MacOSX.platform/Developer/SDKs/MacOSX27.0.sdk -o /Users/roeylibfeld/Documents/KARI\ Creatives/DaBin/native/build/store-card-delete-verified-20261005T141200Z/derived-data/SDKStatCaches.noindex/macosx27.0-26A425-7231f6df4def33e022ae2eb8f782df1a.sdkstatcache

CreateBuildDirectory /Users/roeylibfeld/Documents/KARI\ Creatives/DaBin/native/build/store-card-delete-verified-20261005T141200Z/derived-data/Build/Products
    cd /Users/roeylibfeld/Documents/KARI\ Creatives/DaBin/native/DaBin.xcodeproj
    builtin-create-build-directory /Users/roeylibfeld/Documents/KARI\ Creatives/DaBin/native/build/store-card-delete-verified-20261005T141200Z/derived-data/Build/Products

CreateBuildDirectory /Users/roeylibfeld/Documents/KARI\ Creatives/DaBin/native/build/store-card-delete-verified-20261005T141200Z/derived-data/Build/Intermediates.noindex
    cd /Users/roeylibfeld/Documents/KARI\ Creatives/DaBin/native/DaBin.xcodeproj
    builtin-create-build-directory /Users/roeylibfeld/Documents/KARI\ Creatives/DaBin/native/build/store-card-delete-verified-20261005T141200Z/derived-data/Build/Intermediates.noindex

CreateBuildDirectory /Users/roeylibfeld/Documents/KARI\ Creatives/DaBin/native/build/store-card-delete-verified-20261005T141200Z/derived-data/Build/Products/Release
    cd /Users/roeylibfeld/Documents/KARI\ Creatives/DaBin/native/DaBin.xcodeproj
    builtin-create-build-directory /Users/roeylibfeld/Documents/KARI\ Creatives/DaBin/native/build/store-card-delete-verified-20261005T141200Z/derived-data/Build/Products/Release

CreateBuildDirectory /Users/roeylibfeld/Documents/KARI\ Creatives/DaBin/native/build/store-card-delete-verified-20261005T141200Z/derived-data/Build/Intermediates.noindex/PrecompiledHeaders
    cd /Users/roeylibfeld/Documents/KARI\ Creatives/DaBin/native/DaBin.xcodeproj
    builtin-create-build-directory /Users/roeylibfeld/Documents/KARI\ Creatives/DaBin/native/build/store-card-delete-verified-20261005T141200Z/derived-data/Build/Intermediates.noindex/PrecompiledHeaders

CreateBuildDirectory /Users/roeylibfeld/Documents/KARI\ Creatives/DaBin/native/build/store-card-delete-verified-20261005T141200Z/derived-data/Build/Intermediates.noindex/SwiftExplicitPrecompiledModules
    cd /Users/roeylibfeld/Documents/KARI\ Creatives/DaBin/native/DaBin.xcodeproj
    builtin-create-build-directory /Users/roeylibfeld/Documents/KARI\ Creatives/DaBin/native/build/store-card-delete-verified-20261005T141200Z/derived-data/Build/Intermediates.noindex/SwiftExplicitPrecompiledModules

CreateBuildDirectory /Users/roeylibfeld/Documents/KARI\ Creatives/DaBin/native/build/store-card-delete-verified-20261005T141200Z/derived-data/Build/Intermediates.noindex/ExplicitPrecompiledModules
    cd /Users/roeylibfeld/Documents/KARI\ Creatives/DaBin/native/DaBin.xcodeproj
    builtin-create-build-directory /Users/roeylibfeld/Documents/KARI\ Creatives/DaBin/native/build/store-card-delete-verified-20261005T141200Z/derived-data/Build/Intermediates.noindex/ExplicitPrecompiledModules

CreateBuildDirectory /Users/roeylibfeld/Documents/KARI\ Creatives/DaBin/native/build/store-card-delete-verified-20261005T141200Z/derived-data/Build/Intermediates.noindex/EagerLinkingTBDs/Release
    cd /Users/roeylibfeld/Documents/KARI\ Creatives/DaBin/native/DaBin.xcodeproj
    builtin-create-build-directory /Users/roeylibfeld/Documents/KARI\ Creatives/DaBin/native/build/store-card-delete-verified-20261005T141200Z/derived-data/Build/Intermediates.noindex/EagerLinkingTBDs/Release

WriteAuxiliaryFile /Users/roeylibfeld/Documents/KARI\ Creatives/DaBin/native/build/store-card-delete-verified-20261005T141200Z/derived-data/Build/Intermediates.noindex/DaBin.build/Release/DaBin-3054bc69c6cf927e91acad80e75a3dd3-VFS/all-product-headers.yaml
    cd /Users/roeylibfeld/Documents/KARI\ Creatives/DaBin/native/DaBin.xcodeproj
    write-file /Users/roeylibfeld/Documents/KARI\ Creatives/DaBin/native/build/store-card-delete-verified-20261005T141200Z/derived-data/Build/Intermediates.noindex/DaBin.build/Release/DaBin-3054bc69c6cf927e91acad80e75a3dd3-VFS/all-product-headers.yaml

WriteAuxiliaryFile /Users/roeylibfeld/Documents/KARI\ Creatives/DaBin/native/build/store-card-delete-verified-20261005T141200Z/derived-data/Build/Intermediates.noindex/DaBin.build/Release/DaBin.build/DaBin-own-target-headers.hmap (in target 'DaBin' from project 'DaBin')
    cd /Users/roeylibfeld/Documents/KARI\ Creatives/DaBin/native
    write-file /Users/roeylibfeld/Documents/KARI\ Creatives/DaBin/native/build/store-card-delete-verified-20261005T141200Z/derived-data/Build/Intermediates.noindex/DaBin.build/Release/DaBin.build/DaBin-own-target-headers.hmap

WriteAuxiliaryFile /Users/roeylibfeld/Documents/KARI\ Creatives/DaBin/native/build/store-card-delete-verified-20261005T141200Z/derived-data/Build/Intermediates.noindex/DaBin.build/Release/DaBin.build/DaBin-generated-files.hmap (in target 'DaBin' from project 'DaBin')
    cd /Users/roeylibfeld/Documents/KARI\ Creatives/DaBin/native
    write-file /Users/roeylibfeld/Documents/KARI\ Creatives/DaBin/native/build/store-card-delete-verified-20261005T141200Z/derived-data/Build/Intermediates.noindex/DaBin.build/Release/DaBin.build/DaBin-generated-files.hmap

WriteAuxiliaryFile /Users/roeylibfeld/Documents/KARI\ Creatives/DaBin/native/build/store-card-delete-verified-20261005T141200Z/derived-data/Build/Intermediates.noindex/DaBin.build/Release/DaBin.build/DaBin-all-target-headers.hmap (in target 'DaBin' from project 'DaBin')
    cd /Users/roeylibfeld/Documents/KARI\ Creatives/DaBin/native
    write-file /Users/roeylibfeld/Documents/KARI\ Creatives/DaBin/native/build/store-card-delete-verified-20261005T141200Z/derived-data/Build/Intermediates.noindex/DaBin.build/Release/DaBin.build/DaBin-all-target-headers.hmap

WriteAuxiliaryFile /Users/roeylibfeld/Documents/KARI\ Creatives/DaBin/native/build/store-card-delete-verified-20261005T141200Z/derived-data/Build/Intermediates.noindex/DaBin.build/Release/DaBin.build/DaBin.hmap (in target 'DaBin' from project 'DaBin')
    cd /Users/roeylibfeld/Documents/KARI\ Creatives/DaBin/native
    write-file /Users/roeylibfeld/Documents/KARI\ Creatives/DaBin/native/build/store-card-delete-verified-20261005T141200Z/derived-data/Build/Intermediates.noindex/DaBin.build/Release/DaBin.build/DaBin.hmap

WriteAuxiliaryFile /Users/roeylibfeld/Documents/KARI\ Creatives/DaBin/native/build/store-card-delete-verified-20261005T141200Z/derived-data/Build/Intermediates.noindex/DaBin.build/Release/DaBin.build/DaBin.DependencyStaticMetadataFileList (in target 'DaBin' from project 'DaBin')
    cd /Users/roeylibfeld/Documents/KARI\ Creatives/DaBin/native
    write-file /Users/roeylibfeld/Documents/KARI\ Creatives/DaBin/native/build/store-card-delete-verified-20261005T141200Z/derived-data/Build/Intermediates.noindex/DaBin.build/Release/DaBin.build/DaBin.DependencyStaticMetadataFileList

WriteAuxiliaryFile /Users/roeylibfeld/Documents/KARI\ Creatives/DaBin/native/build/store-card-delete-verified-20261005T141200Z/derived-data/Build/Intermediates.noindex/DaBin.build/Release/DaBin.build/DaBin-all-non-framework-target-headers.hmap (in target 'DaBin' from project 'DaBin')
    cd /Users/roeylibfeld/Documents/KARI\ Creatives/DaBin/native
    write-file /Users/roeylibfeld/Documents/KARI\ Creatives/DaBin/native/build/store-card-delete-verified-20261005T141200Z/derived-data/Build/Intermediates.noindex/DaBin.build/Release/DaBin.build/DaBin-all-non-framework-target-headers.hmap

WriteAuxiliaryFile /Users/roeylibfeld/Documents/KARI\ Creatives/DaBin/native/build/store-card-delete-verified-20261005T141200Z/derived-data/Build/Intermediates.noindex/DaBin.build/Release/DaBin.build/DaBin.DependencyMetadataFileList (in target 'DaBin' from project 'DaBin')
    cd /Users/roeylibfeld/Documents/KARI\ Creatives/DaBin/native
    write-file /Users/roeylibfeld/Documents/KARI\ Creatives/DaBin/native/build/store-card-delete-verified-20261005T141200Z/derived-data/Build/Intermediates.noindex/DaBin.build/Release/DaBin.build/DaBin.DependencyMetadataFileList

WriteAuxiliaryFile /Users/roeylibfeld/Documents/KARI\ Creatives/DaBin/native/build/store-card-delete-verified-20261005T141200Z/derived-data/Build/Intermediates.noindex/DaBin.build/Release/DaBin.build/DaBin-project-headers.hmap (in target 'DaBin' from project 'DaBin')
    cd /Users/roeylibfeld/Documents/KARI\ Creatives/DaBin/native
    write-file /Users/roeylibfeld/Documents/KARI\ Creatives/DaBin/native/build/store-card-delete-verified-20261005T141200Z/derived-data/Build/Intermediates.noindex/DaBin.build/Release/DaBin.build/DaBin-project-headers.hmap

WriteAuxiliaryFile /Users/roeylibfeld/Documents/KARI\ Creatives/DaBin/native/build/store-card-delete-verified-20261005T141200Z/derived-data/Build/Intermediates.noindex/DaBin.build/Release/DaBin.build/Objects-normal/arm64/DaBin_const_extract_protocols.json (in target 'DaBin' from project 'DaBin')
    cd /Users/roeylibfeld/Documents/KARI\ Creatives/DaBin/native
    write-file /Users/roeylibfeld/Documents/KARI\ Creatives/DaBin/native/build/store-card-delete-verified-20261005T141200Z/derived-data/Build/Intermediates.noindex/DaBin.build/Release/DaBin.build/Objects-normal/arm64/DaBin_const_extract_protocols.json

WriteAuxiliaryFile /Users/roeylibfeld/Documents/KARI\ Creatives/DaBin/native/build/store-card-delete-verified-20261005T141200Z/derived-data/Build/Intermediates.noindex/DaBin.build/Release/DaBin.build/Objects-normal/arm64/DaBin.LinkFileList (in target 'DaBin' from project 'DaBin')
    cd /Users/roeylibfeld/Documents/KARI\ Creatives/DaBin/native
    write-file /Users/roeylibfeld/Documents/KARI\ Creatives/DaBin/native/build/store-card-delete-verified-20261005T141200Z/derived-data/Build/Intermediates.noindex/DaBin.build/Release/DaBin.build/Objects-normal/arm64/DaBin.LinkFileList

WriteAuxiliaryFile /Users/roeylibfeld/Documents/KARI\ Creatives/DaBin/native/build/store-card-delete-verified-20261005T141200Z/derived-data/Build/Intermediates.noindex/DaBin.build/Release/DaBin.build/Objects-normal/arm64/DaBin-OutputFileMap.json (in target 'DaBin' from project 'DaBin')
    cd /Users/roeylibfeld/Documents/KARI\ Creatives/DaBin/native
    write-file /Users/roeylibfeld/Documents/KARI\ Creatives/DaBin/native/build/store-card-delete-verified-20261005T141200Z/derived-data/Build/Intermediates.noindex/DaBin.build/Release/DaBin.build/Objects-normal/arm64/DaBin-OutputFileMap.json

WriteAuxiliaryFile /Users/roeylibfeld/Documents/KARI\ Creatives/DaBin/native/build/store-card-delete-verified-20261005T141200Z/derived-data/Build/Intermediates.noindex/DaBin.build/Release/DaBin.build/Objects-normal/arm64/DaBin.SwiftFileList (in target 'DaBin' from project 'DaBin')
    cd /Users/roeylibfeld/Documents/KARI\ Creatives/DaBin/native
    write-file /Users/roeylibfeld/Documents/KARI\ Creatives/DaBin/native/build/store-card-delete-verified-20261005T141200Z/derived-data/Build/Intermediates.noindex/DaBin.build/Release/DaBin.build/Objects-normal/arm64/DaBin.SwiftFileList

WriteAuxiliaryFile /Users/roeylibfeld/Documents/KARI\ Creatives/DaBin/native/build/store-card-delete-verified-20261005T141200Z/derived-data/Build/Intermediates.noindex/DaBin.build/Release/DaBin.build/Objects-normal/arm64/DaBin.SwiftConstValuesFileList (in target 'DaBin' from project 'DaBin')
    cd /Users/roeylibfeld/Documents/KARI\ Creatives/DaBin/native
    write-file /Users/roeylibfeld/Documents/KARI\ Creatives/DaBin/native/build/store-card-delete-verified-20261005T141200Z/derived-data/Build/Intermediates.noindex/DaBin.build/Release/DaBin.build/Objects-normal/arm64/DaBin.SwiftConstValuesFileList

MkDir /Users/roeylibfeld/Documents/KARI\ Creatives/DaBin/native/build/store-card-delete-verified-20261005T141200Z/derived-data/Build/Products/Release/DaBin.app/Contents/Resources (in target 'DaBin' from project 'DaBin')
    cd /Users/roeylibfeld/Documents/KARI\ Creatives/DaBin/native
    /bin/mkdir -p /Users/roeylibfeld/Documents/KARI\ Creatives/DaBin/native/build/store-card-delete-verified-20261005T141200Z/derived-data/Build/Products/Release/DaBin.app/Contents/Resources

MkDir /Users/roeylibfeld/Documents/KARI\ Creatives/DaBin/native/build/store-card-delete-verified-20261005T141200Z/derived-data/Build/Products/Release/DaBin.app/Contents (in target 'DaBin' from project 'DaBin')
    cd /Users/roeylibfeld/Documents/KARI\ Creatives/DaBin/native
    /bin/mkdir -p /Users/roeylibfeld/Documents/KARI\ Creatives/DaBin/native/build/store-card-delete-verified-20261005T141200Z/derived-data/Build/Products/Release/DaBin.app/Contents

MkDir /Users/roeylibfeld/Documents/KARI\ Creatives/DaBin/native/build/store-card-delete-verified-20261005T141200Z/derived-data/Build/Products/Release/DaBin.app/Contents/MacOS (in target 'DaBin' from project 'DaBin')
    cd /Users/roeylibfeld/Documents/KARI\ Creatives/DaBin/native
    /bin/mkdir -p /Users/roeylibfeld/Documents/KARI\ Creatives/DaBin/native/build/store-card-delete-verified-20261005T141200Z/derived-data/Build/Products/Release/DaBin.app/Contents/MacOS

MkDir /Users/roeylibfeld/Documents/KARI\ Creatives/DaBin/native/build/store-card-delete-verified-20261005T141200Z/derived-data/Build/Products/Release/DaBin.app (in target 'DaBin' from project 'DaBin')
    cd /Users/roeylibfeld/Documents/KARI\ Creatives/DaBin/native
    /bin/mkdir -p /Users/roeylibfeld/Documents/KARI\ Creatives/DaBin/native/build/store-card-delete-verified-20261005T141200Z/derived-data/Build/Products/Release/DaBin.app

CpResource /Users/roeylibfeld/Documents/KARI\ Creatives/DaBin/native/build/store-card-delete-verified-20261005T141200Z/derived-data/Build/Products/Release/DaBin.app/Contents/Resources/PrivacyPolicy.md /Users/roeylibfeld/Documents/KARI\ Creatives/DaBin/native/Resources/PrivacyPolicy.md (in target 'DaBin' from project 'DaBin')
    cd /Users/roeylibfeld/Documents/KARI\ Creatives/DaBin/native
    builtin-copy -exclude .DS_Store -exclude CVS -exclude .svn -exclude .git -exclude .hg -strip-unsigned-binaries -strip-deterministic -strip-tool /Applications/Xcode.app/Contents/Developer/Toolchains/XcodeDefault.xctoolchain/usr/bin/strip -resolve-src-symlinks /Users/roeylibfeld/Documents/KARI\ Creatives/DaBin/native/Resources/PrivacyPolicy.md /Users/roeylibfeld/Documents/KARI\ Creatives/DaBin/native/build/store-card-delete-verified-20261005T141200Z/derived-data/Build/Products/Release/DaBin.app/Contents/Resources

CpResource /Users/roeylibfeld/Documents/KARI\ Creatives/DaBin/native/build/store-card-delete-verified-20261005T141200Z/derived-data/Build/Products/Release/DaBin.app/Contents/Resources/PrivacyInfo.xcprivacy /Users/roeylibfeld/Documents/KARI\ Creatives/DaBin/native/Resources/PrivacyInfo.xcprivacy (in target 'DaBin' from project 'DaBin')
    cd /Users/roeylibfeld/Documents/KARI\ Creatives/DaBin/native
    builtin-copy -exclude .DS_Store -exclude CVS -exclude .svn -exclude .git -exclude .hg -strip-unsigned-binaries -strip-deterministic -strip-tool /Applications/Xcode.app/Contents/Developer/Toolchains/XcodeDefault.xctoolchain/usr/bin/strip -resolve-src-symlinks /Users/roeylibfeld/Documents/KARI\ Creatives/DaBin/native/Resources/PrivacyInfo.xcprivacy /Users/roeylibfeld/Documents/KARI\ Creatives/DaBin/native/build/store-card-delete-verified-20261005T141200Z/derived-data/Build/Products/Release/DaBin.app/Contents/Resources

CpResource /Users/roeylibfeld/Documents/KARI\ Creatives/DaBin/native/build/store-card-delete-verified-20261005T141200Z/derived-data/Build/Products/Release/DaBin.app/Contents/Resources/robot.svg /Users/roeylibfeld/Documents/KARI\ Creatives/DaBin/native/Resources/robot.svg (in target 'DaBin' from project 'DaBin')
    cd /Users/roeylibfeld/Documents/KARI\ Creatives/DaBin/native
    builtin-copy -exclude .DS_Store -exclude CVS -exclude .svn -exclude .git -exclude .hg -strip-unsigned-binaries -strip-deterministic -strip-tool /Applications/Xcode.app/Contents/Developer/Toolchains/XcodeDefault.xctoolchain/usr/bin/strip -resolve-src-symlinks /Users/roeylibfeld/Documents/KARI\ Creatives/DaBin/native/Resources/robot.svg /Users/roeylibfeld/Documents/KARI\ Creatives/DaBin/native/build/store-card-delete-verified-20261005T141200Z/derived-data/Build/Products/Release/DaBin.app/Contents/Resources

ProcessInfoPlistFile /Users/roeylibfeld/Documents/KARI\ Creatives/DaBin/native/build/store-card-delete-verified-20261005T141200Z/derived-data/Build/Products/Release/DaBin.app/Contents/Info.plist /Users/roeylibfeld/Documents/KARI\ Creatives/DaBin/native/build/store-card-delete-verified-20261005T141200Z/Store-Info.plist (in target 'DaBin' from project 'DaBin')
    cd /Users/roeylibfeld/Documents/KARI\ Creatives/DaBin/native
    builtin-infoPlistUtility /Users/roeylibfeld/Documents/KARI\ Creatives/DaBin/native/build/store-card-delete-verified-20261005T141200Z/Store-Info.plist -producttype com.apple.product-type.application -genpkginfo /Users/roeylibfeld/Documents/KARI\ Creatives/DaBin/native/build/store-card-delete-verified-20261005T141200Z/derived-data/Build/Products/Release/DaBin.app/Contents/PkgInfo -expandbuildsettings -platform macosx -o /Users/roeylibfeld/Documents/KARI\ Creatives/DaBin/native/build/store-card-delete-verified-20261005T141200Z/derived-data/Build/Products/Release/DaBin.app/Contents/Info.plist

CpResource /Users/roeylibfeld/Documents/KARI\ Creatives/DaBin/native/build/store-card-delete-verified-20261005T141200Z/derived-data/Build/Products/Release/DaBin.app/Contents/Resources/AppIcon.icns /Users/roeylibfeld/Documents/KARI\ Creatives/DaBin/native/Resources/AppIcon.icns (in target 'DaBin' from project 'DaBin')
    cd /Users/roeylibfeld/Documents/KARI\ Creatives/DaBin/native
    builtin-copy -exclude .DS_Store -exclude CVS -exclude .svn -exclude .git -exclude .hg -strip-unsigned-binaries -strip-deterministic -strip-tool /Applications/Xcode.app/Contents/Developer/Toolchains/XcodeDefault.xctoolchain/usr/bin/strip -resolve-src-symlinks /Users/roeylibfeld/Documents/KARI\ Creatives/DaBin/native/Resources/AppIcon.icns /Users/roeylibfeld/Documents/KARI\ Creatives/DaBin/native/build/store-card-delete-verified-20261005T141200Z/derived-data/Build/Products/Release/DaBin.app/Contents/Resources

SwiftDriver DaBin normal arm64 com.apple.xcode.tools.swift.compiler (in target 'DaBin' from project 'DaBin')
    cd /Users/roeylibfeld/Documents/KARI\ Creatives/DaBin/native
    builtin-SwiftDriver -- /Applications/Xcode.app/Contents/Developer/Toolchains/XcodeDefault.xctoolchain/usr/bin/swiftc -module-name DaBin -O -whole-module-optimization @/Users/roeylibfeld/Documents/KARI\ Creatives/DaBin/native/build/store-card-delete-verified-20261005T141200Z/derived-data/Build/Intermediates.noindex/DaBin.build/Release/DaBin.build/Objects-normal/arm64/DaBin.SwiftFileList -enable-bare-slash-regex -enable-experimental-feature DebugDescriptionMacro -sdk /Applications/Xcode.app/Contents/Developer/Platforms/MacOSX.platform/Developer/SDKs/MacOSX27.0.sdk -target arm64-apple-macos14.0 -g -module-cache-path /Users/roeylibfeld/Documents/KARI\ Creatives/DaBin/native/build/store-card-delete-verified-20261005T141200Z/derived-data/ModuleCache.noindex -Xfrontend -serialize-debugging-options -warnings-as-errors -swift-version 5 -I /Users/roeylibfeld/Documents/KARI\ Creatives/DaBin/native/build/store-card-delete-verified-20261005T141200Z/derived-data/Build/Products/Release -F /Users/roeylibfeld/Documents/KARI\ Creatives/DaBin/native/build/store-card-delete-verified-20261005T141200Z/derived-data/Build/Products/Release -c -num-threads 15 -Xcc -ivfsstatcache -Xcc /Users/roeylibfeld/Documents/KARI\ Creatives/DaBin/native/build/store-card-delete-verified-20261005T141200Z/derived-data/SDKStatCaches.noindex/macosx27.0-26A425-7231f6df4def33e022ae2eb8f782df1a.sdkstatcache -output-file-map /Users/roeylibfeld/Documents/KARI\ Creatives/DaBin/native/build/store-card-delete-verified-20261005T141200Z/derived-data/Build/Intermediates.noindex/DaBin.build/Release/DaBin.build/Objects-normal/arm64/DaBin-OutputFileMap.json -save-temps -no-color-diagnostics -explicit-module-build -module-cache-path /Users/roeylibfeld/Documents/KARI\ Creatives/DaBin/native/build/store-card-delete-verified-20261005T141200Z/derived-data/Build/Intermediates.noindex/SwiftExplicitPrecompiledModules -clang-scanner-module-cache-path /Users/roeylibfeld/Documents/KARI\ Creatives/DaBin/native/build/store-card-delete-verified-20261005T141200Z/derived-data/ModuleCache.noindex -sdk-module-cache-path /Users/roeylibfeld/Documents/KARI\ Creatives/DaBin/native/build/store-card-delete-verified-20261005T141200Z/derived-data/SDKExplicitPrecompiledModules -emit-dependencies -emit-module -emit-module-path /Users/roeylibfeld/Documents/KARI\ Creatives/DaBin/native/build/store-card-delete-verified-20261005T141200Z/derived-data/Build/Intermediates.noindex/DaBin.build/Release/DaBin.build/Objects-normal/arm64/DaBin.swiftmodule -serialize-diagnostics -dependency-scan-serialize-diagnostics-path /Users/roeylibfeld/Documents/KARI\ Creatives/DaBin/native/build/store-card-delete-verified-20261005T141200Z/derived-data/Build/Intermediates.noindex/DaBin.build/Release/DaBin.build/Objects-normal/arm64/DaBin-dependency-scan.dia -validate-clang-modules-once -clang-build-session-file /Users/roeylibfeld/Documents/KARI\ Creatives/DaBin/native/build/store-card-delete-verified-20261005T141200Z/derived-data/ModuleCache.noindex/Session.modulevalidation -Xcc -fmodules-prune-interval\=86400 -Xcc -fmodules-prune-after\=345600 -emit-const-values -const-gather-protocols-list /Users/roeylibfeld/Documents/KARI\ Creatives/DaBin/native/build/store-card-delete-verified-20261005T141200Z/derived-data/Build/Intermediates.noindex/DaBin.build/Release/DaBin.build/Objects-normal/arm64/DaBin_const_extract_protocols.json -Xcc -iquote -Xcc /Users/roeylibfeld/Documents/KARI\ Creatives/DaBin/native/build/store-card-delete-verified-20261005T141200Z/derived-data/Build/Intermediates.noindex/DaBin.build/Release/DaBin.build/DaBin-generated-files.hmap -Xcc -I/Users/roeylibfeld/Documents/KARI\ Creatives/DaBin/native/build/store-card-delete-verified-20261005T141200Z/derived-data/Build/Intermediates.noindex/DaBin.build/Release/DaBin.build/DaBin-own-target-headers.hmap -Xcc -I/Users/roeylibfeld/Documents/KARI\ Creatives/DaBin/native/build/store-card-delete-verified-20261005T141200Z/derived-data/Build/Intermediates.noindex/DaBin.build/Release/DaBin.build/DaBin-all-target-headers.hmap -Xcc -iquote -Xcc /Users/roeylibfeld/Documents/KARI\ Creatives/DaBin/native/build/store-card-delete-verified-20261005T141200Z/derived-data/Build/Intermediates.noindex/DaBin.build/Release/DaBin.build/DaBin-project-headers.hmap -Xcc -I/Users/roeylibfeld/Documents/KARI\ Creatives/DaBin/native/build/store-card-delete-verified-20261005T141200Z/derived-data/Build/Products/Release/include -Xcc -I/Users/roeylibfeld/Documents/KARI\ Creatives/DaBin/native/build/store-card-delete-verified-20261005T141200Z/derived-data/Build/Intermediates.noindex/DaBin.build/Release/DaBin.build/DerivedSources-normal/arm64 -Xcc -I/Users/roeylibfeld/Documents/KARI\ Creatives/DaBin/native/build/store-card-delete-verified-20261005T141200Z/derived-data/Build/Intermediates.noindex/DaBin.build/Release/DaBin.build/DerivedSources/arm64 -Xcc -I/Users/roeylibfeld/Documents/KARI\ Creatives/DaBin/native/build/store-card-delete-verified-20261005T141200Z/derived-data/Build/Intermediates.noindex/DaBin.build/Release/DaBin.build/DerivedSources -emit-objc-header -emit-objc-header-path /Users/roeylibfeld/Documents/KARI\ Creatives/DaBin/native/build/store-card-delete-verified-20261005T141200Z/derived-data/Build/Intermediates.noindex/DaBin.build/Release/DaBin.build/Objects-normal/arm64/DaBin-Swift.h -working-directory /Users/roeylibfeld/Documents/KARI\ Creatives/DaBin/native -no-emit-module-separately-wmo

SwiftDriver\ Compilation DaBin normal arm64 com.apple.xcode.tools.swift.compiler (in target 'DaBin' from project 'DaBin')
    cd /Users/roeylibfeld/Documents/KARI\ Creatives/DaBin/native
    builtin-Swift-Compilation -- /Applications/Xcode.app/Contents/Developer/Toolchains/XcodeDefault.xctoolchain/usr/bin/swiftc -module-name DaBin -O -whole-module-optimization @/Users/roeylibfeld/Documents/KARI\ Creatives/DaBin/native/build/store-card-delete-verified-20261005T141200Z/derived-data/Build/Intermediates.noindex/DaBin.build/Release/DaBin.build/Objects-normal/arm64/DaBin.SwiftFileList -enable-bare-slash-regex -enable-experimental-feature DebugDescriptionMacro -sdk /Applications/Xcode.app/Contents/Developer/Platforms/MacOSX.platform/Developer/SDKs/MacOSX27.0.sdk -target arm64-apple-macos14.0 -g -module-cache-path /Users/roeylibfeld/Documents/KARI\ Creatives/DaBin/native/build/store-card-delete-verified-20261005T141200Z/derived-data/ModuleCache.noindex -Xfrontend -serialize-debugging-options -warnings-as-errors -swift-version 5 -I /Users/roeylibfeld/Documents/KARI\ Creatives/DaBin/native/build/store-card-delete-verified-20261005T141200Z/derived-data/Build/Products/Release -F /Users/roeylibfeld/Documents/KARI\ Creatives/DaBin/native/build/store-card-delete-verified-20261005T141200Z/derived-data/Build/Products/Release -c -num-threads 15 -Xcc -ivfsstatcache -Xcc /Users/roeylibfeld/Documents/KARI\ Creatives/DaBin/native/build/store-card-delete-verified-20261005T141200Z/derived-data/SDKStatCaches.noindex/macosx27.0-26A425-7231f6df4def33e022ae2eb8f782df1a.sdkstatcache -output-file-map /Users/roeylibfeld/Documents/KARI\ Creatives/DaBin/native/build/store-card-delete-verified-20261005T141200Z/derived-data/Build/Intermediates.noindex/DaBin.build/Release/DaBin.build/Objects-normal/arm64/DaBin-OutputFileMap.json -save-temps -no-color-diagnostics -explicit-module-build -module-cache-path /Users/roeylibfeld/Documents/KARI\ Creatives/DaBin/native/build/store-card-delete-verified-20261005T141200Z/derived-data/Build/Intermediates.noindex/SwiftExplicitPrecompiledModules -clang-scanner-module-cache-path /Users/roeylibfeld/Documents/KARI\ Creatives/DaBin/native/build/store-card-delete-verified-20261005T141200Z/derived-data/ModuleCache.noindex -sdk-module-cache-path /Users/roeylibfeld/Documents/KARI\ Creatives/DaBin/native/build/store-card-delete-verified-20261005T141200Z/derived-data/SDKExplicitPrecompiledModules -emit-dependencies -emit-module -emit-module-path /Users/roeylibfeld/Documents/KARI\ Creatives/DaBin/native/build/store-card-delete-verified-20261005T141200Z/derived-data/Build/Intermediates.noindex/DaBin.build/Release/DaBin.build/Objects-normal/arm64/DaBin.swiftmodule -serialize-diagnostics -dependency-scan-serialize-diagnostics-path /Users/roeylibfeld/Documents/KARI\ Creatives/DaBin/native/build/store-card-delete-verified-20261005T141200Z/derived-data/Build/Intermediates.noindex/DaBin.build/Release/DaBin.build/Objects-normal/arm64/DaBin-dependency-scan.dia -validate-clang-modules-once -clang-build-session-file /Users/roeylibfeld/Documents/KARI\ Creatives/DaBin/native/build/store-card-delete-verified-20261005T141200Z/derived-data/ModuleCache.noindex/Session.modulevalidation -Xcc -fmodules-prune-interval\=86400 -Xcc -fmodules-prune-after\=345600 -emit-const-values -const-gather-protocols-list /Users/roeylibfeld/Documents/KARI\ Creatives/DaBin/native/build/store-card-delete-verified-20261005T141200Z/derived-data/Build/Intermediates.noindex/DaBin.build/Release/DaBin.build/Objects-normal/arm64/DaBin_const_extract_protocols.json -Xcc -iquote -Xcc /Users/roeylibfeld/Documents/KARI\ Creatives/DaBin/native/build/store-card-delete-verified-20261005T141200Z/derived-data/Build/Intermediates.noindex/DaBin.build/Release/DaBin.build/DaBin-generated-files.hmap -Xcc -I/Users/roeylibfeld/Documents/KARI\ Creatives/DaBin/native/build/store-card-delete-verified-20261005T141200Z/derived-data/Build/Intermediates.noindex/DaBin.build/Release/DaBin.build/DaBin-own-target-headers.hmap -Xcc -I/Users/roeylibfeld/Documents/KARI\ Creatives/DaBin/native/build/store-card-delete-verified-20261005T141200Z/derived-data/Build/Intermediates.noindex/DaBin.build/Release/DaBin.build/DaBin-all-target-headers.hmap -Xcc -iquote -Xcc /Users/roeylibfeld/Documents/KARI\ Creatives/DaBin/native/build/store-card-delete-verified-20261005T141200Z/derived-data/Build/Intermediates.noindex/DaBin.build/Release/DaBin.build/DaBin-project-headers.hmap -Xcc -I/Users/roeylibfeld/Documents/KARI\ Creatives/DaBin/native/build/store-card-delete-verified-20261005T141200Z/derived-data/Build/Products/Release/include -Xcc -I/Users/roeylibfeld/Documents/KARI\ Creatives/DaBin/native/build/store-card-delete-verified-20261005T141200Z/derived-data/Build/Intermediates.noindex/DaBin.build/Release/DaBin.build/DerivedSources-normal/arm64 -Xcc -I/Users/roeylibfeld/Documents/KARI\ Creatives/DaBin/native/build/store-card-delete-verified-20261005T141200Z/derived-data/Build/Intermediates.noindex/DaBin.build/Release/DaBin.build/DerivedSources/arm64 -Xcc -I/Users/roeylibfeld/Documents/KARI\ Creatives/DaBin/native/build/store-card-delete-verified-20261005T141200Z/derived-data/Build/Intermediates.noindex/DaBin.build/Release/DaBin.build/DerivedSources -emit-objc-header -emit-objc-header-path /Users/roeylibfeld/Documents/KARI\ Creatives/DaBin/native/build/store-card-delete-verified-20261005T141200Z/derived-data/Build/Intermediates.noindex/DaBin.build/Release/DaBin.build/Objects-normal/arm64/DaBin-Swift.h -working-directory /Users/roeylibfeld/Documents/KARI\ Creatives/DaBin/native -no-emit-module-separately-wmo

SwiftExplicitDependencyGeneratePcm arm64 /Users/roeylibfeld/Documents/KARI\ Creatives/DaBin/native/build/store-card-delete-verified-20261005T141200Z/derived-data/SDKExplicitPrecompiledModules/_Builtin_stdbool-APIYFY02RG1YAM4JZQY0AIEXM.pcm

SwiftExplicitDependencyGeneratePcm arm64 /Users/roeylibfeld/Documents/KARI\ Creatives/DaBin/native/build/store-card-delete-verified-20261005T141200Z/derived-data/SDKExplicitPrecompiledModules/ptrcheck-CT8R9S61ER24J21H74YDFFLQN.pcm

SwiftExplicitDependencyGeneratePcm arm64 /Users/roeylibfeld/Documents/KARI\ Creatives/DaBin/native/build/store-card-delete-verified-20261005T141200Z/derived-data/SDKExplicitPrecompiledModules/_SwiftConcurrencyShims-4WTM5EASKIWB9NOXP146HAWS9.pcm

SwiftExplicitDependencyGeneratePcm arm64 /Users/roeylibfeld/Documents/KARI\ Creatives/DaBin/native/build/store-card-delete-verified-20261005T141200Z/derived-data/SDKExplicitPrecompiledModules/_Builtin_stddef-DHI0XUOV0P0KUNOSIBHNSMNEP.pcm

SwiftExplicitDependencyGeneratePcm arm64 /Users/roeylibfeld/Documents/KARI\ Creatives/DaBin/native/build/store-card-delete-verified-20261005T141200Z/derived-data/SDKExplicitPrecompiledModules/ptrauth-74VCPD7DSD7I5ZL68QZDRTOQB.pcm

SwiftExplicitDependencyGeneratePcm arm64 /Users/roeylibfeld/Documents/KARI\ Creatives/DaBin/native/build/store-card-delete-verified-20261005T141200Z/derived-data/SDKExplicitPrecompiledModules/_AvailabilityInternal-2OOBI22US8G4EQILZZEDPW94L.pcm

SwiftExplicitDependencyGeneratePcm arm64 /Users/roeylibfeld/Documents/KARI\ Creatives/DaBin/native/build/store-card-delete-verified-20261005T141200Z/derived-data/SDKExplicitPrecompiledModules/_Builtin_stdarg-BT8R1FPM939FGZ5CCUIKFBCAR.pcm

SwiftExplicitDependencyGeneratePcm arm64 /Users/roeylibfeld/Documents/KARI\ Creatives/DaBin/native/build/store-card-delete-verified-20261005T141200Z/derived-data/SDKExplicitPrecompiledModules/DeveloperToolsSupport-884C0TFPZQQMIWLFT37YEXDUU.pcm

SwiftExplicitDependencyGeneratePcm arm64 /Users/roeylibfeld/Documents/KARI\ Creatives/DaBin/native/build/store-card-delete-verified-20261005T141200Z/derived-data/SDKExplicitPrecompiledModules/_Builtin_float-AF03EMB68SP84QXLR8WERRKPR.pcm

SwiftExplicitDependencyGeneratePcm arm64 /Users/roeylibfeld/Documents/KARI\ Creatives/DaBin/native/build/store-card-delete-verified-20261005T141200Z/derived-data/SDKExplicitPrecompiledModules/SwiftShims-AHT761DEKDGMSYW46NIW7ISL8.pcm

SwiftExplicitDependencyGeneratePcm arm64 /Users/roeylibfeld/Documents/KARI\ Creatives/DaBin/native/build/store-card-delete-verified-20261005T141200Z/derived-data/SDKExplicitPrecompiledModules/_DarwinFoundation1-15U0XA6UUN1PJ3XDSGFMD8CJO.pcm

SwiftExplicitDependencyGeneratePcm arm64 /Users/roeylibfeld/Documents/KARI\ Creatives/DaBin/native/build/store-card-delete-verified-20261005T141200Z/derived-data/SDKExplicitPrecompiledModules/_Builtin_limits-7R3B79T54AKO3UA7K6TOW92LK.pcm

SwiftExplicitDependencyGeneratePcm arm64 /Users/roeylibfeld/Documents/KARI\ Creatives/DaBin/native/build/store-card-delete-verified-20261005T141200Z/derived-data/SDKExplicitPrecompiledModules/_DarwinFoundation2-9CAINEGDUJGNCV66LQKMXRAIA.pcm

SwiftExplicitDependencyGeneratePcm arm64 /Users/roeylibfeld/Documents/KARI\ Creatives/DaBin/native/build/store-card-delete-verified-20261005T141200Z/derived-data/SDKExplicitPrecompiledModules/ExtensionFoundation-CXQKGZW8MI1PIJ5J8735YCJDV.pcm

SwiftExplicitDependencyGeneratePcm arm64 /Users/roeylibfeld/Documents/KARI\ Creatives/DaBin/native/build/store-card-delete-verified-20261005T141200Z/derived-data/SDKExplicitPrecompiledModules/sys_types-BQH0CTB912U2TC4QTUYVRTAIL.pcm

SwiftExplicitDependencyGeneratePcm arm64 /Users/roeylibfeld/Documents/KARI\ Creatives/DaBin/native/build/store-card-delete-verified-20261005T141200Z/derived-data/SDKExplicitPrecompiledModules/string_h-CSSQREQM4MYKCCPSBN23UPNJI.pcm

SwiftExplicitDependencyGeneratePcm arm64 /Users/roeylibfeld/Documents/KARI\ Creatives/DaBin/native/build/store-card-delete-verified-20261005T141200Z/derived-data/SDKExplicitPrecompiledModules/_Builtin_tgmath-F35SK1ADAXAH4E92QO2B4ZWZ.pcm

SwiftExplicitDependencyGeneratePcm arm64 /Users/roeylibfeld/Documents/KARI\ Creatives/DaBin/native/build/store-card-delete-verified-20261005T141200Z/derived-data/SDKExplicitPrecompiledModules/_Builtin_stdint-7F5XLCDE08XTW8I95EO4J1ZK7.pcm

SwiftExplicitDependencyGeneratePcm arm64 /Users/roeylibfeld/Documents/KARI\ Creatives/DaBin/native/build/store-card-delete-verified-20261005T141200Z/derived-data/SDKExplicitPrecompiledModules/_Builtin_stdatomic-5F1P5JW6P8X4XV49JMFPOG2P5.pcm

SwiftExplicitDependencyGeneratePcm arm64 /Users/roeylibfeld/Documents/KARI\ Creatives/DaBin/native/build/store-card-delete-verified-20261005T141200Z/derived-data/SDKExplicitPrecompiledModules/_Builtin_intrinsics-6050YLJC02QIRESAQ98HLM1DB.pcm

SwiftExplicitDependencyGeneratePcm arm64 /Users/roeylibfeld/Documents/KARI\ Creatives/DaBin/native/build/store-card-delete-verified-20261005T141200Z/derived-data/SDKExplicitPrecompiledModules/_DarwinFoundation3-76CEX2F3LPZXPXYAJ4Y45EN1Q.pcm

SwiftExplicitDependencyGeneratePcm arm64 /Users/roeylibfeld/Documents/KARI\ Creatives/DaBin/native/build/store-card-delete-verified-20261005T141200Z/derived-data/SDKExplicitPrecompiledModules/libDER-DQOMN1MAU7CX1Z2LX27YSPYLH.pcm

SwiftExplicitDependencyGeneratePcm arm64 /Users/roeylibfeld/Documents/KARI\ Creatives/DaBin/native/build/store-card-delete-verified-20261005T141200Z/derived-data/SDKExplicitPrecompiledModules/_Builtin_inttypes-35L3LVN7GENITLHOPJ418K3VF.pcm

SwiftExplicitDependencyGeneratePcm arm64 /Users/roeylibfeld/Documents/KARI\ Creatives/DaBin/native/build/store-card-delete-verified-20261005T141200Z/derived-data/SDKExplicitPrecompiledModules/zlib-ARY9ZA5GEK2MVAXSQ1S7H883U.pcm

SwiftExplicitDependencyGeneratePcm arm64 /Users/roeylibfeld/Documents/KARI\ Creatives/DaBin/native/build/store-card-delete-verified-20261005T141200Z/derived-data/SDKExplicitPrecompiledModules/Darwin-DI60UVJ8QYOZM1YUDTIEOW9WY.pcm

SwiftExplicitDependencyGeneratePcm arm64 /Users/roeylibfeld/Documents/KARI\ Creatives/DaBin/native/build/store-card-delete-verified-20261005T141200Z/derived-data/SDKExplicitPrecompiledModules/simd-6884KHBCN7EM5OT7TKBS1T3X7.pcm

SwiftExplicitDependencyGeneratePcm arm64 /Users/roeylibfeld/Documents/KARI\ Creatives/DaBin/native/build/store-card-delete-verified-20261005T141200Z/derived-data/SDKExplicitPrecompiledModules/CUPS-E7U5LSKZ2XDX3VBHWF3HX0I5J.pcm

SwiftExplicitDependencyGeneratePcm arm64 /Users/roeylibfeld/Documents/KARI\ Creatives/DaBin/native/build/store-card-delete-verified-20261005T141200Z/derived-data/SDKExplicitPrecompiledModules/Compression-61BJJW25GVVL920BDKEK609OT.pcm

SwiftExplicitDependencyGeneratePcm arm64 /Users/roeylibfeld/Documents/KARI\ Creatives/DaBin/native/build/store-card-delete-verified-20261005T141200Z/derived-data/SDKExplicitPrecompiledModules/MachO-2AN182OJ8TG561HTEHBP2J8F6.pcm

SwiftExplicitDependencyGeneratePcm arm64 /Users/roeylibfeld/Documents/KARI\ Creatives/DaBin/native/build/store-card-delete-verified-20261005T141200Z/derived-data/SDKExplicitPrecompiledModules/launch-CKJRB8X7WRBC01TPYCZCE3O3E.pcm

SwiftExplicitDependencyGeneratePcm arm64 /Users/roeylibfeld/Documents/KARI\ Creatives/DaBin/native/build/store-card-delete-verified-20261005T141200Z/derived-data/SDKExplicitPrecompiledModules/libkern-87SWG1NT20XMZ3PQDN4H2LND2.pcm

SwiftExplicitDependencyGeneratePcm arm64 /Users/roeylibfeld/Documents/KARI\ Creatives/DaBin/native/build/store-card-delete-verified-20261005T141200Z/derived-data/SDKExplicitPrecompiledModules/Spatial-BU12DOKOV360ASK4YFX9WBYLB.pcm

SwiftExplicitDependencyGeneratePcm arm64 /Users/roeylibfeld/Documents/KARI\ Creatives/DaBin/native/build/store-card-delete-verified-20261005T141200Z/derived-data/SDKExplicitPrecompiledModules/ObjectiveC-MZU28BA18S7WAIHH1SQYO3JM.pcm

SwiftExplicitDependencyGeneratePcm arm64 /Users/roeylibfeld/Documents/KARI\ Creatives/DaBin/native/build/store-card-delete-verified-20261005T141200Z/derived-data/SDKExplicitPrecompiledModules/os_object-BH3P04B35TA7MJOKTHF54K3XC.pcm

SwiftExplicitDependencyGeneratePcm arm64 /Users/roeylibfeld/Documents/KARI\ Creatives/DaBin/native/build/store-card-delete-verified-20261005T141200Z/derived-data/SDKExplicitPrecompiledModules/os_workgroup-9D70QBCL5RAIWYQPEAJT9DRC7.pcm

SwiftExplicitDependencyGeneratePcm arm64 /Users/roeylibfeld/Documents/KARI\ Creatives/DaBin/native/build/store-card-delete-verified-20261005T141200Z/derived-data/SDKExplicitPrecompiledModules/Dispatch-8CWJ5NZ7SG6Q8W79L11WRJJ5F.pcm

SwiftExplicitDependencyGeneratePcm arm64 /Users/roeylibfeld/Documents/KARI\ Creatives/DaBin/native/build/store-card-delete-verified-20261005T141200Z/derived-data/SDKExplicitPrecompiledModules/CoreFoundation-BL3WHCSXNABUVUASQJDKK47WL.pcm

SwiftExplicitDependencyGeneratePcm arm64 /Users/roeylibfeld/Documents/KARI\ Creatives/DaBin/native/build/store-card-delete-verified-20261005T141200Z/derived-data/SDKExplicitPrecompiledModules/dnssd-7V33UOG1HIEBPTTR0R03FHZOA.pcm

SwiftExplicitDependencyGeneratePcm arm64 /Users/roeylibfeld/Documents/KARI\ Creatives/DaBin/native/build/store-card-delete-verified-20261005T141200Z/derived-data/SDKExplicitPrecompiledModules/XPC-4WW9XUYOIZHPS2UOV4Y4O3SSP.pcm

SwiftExplicitDependencyGeneratePcm arm64 /Users/roeylibfeld/Documents/KARI\ Creatives/DaBin/native/build/store-card-delete-verified-20261005T141200Z/derived-data/SDKExplicitPrecompiledModules/os-1QIEAWOO5FGE8YFT787PN7IE8.pcm

SwiftExplicitDependencyGeneratePcm arm64 /Users/roeylibfeld/Documents/KARI\ Creatives/DaBin/native/build/store-card-delete-verified-20261005T141200Z/derived-data/SDKExplicitPrecompiledModules/CoreAudioTypes-4YT2AE5M9IXDXR9S9EXSQZX10.pcm

SwiftExplicitDependencyGeneratePcm arm64 /Users/roeylibfeld/Documents/KARI\ Creatives/DaBin/native/build/store-card-delete-verified-20261005T141200Z/derived-data/SDKExplicitPrecompiledModules/ColorSync-BN6J8EHTVT77DIGQGVZR5FD5B.pcm

SwiftExplicitDependencyGeneratePcm arm64 /Users/roeylibfeld/Documents/KARI\ Creatives/DaBin/native/build/store-card-delete-verified-20261005T141200Z/derived-data/SDKExplicitPrecompiledModules/IOKit-9WFLBRKX068IYOT8371TUOBQC.pcm

SwiftExplicitDependencyGeneratePcm arm64 /Users/roeylibfeld/Documents/KARI\ Creatives/DaBin/native/build/store-card-delete-verified-20261005T141200Z/derived-data/SDKExplicitPrecompiledModules/Security-99NOKVLC8RVR6FQ9ZMY35ZKQJ.pcm

SwiftExplicitDependencyGeneratePcm arm64 /Users/roeylibfeld/Documents/KARI\ Creatives/DaBin/native/build/store-card-delete-verified-20261005T141200Z/derived-data/SDKExplicitPrecompiledModules/CFNetwork-7U5BHV91PBUUYPR5ENCRW2XCU.pcm

SwiftExplicitDependencyGeneratePcm arm64 /Users/roeylibfeld/Documents/KARI\ Creatives/DaBin/native/build/store-card-delete-verified-20261005T141200Z/derived-data/SDKExplicitPrecompiledModules/CoreGraphics-2517DX9DT94K2O1ARKWBKX2M2.pcm

SwiftExplicitDependencyGeneratePcm arm64 /Users/roeylibfeld/Documents/KARI\ Creatives/DaBin/native/build/store-card-delete-verified-20261005T141200Z/derived-data/SDKExplicitPrecompiledModules/DiskArbitration-5TX2WM14ZBN58SDLKX82XKFYN.pcm

SwiftExplicitDependencyGeneratePcm arm64 /Users/roeylibfeld/Documents/KARI\ Creatives/DaBin/native/build/store-card-delete-verified-20261005T141200Z/derived-data/SDKExplicitPrecompiledModules/CoreServices-3ITYD3P3SCYDJAMHECSEZYF24.pcm

SwiftExplicitDependencyGeneratePcm arm64 /Users/roeylibfeld/Documents/KARI\ Creatives/DaBin/native/build/store-card-delete-verified-20261005T141200Z/derived-data/SDKExplicitPrecompiledModules/ImageIO-877SPPIB30V7TR4ZZ9IMPHZQU.pcm

SwiftExplicitDependencyGeneratePcm arm64 /Users/roeylibfeld/Documents/KARI\ Creatives/DaBin/native/build/store-card-delete-verified-20261005T141200Z/derived-data/SDKExplicitPrecompiledModules/CoreText-3RUKDBP4H9C5KNCMZLTBYQ9S2.pcm

SwiftExplicitDependencyGeneratePcm arm64 /Users/roeylibfeld/Documents/KARI\ Creatives/DaBin/native/build/store-card-delete-verified-20261005T141200Z/derived-data/SDKExplicitPrecompiledModules/Foundation-F178UGHSAOGS1G9DWLIA3645A.pcm

SwiftExplicitDependencyGeneratePcm arm64 /Users/roeylibfeld/Documents/KARI\ Creatives/DaBin/native/build/store-card-delete-verified-20261005T141200Z/derived-data/SDKExplicitPrecompiledModules/CoreData-2YHB7JY9074T00ZID0KIJE017.pcm

SwiftExplicitDependencyGeneratePcm arm64 /Users/roeylibfeld/Documents/KARI\ Creatives/DaBin/native/build/store-card-delete-verified-20261005T141200Z/derived-data/SDKExplicitPrecompiledModules/UniformTypeIdentifiers-75F36FBVED411KDQGA3EPG8F3.pcm

SwiftExplicitDependencyGeneratePcm arm64 /Users/roeylibfeld/Documents/KARI\ Creatives/DaBin/native/build/store-card-delete-verified-20261005T141200Z/derived-data/SDKExplicitPrecompiledModules/ApplicationServices-9DAPHQNN91FSMSTYWKRGSREI.pcm

SwiftExplicitDependencyGeneratePcm arm64 /Users/roeylibfeld/Documents/KARI\ Creatives/DaBin/native/build/store-card-delete-verified-20261005T141200Z/derived-data/SDKExplicitPrecompiledModules/CoreTransferable-9A1SGCQCUTMQR6O548GFIVYRX.pcm

SwiftExplicitDependencyGeneratePcm arm64 /Users/roeylibfeld/Documents/KARI\ Creatives/DaBin/native/build/store-card-delete-verified-20261005T141200Z/derived-data/SDKExplicitPrecompiledModules/LocalAuthentication-UHWUSLTCO857J9VO96XKB2ZK.pcm

SwiftExplicitDependencyGeneratePcm arm64 /Users/roeylibfeld/Documents/KARI\ Creatives/DaBin/native/build/store-card-delete-verified-20261005T141200Z/derived-data/SDKExplicitPrecompiledModules/Network-6LLM9289UON0ID5AYKP5G7AD5.pcm

SwiftExplicitDependencyGeneratePcm arm64 /Users/roeylibfeld/Documents/KARI\ Creatives/DaBin/native/build/store-card-delete-verified-20261005T141200Z/derived-data/SDKExplicitPrecompiledModules/UserNotifications-3NX9A6VUKVIDWB5SKFMFAOD04.pcm

SwiftExplicitDependencyGeneratePcm arm64 /Users/roeylibfeld/Documents/KARI\ Creatives/DaBin/native/build/store-card-delete-verified-20261005T141200Z/derived-data/SDKExplicitPrecompiledModules/IOSurface-2LTTNYMDIDMAAZLIMX65W5LF4.pcm

SwiftExplicitDependencyGeneratePcm arm64 /Users/roeylibfeld/Documents/KARI\ Creatives/DaBin/native/build/store-card-delete-verified-20261005T141200Z/derived-data/SDKExplicitPrecompiledModules/Accessibility-65F1G0D2M39HFZQ4WFAJQCN8D.pcm

SwiftExplicitDependencyGeneratePcm arm64 /Users/roeylibfeld/Documents/KARI\ Creatives/DaBin/native/build/store-card-delete-verified-20261005T141200Z/derived-data/SDKExplicitPrecompiledModules/CoreAudio-H0SRG2KKQNBIJKO7O7AT2N8H.pcm

SwiftExplicitDependencyGeneratePcm arm64 /Users/roeylibfeld/Documents/KARI\ Creatives/DaBin/native/build/store-card-delete-verified-20261005T141200Z/derived-data/SDKExplicitPrecompiledModules/OSLog-BSXHCO5JYKAYDYSQ0CV3TLL84.pcm

SwiftExplicitDependencyGeneratePcm arm64 /Users/roeylibfeld/Documents/KARI\ Creatives/DaBin/native/build/store-card-delete-verified-20261005T141200Z/derived-data/SDKExplicitPrecompiledModules/CoreMIDI-7LOARULGFM8FQAXZY96ELXR6Z.pcm

SwiftExplicitDependencyGeneratePcm arm64 /Users/roeylibfeld/Documents/KARI\ Creatives/DaBin/native/build/store-card-delete-verified-20261005T141200Z/derived-data/SDKExplicitPrecompiledModules/DataDetection-ABAA158VZ6S9IP696VKB1OTXI.pcm

SwiftExplicitDependencyGeneratePcm arm64 /Users/roeylibfeld/Documents/KARI\ Creatives/DaBin/native/build/store-card-delete-verified-20261005T141200Z/derived-data/SDKExplicitPrecompiledModules/Symbols-68DWHW6HSAPAFQHF0DN4M6GXA.pcm

SwiftExplicitDependencyGeneratePcm arm64 /Users/roeylibfeld/Documents/KARI\ Creatives/DaBin/native/build/store-card-delete-verified-20261005T141200Z/derived-data/SDKExplicitPrecompiledModules/QuickLookThumbnailing-B1YWVZFB4CDKCZNF5WZ88GGB8.pcm

SwiftExplicitDependencyGeneratePcm arm64 /Users/roeylibfeld/Documents/KARI\ Creatives/DaBin/native/build/store-card-delete-verified-20261005T141200Z/derived-data/SDKExplicitPrecompiledModules/OpenGL-8Z5WLVDODZAS5DQTZQL4AXBWM.pcm

SwiftExplicitDependencyGeneratePcm arm64 /Users/roeylibfeld/Documents/KARI\ Creatives/DaBin/native/build/store-card-delete-verified-20261005T141200Z/derived-data/SDKExplicitPrecompiledModules/Metal-D5S4VRE1A0SOJA955CCJX2UO7.pcm

SwiftExplicitDependencyGeneratePcm arm64 /Users/roeylibfeld/Documents/KARI\ Creatives/DaBin/native/build/store-card-delete-verified-20261005T141200Z/derived-data/SDKExplicitPrecompiledModules/QuickLook-B8ICG8X1S2ZY286RVRW9I6X5O.pcm

SwiftExplicitDependencyGeneratePcm arm64 /Users/roeylibfeld/Documents/KARI\ Creatives/DaBin/native/build/store-card-delete-verified-20261005T141200Z/derived-data/SDKExplicitPrecompiledModules/Carbon-B82R6YUWG9V3IBUVS4ZQE69SN.pcm

SwiftExplicitDependencyGeneratePcm arm64 /Users/roeylibfeld/Documents/KARI\ Creatives/DaBin/native/build/store-card-delete-verified-20261005T141200Z/derived-data/SDKExplicitPrecompiledModules/CoreVideo-CJV2SQOSYCVCTCN3SC13A5Y6R.pcm

SwiftExplicitDependencyGeneratePcm arm64 /Users/roeylibfeld/Documents/KARI\ Creatives/DaBin/native/build/store-card-delete-verified-20261005T141200Z/derived-data/SDKExplicitPrecompiledModules/AudioToolbox-42FRSWYMB7JOIP8LMPKYDLLBM.pcm

SwiftExplicitDependencyGeneratePcm arm64 /Users/roeylibfeld/Documents/KARI\ Creatives/DaBin/native/build/store-card-delete-verified-20261005T141200Z/derived-data/SDKExplicitPrecompiledModules/CoreML-DUV2GWHUPF03OJXAFTF3DAYLJ.pcm

SwiftExplicitDependencyGeneratePcm arm64 /Users/roeylibfeld/Documents/KARI\ Creatives/DaBin/native/build/store-card-delete-verified-20261005T141200Z/derived-data/SDKExplicitPrecompiledModules/CoreImage-DA4W03T8TGYFU61ZV43MKLR6D.pcm

SwiftExplicitDependencyGeneratePcm arm64 /Users/roeylibfeld/Documents/KARI\ Creatives/DaBin/native/build/store-card-delete-verified-20261005T141200Z/derived-data/SDKExplicitPrecompiledModules/CoreMedia-7HQP7BW578951C1KW8D6L2YVS.pcm

SwiftExplicitDependencyGeneratePcm arm64 /Users/roeylibfeld/Documents/KARI\ Creatives/DaBin/native/build/store-card-delete-verified-20261005T141200Z/derived-data/SDKExplicitPrecompiledModules/QuartzCore-9I4OKF7BM81BE2SFH90XIGKPD.pcm

SwiftExplicitDependencyGeneratePcm arm64 /Users/roeylibfeld/Documents/KARI\ Creatives/DaBin/native/build/store-card-delete-verified-20261005T141200Z/derived-data/SDKExplicitPrecompiledModules/Accelerate-10IEODVFFFN5RVNXUDC2LJ2JJ.pcm

SwiftExplicitDependencyGeneratePcm arm64 /Users/roeylibfeld/Documents/KARI\ Creatives/DaBin/native/build/store-card-delete-verified-20261005T141200Z/derived-data/SDKExplicitPrecompiledModules/SwiftUICore-8OXL0R6K6G04W5AQ1EXXVHPMN.pcm

SwiftExplicitDependencyGeneratePcm arm64 /Users/roeylibfeld/Documents/KARI\ Creatives/DaBin/native/build/store-card-delete-verified-20261005T141200Z/derived-data/SDKExplicitPrecompiledModules/VideoToolbox-54C1UB6EVU4483PBIIFXFYMCD.pcm

SwiftExplicitDependencyGeneratePcm arm64 /Users/roeylibfeld/Documents/KARI\ Creatives/DaBin/native/build/store-card-delete-verified-20261005T141200Z/derived-data/SDKExplicitPrecompiledModules/Vision-DHEQIN0VY1JLWY7FJ99FOBT0R.pcm

SwiftExplicitDependencyGeneratePcm arm64 /Users/roeylibfeld/Documents/KARI\ Creatives/DaBin/native/build/store-card-delete-verified-20261005T141200Z/derived-data/SDKExplicitPrecompiledModules/MediaToolbox-6A3UFBZNP5K7Z0RRKK88ZFA08.pcm

SwiftExplicitDependencyGeneratePcm arm64 /Users/roeylibfeld/Documents/KARI\ Creatives/DaBin/native/build/store-card-delete-verified-20261005T141200Z/derived-data/SDKExplicitPrecompiledModules/AVFAudio-4P2C5LPS2UTUXNP2QOIT67WUW.pcm

SwiftExplicitDependencyGeneratePcm arm64 /Users/roeylibfeld/Documents/KARI\ Creatives/DaBin/native/build/store-card-delete-verified-20261005T141200Z/derived-data/SDKExplicitPrecompiledModules/AppKit-ESZRLG4PFT32B331JGX33LLK3.pcm

SwiftExplicitDependencyGeneratePcm arm64 /Users/roeylibfeld/Documents/KARI\ Creatives/DaBin/native/build/store-card-delete-verified-20261005T141200Z/derived-data/SDKExplicitPrecompiledModules/AVFoundation-EF5NLLXA4T22ZBEN7IHZYXJTJ.pcm

SwiftExplicitDependencyGeneratePcm arm64 /Users/roeylibfeld/Documents/KARI\ Creatives/DaBin/native/build/store-card-delete-verified-20261005T141200Z/derived-data/SDKExplicitPrecompiledModules/LinkPresentation-BQ0CGN2I22MBK4U4K6X2FZ1SO.pcm

SwiftExplicitDependencyGeneratePcm arm64 /Users/roeylibfeld/Documents/KARI\ Creatives/DaBin/native/build/store-card-delete-verified-20261005T141200Z/derived-data/SDKExplicitPrecompiledModules/Cocoa-DI7NSVIHOEQBOBEB7DJ5SJZVW.pcm

SwiftExplicitDependencyGeneratePcm arm64 /Users/roeylibfeld/Documents/KARI\ Creatives/DaBin/native/build/store-card-delete-verified-20261005T141200Z/derived-data/SDKExplicitPrecompiledModules/SwiftUI-BF2533YHRBMNZ286SKEIUHIHV.pcm

SwiftExplicitDependencyGeneratePcm arm64 /Users/roeylibfeld/Documents/KARI\ Creatives/DaBin/native/build/store-card-delete-verified-20261005T141200Z/derived-data/SDKExplicitPrecompiledModules/AVKit-7IKCDBKEVM29NHGODFXNWYTJH.pcm

SwiftExplicitDependencyGeneratePcm arm64 /Users/roeylibfeld/Documents/KARI\ Creatives/DaBin/native/build/store-card-delete-verified-20261005T141200Z/derived-data/SDKExplicitPrecompiledModules/PDFKit-4ZWB04M66S4MIHHS4X0DBU613.pcm

SwiftExplicitDependencyGeneratePcm arm64 /Users/roeylibfeld/Documents/KARI\ Creatives/DaBin/native/build/store-card-delete-verified-20261005T141200Z/derived-data/SDKExplicitPrecompiledModules/QuickLookUI-5E0IWIUG8ZMUWY5I4742XRNSC.pcm

SwiftCompile normal arm64 Compiling\ AccessibilityAnnouncement.swift,\ AppDelegate.swift,\ AppState.swift,\ ApplicationCoordinator.swift,\ ApplicationMenu.swift,\ ArchiveBackup.swift,\ AutoCaptureFingerprint.swift,\ AutoCaptureRobotCelebration.swift,\ AutoCaptureRobotPresenter.swift,\ AutoCaptureService.swift,\ AutoCaptureSettings.swift,\ AutoCaptureSignMotion.swift,\ AutoCaptureSignRouting.swift,\ AutoCaptureSignView.swift,\ AutoRecordIndicator.swift,\ BoardComponents.swift,\ BoardResizeGeometry.swift,\ BoardView.swift,\ BoardWindowChrome.swift,\ BoredRobotView.swift,\ BuddyControls.swift,\ CaptureAnnotations.swift,\ CaptureCardGroup.swift,\ CaptureCards.swift,\ CaptureClipboard.swift,\ CaptureCopyButton.swift,\ CaptureDetailPanels.swift,\ CaptureExtendedCanvas.swift,\ CaptureExtendedWindow.swift,\ CaptureFilterStrip.swift,\ CaptureInboxActions.swift,\ CapturePresentation.swift,\ CapturePreviews.swift,\ CaptureProvenance.swift,\ CaptureRemoval.swift,\ CaptureRepository.swift,\ CaptureSourceView.swift,\ CaptureStore.swift,\ CaptureTrailView.swift,\ ClipboardRetentionService.swift,\ ClipboardRetentionSettings.swift,\ CollectionPreviewMosaic.swift,\ ContentIndexService.swift,\ CornerController.swift,\ DaBinLogo.swift,\ DaBinMain.swift,\ DailyArchive.swift,\ DailyCaptureView.swift,\ DailyScreen.swift,\ DayExport.swift,\ DayExportUI.swift,\ DetailScreen.swift,\ Domain.swift,\ DraftArchive.swift,\ ExplorerItems.swift,\ ExplorerQuery.swift,\ ExplorerScreen.swift,\ ExplorerTransfer.swift,\ ExplorerViewport.swift,\ FittedPDFPreview.swift,\ GroupedCaptureCard.swift,\ HourlyCaptureCard.swift,\ HourlyCaptureFeed.swift,\ HoverTooltips.swift,\ InboxScreen.swift,\ InputService.swift,\ IslandRobotChoreography.swift,\ LibraryScreen.swift,\ LocalDOCXTextExtractor.swift,\ NativeContentDrag.swift,\ NavigationHistory.swift,\ NewNoteScreen.swift,\ OriginalFileStorage.swift,\ PreviewRequest.swift,\ PreviewService.swift,\ PrivacyInformation.swift,\ ProjectFileArchive.swift,\ ProjectPickerView.swift,\ ProjectWorkspaceCard.swift,\ ProjectWorkspaceExport.swift,\ ProjectWorkspaceState.swift,\ ProjectWorkspaceTasks.swift,\ ProjectWorkspaceView.swift,\ QuickAccess.swift,\ QuietOrbitGeometry.swift,\ QuietOrbitVisualStyle.swift,\ ReminderAlertCoordinator.swift,\ ReminderClockEditor.swift,\ ReminderLifecycle.swift,\ ReminderSchedule.swift,\ ReminderService.swift,\ RemindersScreen.swift,\ RobotAppFrameView.swift,\ RobotCharacterView.swift,\ RobotLifecycle.swift,\ RobotMotion.swift,\ RobotPlacementSettings.swift,\ RobotProjectSignView.swift,\ RobotView.swift,\ ScratchpadView.swift,\ ScreenshotFolderMonitor.swift,\ SearchColumnViewport.swift,\ SearchDateBoard.swift,\ SearchResultCard.swift,\ SearchScreen.swift,\ SettingsScreen.swift,\ ShelfCaptureController.swift,\ ShelfExport.swift,\ SoftwareUpdateService.swift,\ StatusBarController.swift,\ TaskAttachmentsView.swift,\ TaskEditorScreen.swift,\ TaskFocusControls.swift,\ TaskFocusSession.swift,\ TaskPlanning.swift,\ TaskPlanningEditor.swift,\ TaskTimerAlarmMotion.swift,\ TaskTimerRobotPresenter.swift,\ TaskTimerRobotView.swift,\ ThemeSettings.swift,\ TimelineCalendarPicker.swift,\ TodayPlanningScreen.swift,\ TodayTaskCard.swift,\ TransientMessagePresentation.swift,\ TrashScreen.swift,\ UpdateHandoff.swift,\ WeeklyDateSelection.swift,\ WeeklyScopeActions.swift,\ WeeklyScreen.swift,\ WindowDragHandle.swift,\ WorkspaceClipboard.swift,\ WorkspaceInput.swift,\ WorkspaceItemCard.swift,\ WorkspaceQuery.swift,\ WorkspaceStore.swift,\ WorkspaceZoom.swift,\ WorkspaceZoomLayout.swift,\ WorkspaceZoomScrollAnchor.swift /Users/roeylibfeld/Documents/KARI\ Creatives/DaBin/native/Sources/DaBin/AccessibilityAnnouncement.swift /Users/roeylibfeld/Documents/KARI\ Creatives/DaBin/native/Sources/DaBin/AppDelegate.swift /Users/roeylibfeld/Documents/KARI\ Creatives/DaBin/native/Sources/DaBin/AppState.swift /Users/roeylibfeld/Documents/KARI\ Creatives/DaBin/native/Sources/DaBin/ApplicationCoordinator.swift /Users/roeylibfeld/Documents/KARI\ Creatives/DaBin/native/Sources/DaBin/ApplicationMenu.swift /Users/roeylibfeld/Documents/KARI\ Creatives/DaBin/native/Sources/DaBin/ArchiveBackup.swift /Users/roeylibfeld/Documents/KARI\ Creatives/DaBin/native/Sources/DaBin/AutoCaptureFingerprint.swift /Users/roeylibfeld/Documents/KARI\ Creatives/DaBin/native/Sources/DaBin/AutoCaptureRobotCelebration.swift /Users/roeylibfeld/Documents/KARI\ Creatives/DaBin/native/Sources/DaBin/AutoCaptureRobotPresenter.swift /Users/roeylibfeld/Documents/KARI\ Creatives/DaBin/native/Sources/DaBin/AutoCaptureService.swift /Users/roeylibfeld/Documents/KARI\ Creatives/DaBin/native/Sources/DaBin/AutoCaptureSettings.swift /Users/roeylibfeld/Documents/KARI\ Creatives/DaBin/native/Sources/DaBin/AutoCaptureSignMotion.swift /Users/roeylibfeld/Documents/KARI\ Creatives/DaBin/native/Sources/DaBin/AutoCaptureSignRouting.swift /Users/roeylibfeld/Documents/KARI\ Creatives/DaBin/native/Sources/DaBin/AutoCaptureSignView.swift /Users/roeylibfeld/Documents/KARI\ Creatives/DaBin/native/Sources/DaBin/AutoRecordIndicator.swift /Users/roeylibfeld/Documents/KARI\ Creatives/DaBin/native/Sources/DaBin/BoardComponents.swift /Users/roeylibfeld/Documents/KARI\ Creatives/DaBin/native/Sources/DaBin/BoardResizeGeometry.swift /Users/roeylibfeld/Documents/KARI\ Creatives/DaBin/native/Sources/DaBin/BoardView.swift /Users/roeylibfeld/Documents/KARI\ Creatives/DaBin/native/Sources/DaBin/BoardWindowChrome.swift /Users/roeylibfeld/Documents/KARI\ Creatives/DaBin/native/Sources/DaBin/BoredRobotView.swift /Users/roeylibfeld/Documents/KARI\ Creatives/DaBin/native/Sources/DaBin/BuddyControls.swift /Users/roeylibfeld/Documents/KARI\ Creatives/DaBin/native/Sources/DaBin/CaptureAnnotations.swift /Users/roeylibfeld/Documents/KARI\ Creatives/DaBin/native/Sources/DaBin/CaptureCardGroup.swift /Users/roeylibfeld/Documents/KARI\ Creatives/DaBin/native/Sources/DaBin/CaptureCards.swift /Users/roeylibfeld/Documents/KARI\ Creatives/DaBin/native/Sources/DaBin/CaptureClipboard.swift /Users/roeylibfeld/Documents/KARI\ Creatives/DaBin/native/Sources/DaBin/CaptureCopyButton.swift /Users/roeylibfeld/Documents/KARI\ Creatives/DaBin/native/Sources/DaBin/CaptureDetailPanels.swift /Users/roeylibfeld/Documents/KARI\ Creatives/DaBin/native/Sources/DaBin/CaptureExtendedCanvas.swift /Users/roeylibfeld/Documents/KARI\ Creatives/DaBin/native/Sources/DaBin/CaptureExtendedWindow.swift /Users/roeylibfeld/Documents/KARI\ Creatives/DaBin/native/Sources/DaBin/CaptureFilterStrip.swift /Users/roeylibfeld/Documents/KARI\ Creatives/DaBin/native/Sources/DaBin/CaptureInboxActions.swift /Users/roeylibfeld/Documents/KARI\ Creatives/DaBin/native/Sources/DaBin/CapturePresentation.swift /Users/roeylibfeld/Documents/KARI\ Creatives/DaBin/native/Sources/DaBin/CapturePreviews.swift /Users/roeylibfeld/Documents/KARI\ Creatives/DaBin/native/Sources/DaBin/CaptureProvenance.swift /Users/roeylibfeld/Documents/KARI\ Creatives/DaBin/native/Sources/DaBin/CaptureRemoval.swift /Users/roeylibfeld/Documents/KARI\ Creatives/DaBin/native/Sources/DaBin/CaptureRepository.swift /Users/roeylibfeld/Documents/KARI\ Creatives/DaBin/native/Sources/DaBin/CaptureSourceView.swift /Users/roeylibfeld/Documents/KARI\ Creatives/DaBin/native/Sources/DaBin/CaptureStore.swift /Users/roeylibfeld/Documents/KARI\ Creatives/DaBin/native/Sources/DaBin/CaptureTrailView.swift /Users/roeylibfeld/Documents/KARI\ Creatives/DaBin/native/Sources/DaBin/ClipboardRetentionService.swift /Users/roeylibfeld/Documents/KARI\ Creatives/DaBin/native/Sources/DaBin/ClipboardRetentionSettings.swift /Users/roeylibfeld/Documents/KARI\ Creatives/DaBin/native/Sources/DaBin/CollectionPreviewMosaic.swift /Users/roeylibfeld/Documents/KARI\ Creatives/DaBin/native/Sources/DaBin/ContentIndexService.swift /Users/roeylibfeld/Documents/KARI\ Creatives/DaBin/native/Sources/DaBin/CornerController.swift /Users/roeylibfeld/Documents/KARI\ Creatives/DaBin/native/Sources/DaBin/DaBinLogo.swift /Users/roeylibfeld/Documents/KARI\ Creatives/DaBin/native/Sources/DaBin/DaBinMain.swift /Users/roeylibfeld/Documents/KARI\ Creatives/DaBin/native/Sources/DaBin/DailyArchive.swift /Users/roeylibfeld/Documents/KARI\ Creatives/DaBin/native/Sources/DaBin/DailyCaptureView.swift /Users/roeylibfeld/Documents/KARI\ Creatives/DaBin/native/Sources/DaBin/DailyScreen.swift /Users/roeylibfeld/Documents/KARI\ Creatives/DaBin/native/Sources/DaBin/DayExport.swift /Users/roeylibfeld/Documents/KARI\ Creatives/DaBin/native/Sources/DaBin/DayExportUI.swift /Users/roeylibfeld/Documents/KARI\ Creatives/DaBin/native/Sources/DaBin/DetailScreen.swift /Users/roeylibfeld/Documents/KARI\ Creatives/DaBin/native/Sources/DaBin/Domain.swift /Users/roeylibfeld/Documents/KARI\ Creatives/DaBin/native/Sources/DaBin/DraftArchive.swift /Users/roeylibfeld/Documents/KARI\ Creatives/DaBin/native/Sources/DaBin/ExplorerItems.swift /Users/roeylibfeld/Documents/KARI\ Creatives/DaBin/native/Sources/DaBin/ExplorerQuery.swift /Users/roeylibfeld/Documents/KARI\ Creatives/DaBin/native/Sources/DaBin/ExplorerScreen.swift /Users/roeylibfeld/Documents/KARI\ Creatives/DaBin/native/Sources/DaBin/ExplorerTransfer.swift /Users/roeylibfeld/Documents/KARI\ Creatives/DaBin/native/Sources/DaBin/ExplorerViewport.swift /Users/roeylibfeld/Documents/KARI\ Creatives/DaBin/native/Sources/DaBin/FittedPDFPreview.swift /Users/roeylibfeld/Documents/KARI\ Creatives/DaBin/native/Sources/DaBin/GroupedCaptureCard.swift /Users/roeylibfeld/Documents/KARI\ Creatives/DaBin/native/Sources/DaBin/HourlyCaptureCard.swift /Users/roeylibfeld/Documents/KARI\ Creatives/DaBin/native/Sources/DaBin/HourlyCaptureFeed.swift /Users/roeylibfeld/Documents/KARI\ Creatives/DaBin/native/Sources/DaBin/HoverTooltips.swift /Users/roeylibfeld/Documents/KARI\ Creatives/DaBin/native/Sources/DaBin/InboxScreen.swift /Users/roeylibfeld/Documents/KARI\ Creatives/DaBin/native/Sources/DaBin/InputService.swift /Users/roeylibfeld/Documents/KARI\ Creatives/DaBin/native/Sources/DaBin/IslandRobotChoreography.swift /Users/roeylibfeld/Documents/KARI\ Creatives/DaBin/native/Sources/DaBin/LibraryScreen.swift /Users/roeylibfeld/Documents/KARI\ Creatives/DaBin/native/Sources/DaBin/LocalDOCXTextExtractor.swift /Users/roeylibfeld/Documents/KARI\ Creatives/DaBin/native/Sources/DaBin/NativeContentDrag.swift /Users/roeylibfeld/Documents/KARI\ Creatives/DaBin/native/Sources/DaBin/NavigationHistory.swift /Users/roeylibfeld/Documents/KARI\ Creatives/DaBin/native/Sources/DaBin/NewNoteScreen.swift /Users/roeylibfeld/Documents/KARI\ Creatives/DaBin/native/Sources/DaBin/OriginalFileStorage.swift /Users/roeylibfeld/Documents/KARI\ Creatives/DaBin/native/Sources/DaBin/PreviewRequest.swift /Users/roeylibfeld/Documents/KARI\ Creatives/DaBin/native/Sources/DaBin/PreviewService.swift /Users/roeylibfeld/Documents/KARI\ Creatives/DaBin/native/Sources/DaBin/PrivacyInformation.swift /Users/roeylibfeld/Documents/KARI\ Creatives/DaBin/native/Sources/DaBin/ProjectFileArchive.swift /Users/roeylibfeld/Documents/KARI\ Creatives/DaBin/native/Sources/DaBin/ProjectPickerView.swift /Users/roeylibfeld/Documents/KARI\ Creatives/DaBin/native/Sources/DaBin/ProjectWorkspaceCard.swift /Users/roeylibfeld/Documents/KARI\ Creatives/DaBin/native/Sources/DaBin/ProjectWorkspaceExport.swift /Users/roeylibfeld/Documents/KARI\ Creatives/DaBin/native/Sources/DaBin/ProjectWorkspaceState.swift /Users/roeylibfeld/Documents/KARI\ Creatives/DaBin/native/Sources/DaBin/ProjectWorkspaceTasks.swift /Users/roeylibfeld/Documents/KARI\ Creatives/DaBin/native/Sources/DaBin/ProjectWorkspaceView.swift /Users/roeylibfeld/Documents/KARI\ Creatives/DaBin/native/Sources/DaBin/QuickAccess.swift /Users/roeylibfeld/Documents/KARI\ Creatives/DaBin/native/Sources/DaBin/QuietOrbitGeometry.swift /Users/roeylibfeld/Documents/KARI\ Creatives/DaBin/native/Sources/DaBin/QuietOrbitVisualStyle.swift /Users/roeylibfeld/Documents/KARI\ Creatives/DaBin/native/Sources/DaBin/ReminderAlertCoordinator.swift /Users/roeylibfeld/Documents/KARI\ Creatives/DaBin/native/Sources/DaBin/ReminderClockEditor.swift /Users/roeylibfeld/Documents/KARI\ Creatives/DaBin/native/Sources/DaBin/ReminderLifecycle.swift /Users/roeylibfeld/Documents/KARI\ Creatives/DaBin/native/Sources/DaBin/ReminderSchedule.swift /Users/roeylibfeld/Documents/KARI\ Creatives/DaBin/native/Sources/DaBin/ReminderService.swift /Users/roeylibfeld/Documents/KARI\ Creatives/DaBin/native/Sources/DaBin/RemindersScreen.swift /Users/roeylibfeld/Documents/KARI\ Creatives/DaBin/native/Sources/DaBin/RobotAppFrameView.swift /Users/roeylibfeld/Documents/KARI\ Creatives/DaBin/native/Sources/DaBin/RobotCharacterView.swift /Users/roeylibfeld/Documents/KARI\ Creatives/DaBin/native/Sources/DaBin/RobotLifecycle.swift /Users/roeylibfeld/Documents/KARI\ Creatives/DaBin/native/Sources/DaBin/RobotMotion.swift /Users/roeylibfeld/Documents/KARI\ Creatives/DaBin/native/Sources/DaBin/RobotPlacementSettings.swift /Users/roeylibfeld/Documents/KARI\ Creatives/DaBin/native/Sources/DaBin/RobotProjectSignView.swift /Users/roeylibfeld/Documents/KARI\ Creatives/DaBin/native/Sources/DaBin/RobotView.swift /Users/roeylibfeld/Documents/KARI\ Creatives/DaBin/native/Sources/DaBin/ScratchpadView.swift /Users/roeylibfeld/Documents/KARI\ Creatives/DaBin/native/Sources/DaBin/ScreenshotFolderMonitor.swift /Users/roeylibfeld/Documents/KARI\ Creatives/DaBin/native/Sources/DaBin/SearchColumnViewport.swift /Users/roeylibfeld/Documents/KARI\ Creatives/DaBin/native/Sources/DaBin/SearchDateBoard.swift /Users/roeylibfeld/Documents/KARI\ Creatives/DaBin/native/Sources/DaBin/SearchResultCard.swift /Users/roeylibfeld/Documents/KARI\ Creatives/DaBin/native/Sources/DaBin/SearchScreen.swift /Users/roeylibfeld/Documents/KARI\ Creatives/DaBin/native/Sources/DaBin/SettingsScreen.swift /Users/roeylibfeld/Documents/KARI\ Creatives/DaBin/native/Sources/DaBin/ShelfCaptureController.swift /Users/roeylibfeld/Documents/KARI\ Creatives/DaBin/native/Sources/DaBin/ShelfExport.swift /Users/roeylibfeld/Documents/KARI\ Creatives/DaBin/native/Sources/DaBin/SoftwareUpdateService.swift /Users/roeylibfeld/Documents/KARI\ Creatives/DaBin/native/Sources/DaBin/StatusBarController.swift /Users/roeylibfeld/Documents/KARI\ Creatives/DaBin/native/Sources/DaBin/TaskAttachmentsView.swift /Users/roeylibfeld/Documents/KARI\ Creatives/DaBin/native/Sources/DaBin/TaskEditorScreen.swift /Users/roeylibfeld/Documents/KARI\ Creatives/DaBin/native/Sources/DaBin/TaskFocusControls.swift /Users/roeylibfeld/Documents/KARI\ Creatives/DaBin/native/Sources/DaBin/TaskFocusSession.swift /Users/roeylibfeld/Documents/KARI\ Creatives/DaBin/native/Sources/DaBin/TaskPlanning.swift /Users/roeylibfeld/Documents/KARI\ Creatives/DaBin/native/Sources/DaBin/TaskPlanningEditor.swift /Users/roeylibfeld/Documents/KARI\ Creatives/DaBin/native/Sources/DaBin/TaskTimerAlarmMotion.swift /Users/roeylibfeld/Documents/KARI\ Creatives/DaBin/native/Sources/DaBin/TaskTimerRobotPresenter.swift /Users/roeylibfeld/Documents/KARI\ Creatives/DaBin/native/Sources/DaBin/TaskTimerRobotView.swift /Users/roeylibfeld/Documents/KARI\ Creatives/DaBin/native/Sources/DaBin/ThemeSettings.swift /Users/roeylibfeld/Documents/KARI\ Creatives/DaBin/native/Sources/DaBin/TimelineCalendarPicker.swift /Users/roeylibfeld/Documents/KARI\ Creatives/DaBin/native/Sources/DaBin/TodayPlanningScreen.swift /Users/roeylibfeld/Documents/KARI\ Creatives/DaBin/native/Sources/DaBin/TodayTaskCard.swift /Users/roeylibfeld/Documents/KARI\ Creatives/DaBin/native/Sources/DaBin/TransientMessagePresentation.swift /Users/roeylibfeld/Documents/KARI\ Creatives/DaBin/native/Sources/DaBin/TrashScreen.swift /Users/roeylibfeld/Documents/KARI\ Creatives/DaBin/native/Sources/DaBin/UpdateHandoff.swift /Users/roeylibfeld/Documents/KARI\ Creatives/DaBin/native/Sources/DaBin/WeeklyDateSelection.swift /Users/roeylibfeld/Documents/KARI\ Creatives/DaBin/native/Sources/DaBin/WeeklyScopeActions.swift /Users/roeylibfeld/Documents/KARI\ Creatives/DaBin/native/Sources/DaBin/WeeklyScreen.swift /Users/roeylibfeld/Documents/KARI\ Creatives/DaBin/native/Sources/DaBin/WindowDragHandle.swift /Users/roeylibfeld/Documents/KARI\ Creatives/DaBin/native/Sources/DaBin/WorkspaceClipboard.swift /Users/roeylibfeld/Documents/KARI\ Creatives/DaBin/native/Sources/DaBin/WorkspaceInput.swift /Users/roeylibfeld/Documents/KARI\ Creatives/DaBin/native/Sources/DaBin/WorkspaceItemCard.swift /Users/roeylibfeld/Documents/KARI\ Creatives/DaBin/native/Sources/DaBin/WorkspaceQuery.swift /Users/roeylibfeld/Documents/KARI\ Creatives/DaBin/native/Sources/DaBin/WorkspaceStore.swift /Users/roeylibfeld/Documents/KARI\ Creatives/DaBin/native/Sources/DaBin/WorkspaceZoom.swift /Users/roeylibfeld/Documents/KARI\ Creatives/DaBin/native/Sources/DaBin/WorkspaceZoomLayout.swift /Users/roeylibfeld/Documents/KARI\ Creatives/DaBin/native/Sources/DaBin/WorkspaceZoomScrollAnchor.swift /Applications/Xcode.app/Contents/Developer/Toolchains/XcodeDefault.xctoolchain/usr/lib/swift/macosx/prebuilt-modules/27.0/_DarwinFoundation3.swiftmodule/arm64e-apple-macos.swiftmodule /Applications/Xcode.app/Contents/Developer/Toolchains/XcodeDefault.xctoolchain/usr/lib/swift/macosx/prebuilt-modules/27.0/AVKit.swiftmodule/arm64e-apple-macos.swiftmodule /Applications/Xcode.app/Contents/Developer/Toolchains/XcodeDefault.xctoolchain/usr/lib/swift/macosx/prebuilt-modules/27.0/Foundation.swiftmodule/arm64e-apple-macos.swiftmodule /Applications/Xcode.app/Contents/Developer/Toolchains/XcodeDefault.xctoolchain/usr/lib/swift/macosx/prebuilt-modules/27.0/AppKit.swiftmodule/arm64e-apple-macos.swiftmodule /Applications/Xcode.app/Contents/Developer/Toolchains/XcodeDefault.xctoolchain/usr/lib/swift/macosx/prebuilt-modules/27.0/CoreGraphics.swiftmodule/arm64e-apple-macos.swiftmodule /Applications/Xcode.app/Contents/Developer/Toolchains/XcodeDefault.xctoolchain/usr/lib/swift/macosx/prebuilt-modules/27.0/QuickLookUI.swiftmodule/arm64e-apple-macos.swiftmodule /Applications/Xcode.app/Contents/Developer/Toolchains/XcodeDefault.xctoolchain/usr/lib/swift/macosx/prebuilt-modules/27.0/UniformTypeIdentifiers.swiftmodule/arm64e-apple-macos.swiftmodule /Applications/Xcode.app/Contents/Developer/Toolchains/XcodeDefault.xctoolchain/usr/lib/swift/macosx/prebuilt-modules/27.0/ImageIO.swiftmodule/arm64e-apple-macos.swiftmodule /Applications/Xcode.app/Contents/Developer/Toolchains/XcodeDefault.xctoolchain/usr/lib/swift/macosx/prebuilt-modules/27.0/CoreMedia.swiftmodule/arm64e-apple-macos.swiftmodule /Applications/Xcode.app/Contents/Developer/Toolchains/XcodeDefault.xctoolchain/usr/lib/swift/macosx/prebuilt-modules/27.0/Distributed.swiftmodule/arm64e-apple-macos.swiftmodule /Applications/Xcode.app/Contents/Developer/Toolchains/XcodeDefault.xctoolchain/usr/lib/swift/macosx/prebuilt-modules/27.0/LinkPresentation.swiftmodule/arm64e-apple-macos.swiftmodule /Applications/Xcode.app/Contents/Developer/Toolchains/XcodeDefault.xctoolchain/usr/lib/swift/macosx/prebuilt-modules/27.0/Vision.swiftmodule/arm64e-apple-macos.swiftmodule /Applications/Xcode.app/Contents/Developer/Toolchains/XcodeDefault.xctoolchain/usr/lib/swift/macosx/prebuilt-modules/27.0/SwiftUICore.swiftmodule/arm64e-apple-macos.swiftmodule /Applications/Xcode.app/Contents/Developer/Toolchains/XcodeDefault.xctoolchain/usr/lib/swift/macosx/prebuilt-modules/27.0/LightweightCodeRequirements.swiftmodule/arm64e-apple-macos.swiftmodule /Applications/Xcode.app/Contents/Developer/Toolchains/XcodeDefault.xctoolchain/usr/lib/swift/macosx/prebuilt-modules/27.0/ObjectiveC.swiftmodule/arm64e-apple-macos.swiftmodule /Applications/Xcode.app/Contents/Developer/Toolchains/XcodeDefault.xctoolchain/usr/lib/swift/macosx/prebuilt-modules/27.0/OSLog.swiftmodule/arm64e-apple-macos.swiftmodule /Applications/Xcode.app/Contents/Developer/Toolchains/XcodeDefault.xctoolchain/usr/lib/swift/macosx/prebuilt-modules/27.0/CryptoKit.swiftmodule/arm64e-apple-macos.swiftmodule /Applications/Xcode.app/Contents/Developer/Toolchains/XcodeDefault.xctoolchain/usr/lib/swift/macosx/prebuilt-modules/27.0/SwiftUI.swiftmodule/arm64e-apple-macos.swiftmodule /Applications/Xcode.app/Contents/Developer/Toolchains/XcodeDefault.xctoolchain/usr/lib/swift/macosx/prebuilt-modules/27.0/AVFoundation.swiftmodule/arm64e-apple-macos.swiftmodule /Applications/Xcode.app/Contents/Developer/Toolchains/XcodeDefault.xctoolchain/usr/lib/swift/macosx/prebuilt-modules/27.0/Network.swiftmodule/arm64e-apple-macos.swiftmodule /Applications/Xcode.app/Contents/Developer/Toolchains/XcodeDefault.xctoolchain/usr/lib/swift/macosx/prebuilt-modules/27.0/_Builtin_float.swiftmodule/arm64e-apple-macos.swiftmodule /Applications/Xcode.app/Contents/Developer/Toolchains/XcodeDefault.xctoolchain/usr/lib/swift/macosx/prebuilt-modules/27.0/AVFAudio.swiftmodule/arm64e-apple-macos.swiftmodule /Applications/Xcode.app/Contents/Developer/Toolchains/XcodeDefault.xctoolchain/usr/lib/swift/macosx/prebuilt-modules/27.0/DataDetection.swiftmodule/arm64e-apple-macos.swiftmodule /Applications/Xcode.app/Contents/Developer/Toolchains/XcodeDefault.xctoolchain/usr/lib/swift/macosx/prebuilt-modules/27.0/Synchronization.swiftmodule/arm64e-apple-macos.swiftmodule /Applications/Xcode.app/Contents/Developer/Toolchains/XcodeDefault.xctoolchain/usr/lib/swift/macosx/prebuilt-modules/27.0/Spatial.swiftmodule/arm64e-apple-macos.swiftmodule /Applications/Xcode.app/Contents/Developer/Toolchains/XcodeDefault.xctoolchain/usr/lib/swift/macosx/prebuilt-modules/27.0/ColorSync.swiftmodule/arm64e-apple-macos.swiftmodule /Applications/Xcode.app/Contents/Developer/Toolchains/XcodeDefault.xctoolchain/usr/lib/swift/macosx/prebuilt-modules/27.0/CoreTransferable.swiftmodule/arm64e-apple-macos.swiftmodule /Applications/Xcode.app/Contents/Developer/Toolchains/XcodeDefault.xctoolchain/usr/lib/swift/macosx/prebuilt-modules/27.0/Darwin.swiftmodule/arm64e-apple-macos.swiftmodule /Applications/Xcode.app/Contents/Developer/Toolchains/XcodeDefault.xctoolchain/usr/lib/swift/macosx/prebuilt-modules/27.0/DeveloperToolsSupport.swiftmodule/arm64e-apple-macos.swiftmodule /Applications/Xcode.app/Contents/Developer/Toolchains/XcodeDefault.xctoolchain/usr/lib/swift/macosx/prebuilt-modules/27.0/CoreFoundation.swiftmodule/arm64e-apple-macos.swiftmodule /Applications/Xcode.app/Contents/Developer/Toolchains/XcodeDefault.xctoolchain/usr/lib/swift/macosx/prebuilt-modules/27.0/IOKit.swiftmodule/arm64e-apple-macos.swiftmodule /Applications/Xcode.app/Contents/Developer/Toolchains/XcodeDefault.xctoolchain/usr/lib/swift/macosx/prebuilt-modules/27.0/simd.swiftmodule/arm64e-apple-macos.swiftmodule /Applications/Xcode.app/Contents/Developer/Toolchains/XcodeDefault.xctoolchain/usr/lib/swift/macosx/prebuilt-modules/27.0/VideoToolbox.swiftmodule/arm64e-apple-macos.swiftmodule /Applications/Xcode.app/Contents/Developer/Toolchains/XcodeDefault.xctoolchain/usr/lib/swift/macosx/prebuilt-modules/27.0/AudioToolbox.swiftmodule/arm64e-apple-macos.swiftmodule /Applications/Xcode.app/Contents/Developer/Toolchains/XcodeDefault.xctoolchain/usr/lib/swift/macosx/prebuilt-modules/27.0/ExtensionFoundation.swiftmodule/arm64e-apple-macos.swiftmodule /Applications/Xcode.app/Contents/Developer/Toolchains/XcodeDefault.xctoolchain/usr/lib/swift/macosx/prebuilt-modules/27.0/os.swiftmodule/arm64e-apple-macos.swiftmodule /Applications/Xcode.app/Contents/Developer/Toolchains/XcodeDefault.xctoolchain/usr/lib/swift/macosx/prebuilt-modules/27.0/XPC.swiftmodule/arm64e-apple-macos.swiftmodule /Applications/Xcode.app/Contents/Developer/Toolchains/XcodeDefault.xctoolchain/usr/lib/swift/macosx/prebuilt-modules/27.0/CoreData.swiftmodule/arm64e-apple-macos.swiftmodule /Applications/Xcode.app/Contents/Developer/Toolchains/XcodeDefault.xctoolchain/usr/lib/swift/macosx/prebuilt-modules/27.0/MediaToolbox.swiftmodule/arm64e-apple-macos.swiftmodule /Applications/Xcode.app/Contents/Developer/Toolchains/XcodeDefault.xctoolchain/usr/lib/swift/macosx/prebuilt-modules/27.0/Dispatch.swiftmodule/arm64e-apple-macos.swiftmodule /Applications/Xcode.app/Contents/Developer/Toolchains/XcodeDefault.xctoolchain/usr/lib/swift/macosx/prebuilt-modules/27.0/Symbols.swiftmodule/arm64e-apple-macos.swiftmodule /Applications/Xcode.app/Contents/Developer/Toolchains/XcodeDefault.xctoolchain/usr/lib/swift/macosx/prebuilt-modules/27.0/System.swiftmodule/arm64e-apple-macos.swiftmodule /Applications/Xcode.app/Contents/Developer/Toolchains/XcodeDefault.xctoolchain/usr/lib/swift/macosx/prebuilt-modules/27.0/CoreML.swiftmodule/arm64e-apple-macos.swiftmodule /Applications/Xcode.app/Contents/Developer/Toolchains/XcodeDefault.xctoolchain/usr/lib/swift/macosx/prebuilt-modules/27.0/Observation.swiftmodule/arm64e-apple-macos.swiftmodule /Applications/Xcode.app/Contents/Developer/Toolchains/XcodeDefault.xctoolchain/usr/lib/swift/macosx/prebuilt-modules/27.0/CoreImage.swiftmodule/arm64e-apple-macos.swiftmodule /Applications/Xcode.app/Contents/Developer/Toolchains/XcodeDefault.xctoolchain/usr/lib/swift/macosx/prebuilt-modules/27.0/Accelerate.swiftmodule/arm64e-apple-macos.swiftmodule /Applications/Xcode.app/Contents/Developer/Toolchains/XcodeDefault.xctoolchain/usr/lib/swift/macosx/prebuilt-modules/27.0/LocalAuthentication.swiftmodule/arm64e-apple-macos.swiftmodule /Applications/Xcode.app/Contents/Developer/Toolchains/XcodeDefault.xctoolchain/usr/lib/swift/macosx/prebuilt-modules/27.0/_StringProcessing.swiftmodule/arm64e-apple-macos.swiftmodule /Applications/Xcode.app/Contents/Developer/Toolchains/XcodeDefault.xctoolchain/usr/lib/swift/macosx/prebuilt-modules/27.0/CoreText.swiftmodule/arm64e-apple-macos.swiftmodule /Applications/Xcode.app/Contents/Developer/Toolchains/XcodeDefault.xctoolchain/usr/lib/swift/macosx/prebuilt-modules/27.0/CoreMIDI.swiftmodule/arm64e-apple-macos.swiftmodule /Applications/Xcode.app/Contents/Developer/Toolchains/XcodeDefault.xctoolchain/usr/lib/swift/macosx/prebuilt-modules/27.0/_Concurrency.swiftmodule/arm64e-apple-macos.swiftmodule /Applications/Xcode.app/Contents/Developer/Toolchains/XcodeDefault.xctoolchain/usr/lib/swift/macosx/prebuilt-modules/27.0/QuartzCore.swiftmodule/arm64e-apple-macos.swiftmodule /Applications/Xcode.app/Contents/Developer/Toolchains/XcodeDefault.xctoolchain/usr/lib/swift/macosx/prebuilt-modules/27.0/Swift.swiftmodule/arm64e-apple-macos.swiftmodule /Applications/Xcode.app/Contents/Developer/Toolchains/XcodeDefault.xctoolchain/usr/lib/swift/macosx/prebuilt-modules/27.0/PDFKit.swiftmodule/arm64e-apple-macos.swiftmodule /Applications/Xcode.app/Contents/Developer/Toolchains/XcodeDefault.xctoolchain/usr/lib/swift/macosx/prebuilt-modules/27.0/_DarwinFoundation2.swiftmodule/arm64e-apple-macos.swiftmodule /Applications/Xcode.app/Contents/Developer/Toolchains/XcodeDefault.xctoolchain/usr/lib/swift/macosx/prebuilt-modules/27.0/CoreVideo.swiftmodule/arm64e-apple-macos.swiftmodule /Applications/Xcode.app/Contents/Developer/Toolchains/XcodeDefault.xctoolchain/usr/lib/swift/macosx/prebuilt-modules/27.0/Metal.swiftmodule/arm64e-apple-macos.swiftmodule /Applications/Xcode.app/Contents/Developer/Toolchains/XcodeDefault.xctoolchain/usr/lib/swift/macosx/prebuilt-modules/27.0/CoreAudio.swiftmodule/arm64e-apple-macos.swiftmodule /Applications/Xcode.app/Contents/Developer/Toolchains/XcodeDefault.xctoolchain/usr/lib/swift/macosx/prebuilt-modules/27.0/Accessibility.swiftmodule/arm64e-apple-macos.swiftmodule /Applications/Xcode.app/Contents/Developer/Toolchains/XcodeDefault.xctoolchain/usr/lib/swift/macosx/prebuilt-modules/27.0/QuickLookThumbnailing.swiftmodule/arm64e-apple-macos.swiftmodule /Applications/Xcode.app/Contents/Developer/Toolchains/XcodeDefault.xctoolchain/usr/lib/swift/macosx/prebuilt-modules/27.0/_AVKit_SwiftUI.swiftmodule/arm64e-apple-macos.swiftmodule /Applications/Xcode.app/Contents/Developer/Toolchains/XcodeDefault.xctoolchain/usr/lib/swift/macosx/prebuilt-modules/27.0/_DarwinFoundation1.swiftmodule/arm64e-apple-macos.swiftmodule /Applications/Xcode.app/Contents/Developer/Toolchains/XcodeDefault.xctoolchain/usr/lib/swift/macosx/prebuilt-modules/27.0/Compression.swiftmodule/arm64e-apple-macos.swiftmodule /Applications/Xcode.app/Contents/Developer/Toolchains/XcodeDefault.xctoolchain/usr/lib/swift/macosx/prebuilt-modules/27.0/Combine.swiftmodule/arm64e-apple-macos.swiftmodule /Users/roeylibfeld/Documents/KARI\ Creatives/DaBin/native/build/store-card-delete-verified-20261005T141200Z/derived-data/SDKExplicitPrecompiledModules/zlib-ARY9ZA5GEK2MVAXSQ1S7H883U.pcm /Users/roeylibfeld/Documents/KARI\ Creatives/DaBin/native/build/store-card-delete-verified-20261005T141200Z/derived-data/SDKExplicitPrecompiledModules/ColorSync-BN6J8EHTVT77DIGQGVZR5FD5B.pcm /Users/roeylibfeld/Documents/KARI\ Creatives/DaBin/native/build/store-card-delete-verified-20261005T141200Z/derived-data/SDKExplicitPrecompiledModules/IOKit-9WFLBRKX068IYOT8371TUOBQC.pcm /Users/roeylibfeld/Documents/KARI\ Creatives/DaBin/native/build/store-card-delete-verified-20261005T141200Z/derived-data/SDKExplicitPrecompiledModules/QuickLookThumbnailing-B1YWVZFB4CDKCZNF5WZ88GGB8.pcm /Users/roeylibfeld/Documents/KARI\ Creatives/DaBin/native/build/store-card-delete-verified-20261005T141200Z/derived-data/SDKExplicitPrecompiledModules/CoreAudioTypes-4YT2AE5M9IXDXR9S9EXSQZX10.pcm /Users/roeylibfeld/Documents/KARI\ Creatives/DaBin/native/build/store-card-delete-verified-20261005T141200Z/derived-data/SDKExplicitPrecompiledModules/CUPS-E7U5LSKZ2XDX3VBHWF3HX0I5J.pcm /Users/roeylibfeld/Documents/KARI\ Creatives/DaBin/native/build/store-card-delete-verified-20261005T141200Z/derived-data/SDKExplicitPrecompiledModules/_Builtin_stdarg-BT8R1FPM939FGZ5CCUIKFBCAR.pcm /Users/roeylibfeld/Documents/KARI\ Creatives/DaBin/native/build/store-card-delete-verified-20261005T141200Z/derived-data/SDKExplicitPrecompiledModules/OpenGL-8Z5WLVDODZAS5DQTZQL4AXBWM.pcm /Users/roeylibfeld/Documents/KARI\ Creatives/DaBin/native/build/store-card-delete-verified-20261005T141200Z/derived-data/SDKExplicitPrecompiledModules/AVFAudio-4P2C5LPS2UTUXNP2QOIT67WUW.pcm /Users/roeylibfeld/Documents/KARI\ Creatives/DaBin/native/build/store-card-delete-verified-20261005T141200Z/derived-data/SDKExplicitPrecompiledModules/_DarwinFoundation1-15U0XA6UUN1PJ3XDSGFMD8CJO.pcm /Users/roeylibfeld/Documents/KARI\ Creatives/DaBin/native/build/store-card-delete-verified-20261005T141200Z/derived-data/SDKExplicitPrecompiledModules/_Builtin_stddef-DHI0XUOV0P0KUNOSIBHNSMNEP.pcm /Users/roeylibfeld/Documents/KARI\ Creatives/DaBin/native/build/store-card-delete-verified-20261005T141200Z/derived-data/SDKExplicitPrecompiledModules/_Builtin_inttypes-35L3LVN7GENITLHOPJ418K3VF.pcm /Users/roeylibfeld/Documents/KARI\ Creatives/DaBin/native/build/store-card-delete-verified-20261005T141200Z/derived-data/SDKExplicitPrecompiledModules/CoreAudio-H0SRG2KKQNBIJKO7O7AT2N8H.pcm /Users/roeylibfeld/Documents/KARI\ Creatives/DaBin/native/build/store-card-delete-verified-20261005T141200Z/derived-data/SDKExplicitPrecompiledModules/CFNetwork-7U5BHV91PBUUYPR5ENCRW2XCU.pcm /Users/roeylibfeld/Documents/KARI\ Creatives/DaBin/native/build/store-card-delete-verified-20261005T141200Z/derived-data/SDKExplicitPrecompiledModules/_Builtin_limits-7R3B79T54AKO3UA7K6TOW92LK.pcm /Users/roeylibfeld/Documents/KARI\ Creatives/DaBin/native/build/store-card-delete-verified-20261005T141200Z/derived-data/SDKExplicitPrecompiledModules/SwiftUI-BF2533YHRBMNZ286SKEIUHIHV.pcm /Users/roeylibfeld/Documents/KARI\ Creatives/DaBin/native/build/store-card-delete-verified-20261005T141200Z/derived-data/SDKExplicitPrecompiledModules/libkern-87SWG1NT20XMZ3PQDN4H2LND2.pcm /Users/roeylibfeld/Documents/KARI\ Creatives/DaBin/native/build/store-card-delete-verified-20261005T141200Z/derived-data/SDKExplicitPrecompiledModules/Cocoa-DI7NSVIHOEQBOBEB7DJ5SJZVW.pcm /Users/roeylibfeld/Documents/KARI\ Creatives/DaBin/native/build/store-card-delete-verified-20261005T141200Z/derived-data/SDKExplicitPrecompiledModules/SwiftShims-AHT761DEKDGMSYW46NIW7ISL8.pcm /Users/roeylibfeld/Documents/KARI\ Creatives/DaBin/native/build/store-card-delete-verified-20261005T141200Z/derived-data/SDKExplicitPrecompiledModules/CoreVideo-CJV2SQOSYCVCTCN3SC13A5Y6R.pcm /Users/roeylibfeld/Documents/KARI\ Creatives/DaBin/native/build/store-card-delete-verified-20261005T141200Z/derived-data/SDKExplicitPrecompiledModules/CoreTransferable-9A1SGCQCUTMQR6O548GFIVYRX.pcm /Users/roeylibfeld/Documents/KARI\ Creatives/DaBin/native/build/store-card-delete-verified-20261005T141200Z/derived-data/SDKExplicitPrecompiledModules/ptrcheck-CT8R9S61ER24J21H74YDFFLQN.pcm /Users/roeylibfeld/Documents/KARI\ Creatives/DaBin/native/build/store-card-delete-verified-20261005T141200Z/derived-data/SDKExplicitPrecompiledModules/Accessibility-65F1G0D2M39HFZQ4WFAJQCN8D.pcm /Users/roeylibfeld/Documents/KARI\ Creatives/DaBin/native/build/store-card-delete-verified-20261005T141200Z/derived-data/SDKExplicitPrecompiledModules/LocalAuthentication-UHWUSLTCO857J9VO96XKB2ZK.pcm /Users/roeylibfeld/Documents/KARI\ Creatives/DaBin/native/build/store-card-delete-verified-20261005T141200Z/derived-data/SDKExplicitPrecompiledModules/ExtensionFoundation-CXQKGZW8MI1PIJ5J8735YCJDV.pcm /Users/roeylibfeld/Documents/KARI\ Creatives/DaBin/native/build/store-card-delete-verified-20261005T141200Z/derived-data/SDKExplicitPrecompiledModules/VideoToolbox-54C1UB6EVU4483PBIIFXFYMCD.pcm /Users/roeylibfeld/Documents/KARI\ Creatives/DaBin/native/build/store-card-delete-verified-20261005T141200Z/derived-data/SDKExplicitPrecompiledModules/AudioToolbox-42FRSWYMB7JOIP8LMPKYDLLBM.pcm /Users/roeylibfeld/Documents/KARI\ Creatives/DaBin/native/build/store-card-delete-verified-20261005T141200Z/derived-data/SDKExplicitPrecompiledModules/CoreImage-DA4W03T8TGYFU61ZV43MKLR6D.pcm /Users/roeylibfeld/Documents/KARI\ Creatives/DaBin/native/build/store-card-delete-verified-20261005T141200Z/derived-data/SDKExplicitPrecompiledModules/Spatial-BU12DOKOV360ASK4YFX9WBYLB.pcm /Users/roeylibfeld/Documents/KARI\ Creatives/DaBin/native/build/store-card-delete-verified-20261005T141200Z/derived-data/SDKExplicitPrecompiledModules/DiskArbitration-5TX2WM14ZBN58SDLKX82XKFYN.pcm /Users/roeylibfeld/Documents/KARI\ Creatives/DaBin/native/build/store-card-delete-verified-20261005T141200Z/derived-data/SDKExplicitPrecompiledModules/dnssd-7V33UOG1HIEBPTTR0R03FHZOA.pcm /Users/roeylibfeld/Documents/KARI\ Creatives/DaBin/native/build/store-card-delete-verified-20261005T141200Z/derived-data/SDKExplicitPrecompiledModules/launch-CKJRB8X7WRBC01TPYCZCE3O3E.pcm /Users/roeylibfeld/Documents/KARI\ Creatives/DaBin/native/build/store-card-delete-verified-20261005T141200Z/derived-data/SDKExplicitPrecompiledModules/Network-6LLM9289UON0ID5AYKP5G7AD5.pcm /Users/roeylibfeld/Documents/KARI\ Creatives/DaBin/native/build/store-card-delete-verified-20261005T141200Z/derived-data/SDKExplicitPrecompiledModules/_Builtin_float-AF03EMB68SP84QXLR8WERRKPR.pcm /Users/roeylibfeld/Documents/KARI\ Creatives/DaBin/native/build/store-card-delete-verified-20261005T141200Z/derived-data/SDKExplicitPrecompiledModules/DataDetection-ABAA158VZ6S9IP696VKB1OTXI.pcm /Users/roeylibfeld/Documents/KARI\ Creatives/DaBin/native/build/store-card-delete-verified-20261005T141200Z/derived-data/SDKExplicitPrecompiledModules/_Builtin_stdatomic-5F1P5JW6P8X4XV49JMFPOG2P5.pcm /Users/roeylibfeld/Documents/KARI\ Creatives/DaBin/native/build/store-card-delete-verified-20261005T141200Z/derived-data/SDKExplicitPrecompiledModules/SwiftUICore-8OXL0R6K6G04W5AQ1EXXVHPMN.pcm /Users/roeylibfeld/Documents/KARI\ Creatives/DaBin/native/build/store-card-delete-verified-20261005T141200Z/derived-data/SDKExplicitPrecompiledModules/_Builtin_intrinsics-6050YLJC02QIRESAQ98HLM1DB.pcm /Users/roeylibfeld/Documents/KARI\ Creatives/DaBin/native/build/store-card-delete-verified-20261005T141200Z/derived-data/SDKExplicitPrecompiledModules/CoreMIDI-7LOARULGFM8FQAXZY96ELXR6Z.pcm /Users/roeylibfeld/Documents/KARI\ Creatives/DaBin/native/build/store-card-delete-verified-20261005T141200Z/derived-data/SDKExplicitPrecompiledModules/LinkPresentation-BQ0CGN2I22MBK4U4K6X2FZ1SO.pcm /Users/roeylibfeld/Documents/KARI\ Creatives/DaBin/native/build/store-card-delete-verified-20261005T141200Z/derived-data/SDKExplicitPrecompiledModules/Vision-DHEQIN0VY1JLWY7FJ99FOBT0R.pcm /Users/roeylibfeld/Documents/KARI\ Creatives/DaBin/native/build/store-card-delete-verified-20261005T141200Z/derived-data/SDKExplicitPrecompiledModules/QuickLookUI-5E0IWIUG8ZMUWY5I4742XRNSC.pcm /Users/roeylibfeld/Documents/KARI\ Creatives/DaBin/native/build/store-card-delete-verified-20261005T141200Z/derived-data/SDKExplicitPrecompiledModules/AVFoundation-EF5NLLXA4T22ZBEN7IHZYXJTJ.pcm /Users/roeylibfeld/Documents/KARI\ Creatives/DaBin/native/build/store-card-delete-verified-20261005T141200Z/derived-data/SDKExplicitPrecompiledModules/CoreData-2YHB7JY9074T00ZID0KIJE017.pcm /Users/roeylibfeld/Documents/KARI\ Creatives/DaBin/native/build/store-card-delete-verified-20261005T141200Z/derived-data/SDKExplicitPrecompiledModules/Dispatch-8CWJ5NZ7SG6Q8W79L11WRJJ5F.pcm /Users/roeylibfeld/Documents/KARI\ Creatives/DaBin/native/build/store-card-delete-verified-20261005T141200Z/derived-data/SDKExplicitPrecompiledModules/IOSurface-2LTTNYMDIDMAAZLIMX65W5LF4.pcm /Users/roeylibfeld/Documents/KARI\ Creatives/DaBin/native/build/store-card-delete-verified-20261005T141200Z/derived-data/SDKExplicitPrecompiledModules/_Builtin_stdbool-APIYFY02RG1YAM4JZQY0AIEXM.pcm /Users/roeylibfeld/Documents/KARI\ Creatives/DaBin/native/build/store-card-delete-verified-20261005T141200Z/derived-data/SDKExplicitPrecompiledModules/Foundation-F178UGHSAOGS1G9DWLIA3645A.pcm /Users/roeylibfeld/Documents/KARI\ Creatives/DaBin/native/build/store-card-delete-verified-20261005T141200Z/derived-data/SDKExplicitPrecompiledModules/CoreFoundation-BL3WHCSXNABUVUASQJDKK47WL.pcm /Users/roeylibfeld/Documents/KARI\ Creatives/DaBin/native/build/store-card-delete-verified-20261005T141200Z/derived-data/SDKExplicitPrecompiledModules/AppKit-ESZRLG4PFT32B331JGX33LLK3.pcm /Users/roeylibfeld/Documents/KARI\ Creatives/DaBin/native/build/store-card-delete-verified-20261005T141200Z/derived-data/SDKExplicitPrecompiledModules/CoreServices-3ITYD3P3SCYDJAMHECSEZYF24.pcm /Users/roeylibfeld/Documents/KARI\ Creatives/DaBin/native/build/store-card-delete-verified-20261005T141200Z/derived-data/SDKExplicitPrecompiledModules/_AvailabilityInternal-2OOBI22US8G4EQILZZEDPW94L.pcm /Users/roeylibfeld/Documents/KARI\ Creatives/DaBin/native/build/store-card-delete-verified-20261005T141200Z/derived-data/SDKExplicitPrecompiledModules/OSLog-BSXHCO5JYKAYDYSQ0CV3TLL84.pcm /Users/roeylibfeld/Documents/KARI\ Creatives/DaBin/native/build/store-card-delete-verified-20261005T141200Z/derived-data/SDKExplicitPrecompiledModules/CoreMedia-7HQP7BW578951C1KW8D6L2YVS.pcm /Users/roeylibfeld/Documents/KARI\ Creatives/DaBin/native/build/store-card-delete-verified-20261005T141200Z/derived-data/SDKExplicitPrecompiledModules/Compression-61BJJW25GVVL920BDKEK609OT.pcm /Users/roeylibfeld/Documents/KARI\ Creatives/DaBin/native/build/store-card-delete-verified-20261005T141200Z/derived-data/SDKExplicitPrecompiledModules/os_workgroup-9D70QBCL5RAIWYQPEAJT9DRC7.pcm /Users/roeylibfeld/Documents/KARI\ Creatives/DaBin/native/build/store-card-delete-verified-20261005T141200Z/derived-data/SDKExplicitPrecompiledModules/DeveloperToolsSupport-884C0TFPZQQMIWLFT37YEXDUU.pcm /Users/roeylibfeld/Documents/KARI\ Creatives/DaBin/native/build/store-card-delete-verified-20261005T141200Z/derived-data/SDKExplicitPrecompiledModules/UserNotifications-3NX9A6VUKVIDWB5SKFMFAOD04.pcm /Users/roeylibfeld/Documents/KARI\ Creatives/DaBin/native/build/store-card-delete-verified-20261005T141200Z/derived-data/SDKExplicitPrecompiledModules/_DarwinFoundation3-76CEX2F3LPZXPXYAJ4Y45EN1Q.pcm /Users/roeylibfeld/Documents/KARI\ Creatives/DaBin/native/build/store-card-delete-verified-20261005T141200Z/derived-data/SDKExplicitPrecompiledModules/_DarwinFoundation2-9CAINEGDUJGNCV66LQKMXRAIA.pcm /Users/roeylibfeld/Documents/KARI\ Creatives/DaBin/native/build/store-card-delete-verified-20261005T141200Z/derived-data/SDKExplicitPrecompiledModules/AVKit-7IKCDBKEVM29NHGODFXNWYTJH.pcm /Users/roeylibfeld/Documents/KARI\ Creatives/DaBin/native/build/store-card-delete-verified-20261005T141200Z/derived-data/SDKExplicitPrecompiledModules/os-1QIEAWOO5FGE8YFT787PN7IE8.pcm /Users/roeylibfeld/Documents/KARI\ Creatives/DaBin/native/build/store-card-delete-verified-20261005T141200Z/derived-data/SDKExplicitPrecompiledModules/PDFKit-4ZWB04M66S4MIHHS4X0DBU613.pcm /Users/roeylibfeld/Documents/KARI\ Creatives/DaBin/native/build/store-card-delete-verified-20261005T141200Z/derived-data/SDKExplicitPrecompiledModules/Security-99NOKVLC8RVR6FQ9ZMY35ZKQJ.pcm /Users/roeylibfeld/Documents/KARI\ Creatives/DaBin/native/build/store-card-delete-verified-20261005T141200Z/derived-data/SDKExplicitPrecompiledModules/Carbon-B82R6YUWG9V3IBUVS4ZQE69SN.pcm /Users/roeylibfeld/Documents/KARI\ Creatives/DaBin/native/build/store-card-delete-verified-20261005T141200Z/derived-data/SDKExplicitPrecompiledModules/MachO-2AN182OJ8TG561HTEHBP2J8F6.pcm /Users/roeylibfeld/Documents/KARI\ Creatives/DaBin/native/build/store-card-delete-verified-20261005T141200Z/derived-data/SDKExplicitPrecompiledModules/ImageIO-877SPPIB30V7TR4ZZ9IMPHZQU.pcm /Users/roeylibfeld/Documents/KARI\ Creatives/DaBin/native/build/store-card-delete-verified-20261005T141200Z/derived-data/SDKExplicitPrecompiledModules/QuickLook-B8ICG8X1S2ZY286RVRW9I6X5O.pcm /Users/roeylibfeld/Documents/KARI\ Creatives/DaBin/native/build/store-card-delete-verified-20261005T141200Z/derived-data/SDKExplicitPrecompiledModules/_SwiftConcurrencyShims-4WTM5EASKIWB9NOXP146HAWS9.pcm /Users/roeylibfeld/Documents/KARI\ Creatives/DaBin/native/build/store-card-delete-verified-20261005T141200Z/derived-data/SDKExplicitPrecompiledModules/CoreML-DUV2GWHUPF03OJXAFTF3DAYLJ.pcm /Users/roeylibfeld/Documents/KARI\ Creatives/DaBin/native/build/store-card-delete-verified-20261005T141200Z/derived-data/SDKExplicitPrecompiledModules/UniformTypeIdentifiers-75F36FBVED411KDQGA3EPG8F3.pcm /Users/roeylibfeld/Documents/KARI\ Creatives/DaBin/native/build/store-card-delete-verified-20261005T141200Z/derived-data/SDKExplicitPrecompiledModules/ObjectiveC-MZU28BA18S7WAIHH1SQYO3JM.pcm /Users/roeylibfeld/Documents/KARI\ Creatives/DaBin/native/build/store-card-delete-verified-20261005T141200Z/derived-data/SDKExplicitPrecompiledModules/_Builtin_stdint-7F5XLCDE08XTW8I95EO4J1ZK7.pcm /Users/roeylibfeld/Documents/KARI\ Creatives/DaBin/native/build/store-card-delete-verified-20261005T141200Z/derived-data/SDKExplicitPrecompiledModules/CoreText-3RUKDBP4H9C5KNCMZLTBYQ9S2.pcm /Users/roeylibfeld/Documents/KARI\ Creatives/DaBin/native/build/store-card-delete-verified-20261005T141200Z/derived-data/SDKExplicitPrecompiledModules/_Builtin_tgmath-F35SK1ADAXAH4E92QO2B4ZWZ.pcm /Users/roeylibfeld/Documents/KARI\ Creatives/DaBin/native/build/store-card-delete-verified-20261005T141200Z/derived-data/SDKExplicitPrecompiledModules/Symbols-68DWHW6HSAPAFQHF0DN4M6GXA.pcm /Users/roeylibfeld/Documents/KARI\ Creatives/DaBin/native/build/store-card-delete-verified-20261005T141200Z/derived-data/SDKExplicitPrecompiledModules/XPC-4WW9XUYOIZHPS2UOV4Y4O3SSP.pcm /Users/roeylibfeld/Documents/KARI\ Creatives/DaBin/native/build/store-card-delete-verified-20261005T141200Z/derived-data/SDKExplicitPrecompiledModules/Metal-D5S4VRE1A0SOJA955CCJX2UO7.pcm /Users/roeylibfeld/Documents/KARI\ Creatives/DaBin/native/build/store-card-delete-verified-20261005T141200Z/derived-data/SDKExplicitPrecompiledModules/os_object-BH3P04B35TA7MJOKTHF54K3XC.pcm /Users/roeylibfeld/Documents/KARI\ Creatives/DaBin/native/build/store-card-delete-verified-20261005T141200Z/derived-data/SDKExplicitPrecompiledModules/libDER-DQOMN1MAU7CX1Z2LX27YSPYLH.pcm /Users/roeylibfeld/Documents/KARI\ Creatives/DaBin/native/build/store-card-delete-verified-20261005T141200Z/derived-data/SDKExplicitPrecompiledModules/QuartzCore-9I4OKF7BM81BE2SFH90XIGKPD.pcm /Users/roeylibfeld/Documents/KARI\ Creatives/DaBin/native/build/store-card-delete-verified-20261005T141200Z/derived-data/SDKExplicitPrecompiledModules/ApplicationServices-9DAPHQNN91FSMSTYWKRGSREI.pcm /Users/roeylibfeld/Documents/KARI\ Creatives/DaBin/native/build/store-card-delete-verified-20261005T141200Z/derived-data/SDKExplicitPrecompiledModules/simd-6884KHBCN7EM5OT7TKBS1T3X7.pcm /Users/roeylibfeld/Documents/KARI\ Creatives/DaBin/native/build/store-card-delete-verified-20261005T141200Z/derived-data/SDKExplicitPrecompiledModules/Accelerate-10IEODVFFFN5RVNXUDC2LJ2JJ.pcm /Users/roeylibfeld/Documents/KARI\ Creatives/DaBin/native/build/store-card-delete-verified-20261005T141200Z/derived-data/SDKExplicitPrecompiledModules/CoreGraphics-2517DX9DT94K2O1ARKWBKX2M2.pcm /Users/roeylibfeld/Documents/KARI\ Creatives/DaBin/native/build/store-card-delete-verified-20261005T141200Z/derived-data/SDKExplicitPrecompiledModules/string_h-CSSQREQM4MYKCCPSBN23UPNJI.pcm /Users/roeylibfeld/Documents/KARI\ Creatives/DaBin/native/build/store-card-delete-verified-20261005T141200Z/derived-data/SDKExplicitPrecompiledModules/MediaToolbox-6A3UFBZNP5K7Z0RRKK88ZFA08.pcm /Users/roeylibfeld/Documents/KARI\ Creatives/DaBin/native/build/store-card-delete-verified-20261005T141200Z/derived-data/SDKExplicitPrecompiledModules/Darwin-DI60UVJ8QYOZM1YUDTIEOW9WY.pcm /Users/roeylibfeld/Documents/KARI\ Creatives/DaBin/native/build/store-card-delete-verified-20261005T141200Z/derived-data/SDKExplicitPrecompiledModules/sys_types-BQH0CTB912U2TC4QTUYVRTAIL.pcm /Users/roeylibfeld/Documents/KARI\ Creatives/DaBin/native/build/store-card-delete-verified-20261005T141200Z/derived-data/SDKExplicitPrecompiledModules/ptrauth-74VCPD7DSD7I5ZL68QZDRTOQB.pcm /Users/roeylibfeld/Documents/KARI\ Creatives/DaBin/native/build/store-card-delete-verified-20261005T141200Z/derived-data/Build/Intermediates.noindex/DaBin.build/Release/DaBin.build/Objects-normal/arm64/DaBin-dependencies-1.json (in target 'DaBin' from project 'DaBin')

SwiftCompile normal arm64 (in target 'DaBin' from project 'DaBin')
    cd /Users/roeylibfeld/Documents/KARI\ Creatives/DaBin/native
    

SwiftDriverJobDiscovery normal arm64 Compiling AccessibilityAnnouncement.swift, AppDelegate.swift, AppState.swift, ApplicationCoordinator.swift, ApplicationMenu.swift, ArchiveBackup.swift, AutoCaptureFingerprint.swift, AutoCaptureRobotCelebration.swift, AutoCaptureRobotPresenter.swift, AutoCaptureService.swift, AutoCaptureSettings.swift, AutoCaptureSignMotion.swift, AutoCaptureSignRouting.swift, AutoCaptureSignView.swift, AutoRecordIndicator.swift, BoardComponents.swift, BoardResizeGeometry.swift, BoardView.swift, BoardWindowChrome.swift, BoredRobotView.swift, BuddyControls.swift, CaptureAnnotations.swift, CaptureCardGroup.swift, CaptureCards.swift, CaptureClipboard.swift, CaptureCopyButton.swift, CaptureDetailPanels.swift, CaptureExtendedCanvas.swift, CaptureExtendedWindow.swift, CaptureFilterStrip.swift, CaptureInboxActions.swift, CapturePresentation.swift, CapturePreviews.swift, CaptureProvenance.swift, CaptureRemoval.swift, CaptureRepository.swift, CaptureSourceView.swift, CaptureStore.swift, CaptureTrailView.swift, ClipboardRetentionService.swift, ClipboardRetentionSettings.swift, CollectionPreviewMosaic.swift, ContentIndexService.swift, CornerController.swift, DaBinLogo.swift, DaBinMain.swift, DailyArchive.swift, DailyCaptureView.swift, DailyScreen.swift, DayExport.swift, DayExportUI.swift, DetailScreen.swift, Domain.swift, DraftArchive.swift, ExplorerItems.swift, ExplorerQuery.swift, ExplorerScreen.swift, ExplorerTransfer.swift, ExplorerViewport.swift, FittedPDFPreview.swift, GroupedCaptureCard.swift, HourlyCaptureCard.swift, HourlyCaptureFeed.swift, HoverTooltips.swift, InboxScreen.swift, InputService.swift, IslandRobotChoreography.swift, LibraryScreen.swift, LocalDOCXTextExtractor.swift, NativeContentDrag.swift, NavigationHistory.swift, NewNoteScreen.swift, OriginalFileStorage.swift, PreviewRequest.swift, PreviewService.swift, PrivacyInformation.swift, ProjectFileArchive.swift, ProjectPickerView.swift, ProjectWorkspaceCard.swift, ProjectWorkspaceExport.swift, ProjectWorkspaceState.swift, ProjectWorkspaceTasks.swift, ProjectWorkspaceView.swift, QuickAccess.swift, QuietOrbitGeometry.swift, QuietOrbitVisualStyle.swift, ReminderAlertCoordinator.swift, ReminderClockEditor.swift, ReminderLifecycle.swift, ReminderSchedule.swift, ReminderService.swift, RemindersScreen.swift, RobotAppFrameView.swift, RobotCharacterView.swift, RobotLifecycle.swift, RobotMotion.swift, RobotPlacementSettings.swift, RobotProjectSignView.swift, RobotView.swift, ScratchpadView.swift, ScreenshotFolderMonitor.swift, SearchColumnViewport.swift, SearchDateBoard.swift, SearchResultCard.swift, SearchScreen.swift, SettingsScreen.swift, ShelfCaptureController.swift, ShelfExport.swift, SoftwareUpdateService.swift, StatusBarController.swift, TaskAttachmentsView.swift, TaskEditorScreen.swift, TaskFocusControls.swift, TaskFocusSession.swift, TaskPlanning.swift, TaskPlanningEditor.swift, TaskTimerAlarmMotion.swift, TaskTimerRobotPresenter.swift, TaskTimerRobotView.swift, ThemeSettings.swift, TimelineCalendarPicker.swift, TodayPlanningScreen.swift, TodayTaskCard.swift, TransientMessagePresentation.swift, TrashScreen.swift, UpdateHandoff.swift, WeeklyDateSelection.swift, WeeklyScopeActions.swift, WeeklyScreen.swift, WindowDragHandle.swift, WorkspaceClipboard.swift, WorkspaceInput.swift, WorkspaceItemCard.swift, WorkspaceQuery.swift, WorkspaceStore.swift, WorkspaceZoom.swift, WorkspaceZoomLayout.swift, WorkspaceZoomScrollAnchor.swift (in target 'DaBin' from project 'DaBin')

SwiftDriver\ Compilation\ Requirements DaBin normal arm64 com.apple.xcode.tools.swift.compiler (in target 'DaBin' from project 'DaBin')
    cd /Users/roeylibfeld/Documents/KARI\ Creatives/DaBin/native
    builtin-Swift-Compilation-Requirements -- /Applications/Xcode.app/Contents/Developer/Toolchains/XcodeDefault.xctoolchain/usr/bin/swiftc -module-name DaBin -O -whole-module-optimization @/Users/roeylibfeld/Documents/KARI\ Creatives/DaBin/native/build/store-card-delete-verified-20261005T141200Z/derived-data/Build/Intermediates.noindex/DaBin.build/Release/DaBin.build/Objects-normal/arm64/DaBin.SwiftFileList -enable-bare-slash-regex -enable-experimental-feature DebugDescriptionMacro -sdk /Applications/Xcode.app/Contents/Developer/Platforms/MacOSX.platform/Developer/SDKs/MacOSX27.0.sdk -target arm64-apple-macos14.0 -g -module-cache-path /Users/roeylibfeld/Documents/KARI\ Creatives/DaBin/native/build/store-card-delete-verified-20261005T141200Z/derived-data/ModuleCache.noindex -Xfrontend -serialize-debugging-options -warnings-as-errors -swift-version 5 -I /Users/roeylibfeld/Documents/KARI\ Creatives/DaBin/native/build/store-card-delete-verified-20261005T141200Z/derived-data/Build/Products/Release -F /Users/roeylibfeld/Documents/KARI\ Creatives/DaBin/native/build/store-card-delete-verified-20261005T141200Z/derived-data/Build/Products/Release -c -num-threads 15 -Xcc -ivfsstatcache -Xcc /Users/roeylibfeld/Documents/KARI\ Creatives/DaBin/native/build/store-card-delete-verified-20261005T141200Z/derived-data/SDKStatCaches.noindex/macosx27.0-26A425-7231f6df4def33e022ae2eb8f782df1a.sdkstatcache -output-file-map /Users/roeylibfeld/Documents/KARI\ Creatives/DaBin/native/build/store-card-delete-verified-20261005T141200Z/derived-data/Build/Intermediates.noindex/DaBin.build/Release/DaBin.build/Objects-normal/arm64/DaBin-OutputFileMap.json -save-temps -no-color-diagnostics -explicit-module-build -module-cache-path /Users/roeylibfeld/Documents/KARI\ Creatives/DaBin/native/build/store-card-delete-verified-20261005T141200Z/derived-data/Build/Intermediates.noindex/SwiftExplicitPrecompiledModules -clang-scanner-module-cache-path /Users/roeylibfeld/Documents/KARI\ Creatives/DaBin/native/build/store-card-delete-verified-20261005T141200Z/derived-data/ModuleCache.noindex -sdk-module-cache-path /Users/roeylibfeld/Documents/KARI\ Creatives/DaBin/native/build/store-card-delete-verified-20261005T141200Z/derived-data/SDKExplicitPrecompiledModules -emit-dependencies -emit-module -emit-module-path /Users/roeylibfeld/Documents/KARI\ Creatives/DaBin/native/build/store-card-delete-verified-20261005T141200Z/derived-data/Build/Intermediates.noindex/DaBin.build/Release/DaBin.build/Objects-normal/arm64/DaBin.swiftmodule -serialize-diagnostics -dependency-scan-serialize-diagnostics-path /Users/roeylibfeld/Documents/KARI\ Creatives/DaBin/native/build/store-card-delete-verified-20261005T141200Z/derived-data/Build/Intermediates.noindex/DaBin.build/Release/DaBin.build/Objects-normal/arm64/DaBin-dependency-scan.dia -validate-clang-modules-once -clang-build-session-file /Users/roeylibfeld/Documents/KARI\ Creatives/DaBin/native/build/store-card-delete-verified-20261005T141200Z/derived-data/ModuleCache.noindex/Session.modulevalidation -Xcc -fmodules-prune-interval\=86400 -Xcc -fmodules-prune-after\=345600 -emit-const-values -const-gather-protocols-list /Users/roeylibfeld/Documents/KARI\ Creatives/DaBin/native/build/store-card-delete-verified-20261005T141200Z/derived-data/Build/Intermediates.noindex/DaBin.build/Release/DaBin.build/Objects-normal/arm64/DaBin_const_extract_protocols.json -Xcc -iquote -Xcc /Users/roeylibfeld/Documents/KARI\ Creatives/DaBin/native/build/store-card-delete-verified-20261005T141200Z/derived-data/Build/Intermediates.noindex/DaBin.build/Release/DaBin.build/DaBin-generated-files.hmap -Xcc -I/Users/roeylibfeld/Documents/KARI\ Creatives/DaBin/native/build/store-card-delete-verified-20261005T141200Z/derived-data/Build/Intermediates.noindex/DaBin.build/Release/DaBin.build/DaBin-own-target-headers.hmap -Xcc -I/Users/roeylibfeld/Documents/KARI\ Creatives/DaBin/native/build/store-card-delete-verified-20261005T141200Z/derived-data/Build/Intermediates.noindex/DaBin.build/Release/DaBin.build/DaBin-all-target-headers.hmap -Xcc -iquote -Xcc /Users/roeylibfeld/Documents/KARI\ Creatives/DaBin/native/build/store-card-delete-verified-20261005T141200Z/derived-data/Build/Intermediates.noindex/DaBin.build/Release/DaBin.build/DaBin-project-headers.hmap -Xcc -I/Users/roeylibfeld/Documents/KARI\ Creatives/DaBin/native/build/store-card-delete-verified-20261005T141200Z/derived-data/Build/Products/Release/include -Xcc -I/Users/roeylibfeld/Documents/KARI\ Creatives/DaBin/native/build/store-card-delete-verified-20261005T141200Z/derived-data/Build/Intermediates.noindex/DaBin.build/Release/DaBin.build/DerivedSources-normal/arm64 -Xcc -I/Users/roeylibfeld/Documents/KARI\ Creatives/DaBin/native/build/store-card-delete-verified-20261005T141200Z/derived-data/Build/Intermediates.noindex/DaBin.build/Release/DaBin.build/DerivedSources/arm64 -Xcc -I/Users/roeylibfeld/Documents/KARI\ Creatives/DaBin/native/build/store-card-delete-verified-20261005T141200Z/derived-data/Build/Intermediates.noindex/DaBin.build/Release/DaBin.build/DerivedSources -emit-objc-header -emit-objc-header-path /Users/roeylibfeld/Documents/KARI\ Creatives/DaBin/native/build/store-card-delete-verified-20261005T141200Z/derived-data/Build/Intermediates.noindex/DaBin.build/Release/DaBin.build/Objects-normal/arm64/DaBin-Swift.h -working-directory /Users/roeylibfeld/Documents/KARI\ Creatives/DaBin/native -no-emit-module-separately-wmo

SwiftMergeGeneratedHeaders /Users/roeylibfeld/Documents/KARI\ Creatives/DaBin/native/build/store-card-delete-verified-20261005T141200Z/derived-data/Build/Intermediates.noindex/DaBin.build/Release/DaBin.build/DerivedSources/DaBin-Swift.h /Users/roeylibfeld/Documents/KARI\ Creatives/DaBin/native/build/store-card-delete-verified-20261005T141200Z/derived-data/Build/Intermediates.noindex/DaBin.build/Release/DaBin.build/Objects-normal/arm64/DaBin-Swift.h (in target 'DaBin' from project 'DaBin')
    cd /Users/roeylibfeld/Documents/KARI\ Creatives/DaBin/native
    builtin-swiftHeaderTool -arch arm64 /Users/roeylibfeld/Documents/KARI\ Creatives/DaBin/native/build/store-card-delete-verified-20261005T141200Z/derived-data/Build/Intermediates.noindex/DaBin.build/Release/DaBin.build/Objects-normal/arm64/DaBin-Swift.h -o /Users/roeylibfeld/Documents/KARI\ Creatives/DaBin/native/build/store-card-delete-verified-20261005T141200Z/derived-data/Build/Intermediates.noindex/DaBin.build/Release/DaBin.build/DerivedSources/DaBin-Swift.h

Copy /Users/roeylibfeld/Documents/KARI\ Creatives/DaBin/native/build/store-card-delete-verified-20261005T141200Z/derived-data/Build/Products/Release/DaBin.swiftmodule/arm64-apple-macos.swiftmodule /Users/roeylibfeld/Documents/KARI\ Creatives/DaBin/native/build/store-card-delete-verified-20261005T141200Z/derived-data/Build/Intermediates.noindex/DaBin.build/Release/DaBin.build/Objects-normal/arm64/DaBin.swiftmodule (in target 'DaBin' from project 'DaBin')
    cd /Users/roeylibfeld/Documents/KARI\ Creatives/DaBin/native
    builtin-copy -exclude .DS_Store -exclude CVS -exclude .svn -exclude .git -exclude .hg -strip-unsigned-binaries -strip-deterministic -strip-tool /Applications/Xcode.app/Contents/Developer/Toolchains/XcodeDefault.xctoolchain/usr/bin/strip -resolve-src-symlinks -rename /Users/roeylibfeld/Documents/KARI\ Creatives/DaBin/native/build/store-card-delete-verified-20261005T141200Z/derived-data/Build/Intermediates.noindex/DaBin.build/Release/DaBin.build/Objects-normal/arm64/DaBin.swiftmodule /Users/roeylibfeld/Documents/KARI\ Creatives/DaBin/native/build/store-card-delete-verified-20261005T141200Z/derived-data/Build/Products/Release/DaBin.swiftmodule/arm64-apple-macos.swiftmodule

Copy /Users/roeylibfeld/Documents/KARI\ Creatives/DaBin/native/build/store-card-delete-verified-20261005T141200Z/derived-data/Build/Products/Release/DaBin.swiftmodule/arm64-apple-macos.abi.json /Users/roeylibfeld/Documents/KARI\ Creatives/DaBin/native/build/store-card-delete-verified-20261005T141200Z/derived-data/Build/Intermediates.noindex/DaBin.build/Release/DaBin.build/Objects-normal/arm64/DaBin.abi.json (in target 'DaBin' from project 'DaBin')
    cd /Users/roeylibfeld/Documents/KARI\ Creatives/DaBin/native
    builtin-copy -exclude .DS_Store -exclude CVS -exclude .svn -exclude .git -exclude .hg -strip-unsigned-binaries -strip-deterministic -strip-tool /Applications/Xcode.app/Contents/Developer/Toolchains/XcodeDefault.xctoolchain/usr/bin/strip -resolve-src-symlinks -rename /Users/roeylibfeld/Documents/KARI\ Creatives/DaBin/native/build/store-card-delete-verified-20261005T141200Z/derived-data/Build/Intermediates.noindex/DaBin.build/Release/DaBin.build/Objects-normal/arm64/DaBin.abi.json /Users/roeylibfeld/Documents/KARI\ Creatives/DaBin/native/build/store-card-delete-verified-20261005T141200Z/derived-data/Build/Products/Release/DaBin.swiftmodule/arm64-apple-macos.abi.json

Copy /Users/roeylibfeld/Documents/KARI\ Creatives/DaBin/native/build/store-card-delete-verified-20261005T141200Z/derived-data/Build/Products/Release/DaBin.swiftmodule/arm64-apple-macos.swiftdoc /Users/roeylibfeld/Documents/KARI\ Creatives/DaBin/native/build/store-card-delete-verified-20261005T141200Z/derived-data/Build/Intermediates.noindex/DaBin.build/Release/DaBin.build/Objects-normal/arm64/DaBin.swiftdoc (in target 'DaBin' from project 'DaBin')
    cd /Users/roeylibfeld/Documents/KARI\ Creatives/DaBin/native
    builtin-copy -exclude .DS_Store -exclude CVS -exclude .svn -exclude .git -exclude .hg -strip-unsigned-binaries -strip-deterministic -strip-tool /Applications/Xcode.app/Contents/Developer/Toolchains/XcodeDefault.xctoolchain/usr/bin/strip -resolve-src-symlinks -rename /Users/roeylibfeld/Documents/KARI\ Creatives/DaBin/native/build/store-card-delete-verified-20261005T141200Z/derived-data/Build/Intermediates.noindex/DaBin.build/Release/DaBin.build/Objects-normal/arm64/DaBin.swiftdoc /Users/roeylibfeld/Documents/KARI\ Creatives/DaBin/native/build/store-card-delete-verified-20261005T141200Z/derived-data/Build/Products/Release/DaBin.swiftmodule/arm64-apple-macos.swiftdoc

Copy /Users/roeylibfeld/Documents/KARI\ Creatives/DaBin/native/build/store-card-delete-verified-20261005T141200Z/derived-data/Build/Products/Release/DaBin.swiftmodule/Project/arm64-apple-macos.swiftsourceinfo /Users/roeylibfeld/Documents/KARI\ Creatives/DaBin/native/build/store-card-delete-verified-20261005T141200Z/derived-data/Build/Intermediates.noindex/DaBin.build/Release/DaBin.build/Objects-normal/arm64/DaBin.swiftsourceinfo (in target 'DaBin' from project 'DaBin')
    cd /Users/roeylibfeld/Documents/KARI\ Creatives/DaBin/native
    builtin-copy -exclude .DS_Store -exclude CVS -exclude .svn -exclude .git -exclude .hg -strip-unsigned-binaries -strip-deterministic -strip-tool /Applications/Xcode.app/Contents/Developer/Toolchains/XcodeDefault.xctoolchain/usr/bin/strip -resolve-src-symlinks -rename /Users/roeylibfeld/Documents/KARI\ Creatives/DaBin/native/build/store-card-delete-verified-20261005T141200Z/derived-data/Build/Intermediates.noindex/DaBin.build/Release/DaBin.build/Objects-normal/arm64/DaBin.swiftsourceinfo /Users/roeylibfeld/Documents/KARI\ Creatives/DaBin/native/build/store-card-delete-verified-20261005T141200Z/derived-data/Build/Products/Release/DaBin.swiftmodule/Project/arm64-apple-macos.swiftsourceinfo

Ld /Users/roeylibfeld/Documents/KARI\ Creatives/DaBin/native/build/store-card-delete-verified-20261005T141200Z/derived-data/Build/Products/Release/DaBin.app/Contents/MacOS/DaBin normal (in target 'DaBin' from project 'DaBin')
    cd /Users/roeylibfeld/Documents/KARI\ Creatives/DaBin/native
    /Applications/Xcode.app/Contents/Developer/Toolchains/XcodeDefault.xctoolchain/usr/bin/clang -Xlinker -reproducible -target arm64-apple-macos14.0 -isysroot /Applications/Xcode.app/Contents/Developer/Platforms/MacOSX.platform/Developer/SDKs/MacOSX27.0.sdk -Os -Xlinker -no_warn_duplicate_libraries -L/Users/roeylibfeld/Documents/KARI\ Creatives/DaBin/native/build/store-card-delete-verified-20261005T141200Z/derived-data/Build/Intermediates.noindex/EagerLinkingTBDs/Release -L/Users/roeylibfeld/Documents/KARI\ Creatives/DaBin/native/build/store-card-delete-verified-20261005T141200Z/derived-data/Build/Products/Release -F/Users/roeylibfeld/Documents/KARI\ Creatives/DaBin/native/build/store-card-delete-verified-20261005T141200Z/derived-data/Build/Intermediates.noindex/EagerLinkingTBDs/Release -F/Users/roeylibfeld/Documents/KARI\ Creatives/DaBin/native/build/store-card-delete-verified-20261005T141200Z/derived-data/Build/Products/Release -filelist /Users/roeylibfeld/Documents/KARI\ Creatives/DaBin/native/build/store-card-delete-verified-20261005T141200Z/derived-data/Build/Intermediates.noindex/DaBin.build/Release/DaBin.build/Objects-normal/arm64/DaBin.LinkFileList -Xlinker -rpath -Xlinker /usr/lib/swift -Xlinker -object_path_lto -Xlinker /Users/roeylibfeld/Documents/KARI\ Creatives/DaBin/native/build/store-card-delete-verified-20261005T141200Z/derived-data/Build/Intermediates.noindex/DaBin.build/Release/DaBin.build/Objects-normal/arm64/DaBin_lto.o -Xlinker -dependency_info -Xlinker /Users/roeylibfeld/Documents/KARI\ Creatives/DaBin/native/build/store-card-delete-verified-20261005T141200Z/derived-data/Build/Intermediates.noindex/DaBin.build/Release/DaBin.build/Objects-normal/arm64/DaBin_dependency_info.dat -fobjc-link-runtime -L/Applications/Xcode.app/Contents/Developer/Toolchains/XcodeDefault.xctoolchain/usr/lib/swift/macosx -L/usr/lib/swift -Xlinker -add_ast_path -Xlinker /Users/roeylibfeld/Documents/KARI\ Creatives/DaBin/native/build/store-card-delete-verified-20261005T141200Z/derived-data/Build/Intermediates.noindex/DaBin.build/Release/DaBin.build/Objects-normal/arm64/DaBin.swiftmodule -o /Users/roeylibfeld/Documents/KARI\ Creatives/DaBin/native/build/store-card-delete-verified-20261005T141200Z/derived-data/Build/Products/Release/DaBin.app/Contents/MacOS/DaBin

CopySwiftLibs /Users/roeylibfeld/Documents/KARI\ Creatives/DaBin/native/build/store-card-delete-verified-20261005T141200Z/derived-data/Build/Products/Release/DaBin.app (in target 'DaBin' from project 'DaBin')
    cd /Users/roeylibfeld/Documents/KARI\ Creatives/DaBin/native
    builtin-swiftStdLibTool --copy --verbose --scan-executable /Users/roeylibfeld/Documents/KARI\ Creatives/DaBin/native/build/store-card-delete-verified-20261005T141200Z/derived-data/Build/Products/Release/DaBin.app/Contents/MacOS/DaBin --scan-folder /Users/roeylibfeld/Documents/KARI\ Creatives/DaBin/native/build/store-card-delete-verified-20261005T141200Z/derived-data/Build/Products/Release/DaBin.app/Contents/Frameworks --scan-folder /Users/roeylibfeld/Documents/KARI\ Creatives/DaBin/native/build/store-card-delete-verified-20261005T141200Z/derived-data/Build/Products/Release/DaBin.app/Contents/PlugIns --scan-folder /Users/roeylibfeld/Documents/KARI\ Creatives/DaBin/native/build/store-card-delete-verified-20261005T141200Z/derived-data/Build/Products/Release/DaBin.app/Contents/Library/SystemExtensions --scan-folder /Users/roeylibfeld/Documents/KARI\ Creatives/DaBin/native/build/store-card-delete-verified-20261005T141200Z/derived-data/Build/Products/Release/DaBin.app/Contents/Extensions --platform macosx --toolchain /Applications/Xcode.app/Contents/Developer/Toolchains/XcodeDefault.xctoolchain --destination /Users/roeylibfeld/Documents/KARI\ Creatives/DaBin/native/build/store-card-delete-verified-20261005T141200Z/derived-data/Build/Products/Release/DaBin.app/Contents/Frameworks --strip-bitcode --strip-bitcode-tool /Applications/Xcode.app/Contents/Developer/Toolchains/XcodeDefault.xctoolchain/usr/bin/bitcode_strip --emit-dependency-info /Users/roeylibfeld/Documents/KARI\ Creatives/DaBin/native/build/store-card-delete-verified-20261005T141200Z/derived-data/Build/Intermediates.noindex/DaBin.build/Release/DaBin.build/SwiftStdLibToolInputDependencies.dep --filter-for-swift-os --back-deploy-swift-span
Ignoring --strip-bitcode because --sign was not passed

ExtractAppIntentsMetadata (in target 'DaBin' from project 'DaBin')
    cd /Users/roeylibfeld/Documents/KARI\ Creatives/DaBin/native
    /Applications/Xcode.app/Contents/Developer/Toolchains/XcodeDefault.xctoolchain/usr/bin/appintentsmetadataprocessor --toolchain-dir /Applications/Xcode.app/Contents/Developer/Toolchains/XcodeDefault.xctoolchain --module-name DaBin --sdk-root /Applications/Xcode.app/Contents/Developer/Platforms/MacOSX.platform/Developer/SDKs/MacOSX27.0.sdk --xcode-version 27A266a --platform-family macOS --deployment-target 14.0 --bundle-identifier com.dabin.mac --output /Users/roeylibfeld/Documents/KARI\ Creatives/DaBin/native/build/store-card-delete-verified-20261005T141200Z/derived-data/Build/Products/Release/DaBin.app/Contents/Resources --target-triple arm64-apple-macos14.0 --binary-file /Users/roeylibfeld/Documents/KARI\ Creatives/DaBin/native/build/store-card-delete-verified-20261005T141200Z/derived-data/Build/Products/Release/DaBin.app/Contents/MacOS/DaBin --dependency-file /Users/roeylibfeld/Documents/KARI\ Creatives/DaBin/native/build/store-card-delete-verified-20261005T141200Z/derived-data/Build/Intermediates.noindex/DaBin.build/Release/DaBin.build/Objects-normal/arm64/DaBin_dependency_info.dat --stringsdata-file /Users/roeylibfeld/Documents/KARI\ Creatives/DaBin/native/build/store-card-delete-verified-20261005T141200Z/derived-data/Build/Intermediates.noindex/DaBin.build/Release/DaBin.build/Objects-normal/arm64/ExtractedAppShortcutsMetadata.stringsdata --source-file-list /Users/roeylibfeld/Documents/KARI\ Creatives/DaBin/native/build/store-card-delete-verified-20261005T141200Z/derived-data/Build/Intermediates.noindex/DaBin.build/Release/DaBin.build/Objects-normal/arm64/DaBin.SwiftFileList --metadata-file-list /Users/roeylibfeld/Documents/KARI\ Creatives/DaBin/native/build/store-card-delete-verified-20261005T141200Z/derived-data/Build/Intermediates.noindex/DaBin.build/Release/DaBin.build/DaBin.DependencyMetadataFileList --static-metadata-file-list /Users/roeylibfeld/Documents/KARI\ Creatives/DaBin/native/build/store-card-delete-verified-20261005T141200Z/derived-data/Build/Intermediates.noindex/DaBin.build/Release/DaBin.build/DaBin.DependencyStaticMetadataFileList --swift-const-vals-list /Users/roeylibfeld/Documents/KARI\ Creatives/DaBin/native/build/store-card-delete-verified-20261005T141200Z/derived-data/Build/Intermediates.noindex/DaBin.build/Release/DaBin.build/Objects-normal/arm64/DaBin.SwiftConstValuesFileList --compile-time-extraction --deployment-aware-processing --no-app-shortcuts-localization
2026-10-05 17:16:13.864 appintentsmetadataprocessor[80702:28211564] Starting appintentsmetadataprocessor export
2026-10-05 17:16:13.866 appintentsmetadataprocessor[80702:28211564] warning: Metadata extraction skipped, no AppIntents.framework dependency found

GenerateDSYMFile /Users/roeylibfeld/Documents/KARI\ Creatives/DaBin/native/build/store-card-delete-verified-20261005T141200Z/derived-data/Build/Products/Release/DaBin.app.dSYM /Users/roeylibfeld/Documents/KARI\ Creatives/DaBin/native/build/store-card-delete-verified-20261005T141200Z/derived-data/Build/Products/Release/DaBin.app/Contents/MacOS/DaBin (in target 'DaBin' from project 'DaBin')
    cd /Users/roeylibfeld/Documents/KARI\ Creatives/DaBin/native
    export PATH\=/Applications/Xcode.app/Contents/SharedFrameworks/SwiftBuild.framework/Versions/A/PlugIns/SWBBuildService.bundle/Contents/PlugIns/SWBUniversalPlatformPlugin.bundle/Contents/Frameworks/SWBUniversalPlatform.framework/Resources:/Applications/Xcode.app/Contents/Developer/Toolchains/XcodeDefault.xctoolchain/usr/bin:/Applications/Xcode.app/Contents/Developer/Toolchains/XcodeDefault.xctoolchain/usr/local/bin:/Applications/Xcode.app/Contents/Developer/Toolchains/XcodeDefault.xctoolchain/usr/libexec:/Applications/Xcode.app/Contents/Developer/Platforms/MacOSX.platform/usr/bin:/Applications/Xcode.app/Contents/Developer/Platforms/MacOSX.platform/usr/local/bin:/Applications/Xcode.app/Contents/Developer/Platforms/MacOSX.platform/Developer/usr/bin:/Applications/Xcode.app/Contents/Developer/Platforms/MacOSX.platform/Developer/usr/local/bin:/Applications/Xcode.app/Contents/Developer/usr/bin:/Applications/Xcode.app/Contents/Developer/usr/local/bin:/Users/roeylibfeld/.local/bin:/opt/homebrew/bin:/opt/homebrew/sbin:/usr/local/bin:/System/Cryptexes/App/usr/bin:/usr/bin:/bin:/usr/sbin:/sbin:/var/run/com.apple.security.cryptexd/codex.system/bootstrap/usr/local/bin:/var/run/com.apple.security.cryptexd/codex.system/bootstrap/usr/bin:/var/run/com.apple.security.cryptexd/codex.system/bootstrap/usr/appleinternal/bin:/pkg/env/global/bin:/Library/Apple/usr/bin:/Applications/ChatGPT.app/Contents/Resources/codex-cli/codex-path:/Users/roeylibfeld/.codex/tmp/arg0/codex-arg0EwsPZK:/Users/roeylibfeld/.cache/codex-runtimes/codex-primary-runtime/dependencies/bin/override:/Users/roeylibfeld/.cache/codex-runtimes/codex-primary-runtime/dependencies/bin/fallback:/Applications/ChatGPT.app/Contents/Resources:/Applications/ChatGPT.app/Contents/Resources/codex-cli/CodexCLI.app/Contents/MacOS
    /Applications/Xcode.app/Contents/Developer/Toolchains/XcodeDefault.xctoolchain/usr/bin/dsymutil /Users/roeylibfeld/Documents/KARI\ Creatives/DaBin/native/build/store-card-delete-verified-20261005T141200Z/derived-data/Build/Products/Release/DaBin.app/Contents/MacOS/DaBin -o /Users/roeylibfeld/Documents/KARI\ Creatives/DaBin/native/build/store-card-delete-verified-20261005T141200Z/derived-data/Build/Products/Release/DaBin.app.dSYM

RegisterExecutionPolicyException /Users/roeylibfeld/Documents/KARI\ Creatives/DaBin/native/build/store-card-delete-verified-20261005T141200Z/derived-data/Build/Products/Release/DaBin.app (in target 'DaBin' from project 'DaBin')
    cd /Users/roeylibfeld/Documents/KARI\ Creatives/DaBin/native
    builtin-RegisterExecutionPolicyException /Users/roeylibfeld/Documents/KARI\ Creatives/DaBin/native/build/store-card-delete-verified-20261005T141200Z/derived-data/Build/Products/Release/DaBin.app

Validate /Users/roeylibfeld/Documents/KARI\ Creatives/DaBin/native/build/store-card-delete-verified-20261005T141200Z/derived-data/Build/Products/Release/DaBin.app (in target 'DaBin' from project 'DaBin')
    cd /Users/roeylibfeld/Documents/KARI\ Creatives/DaBin/native
    builtin-validationUtility /Users/roeylibfeld/Documents/KARI\ Creatives/DaBin/native/build/store-card-delete-verified-20261005T141200Z/derived-data/Build/Products/Release/DaBin.app -no-validate-extension -infoplist-subpath Contents/Info.plist

Touch /Users/roeylibfeld/Documents/KARI\ Creatives/DaBin/native/build/store-card-delete-verified-20261005T141200Z/derived-data/Build/Products/Release/DaBin.app (in target 'DaBin' from project 'DaBin')
    cd /Users/roeylibfeld/Documents/KARI\ Creatives/DaBin/native
    /usr/bin/touch -c /Users/roeylibfeld/Documents/KARI\ Creatives/DaBin/native/build/store-card-delete-verified-20261005T141200Z/derived-data/Build/Products/Release/DaBin.app

RegisterWithLaunchServices /Users/roeylibfeld/Documents/KARI\ Creatives/DaBin/native/build/store-card-delete-verified-20261005T141200Z/derived-data/Build/Products/Release/DaBin.app (in target 'DaBin' from project 'DaBin')
    cd /Users/roeylibfeld/Documents/KARI\ Creatives/DaBin/native
    builtin-lsregisterurl --record-path /Users/roeylibfeld/Documents/KARI\ Creatives/DaBin/native/build/store-card-delete-verified-20261005T141200Z/derived-data/Build/Intermediates.noindex/XCBuildData/registered-launchservices.txt -- /System/Library/Frameworks/CoreServices.framework/Versions/Current/Frameworks/LaunchServices.framework/Versions/Current/Support/lsregister -f -R -trusted /Users/roeylibfeld/Documents/KARI\ Creatives/DaBin/native/build/store-card-delete-verified-20261005T141200Z/derived-data/Build/Products/Release/DaBin.app

PruneExplicitPrecompiledModules /Users/roeylibfeld/Documents/KARI Creatives/DaBin/native/build/store-card-delete-verified-20261005T141200Z/derived-data/Build/Intermediates.noindex/SwiftExplicitPrecompiledModules

PruneExplicitPrecompiledModules /Users/roeylibfeld/Documents/KARI Creatives/DaBin/native/build/store-card-delete-verified-20261005T141200Z/derived-data/Build/Intermediates.noindex/ExplicitPrecompiledModules

PruneExplicitPrecompiledModules /Users/roeylibfeld/Documents/KARI Creatives/DaBin/native/build/store-card-delete-verified-20261005T141200Z/derived-data/SDKExplicitPrecompiledModules

** BUILD SUCCEEDED **

