Command line invocation:
    /Applications/Xcode.app/Contents/Developer/usr/bin/xcodebuild -project "/Users/roeylibfeld/Documents/KARI Creatives/DaBin/native/DaBin.xcodeproj" -scheme DaBin -configuration Release -destination generic/platform=macOS -derivedDataPath "/Users/roeylibfeld/Documents/KARI Creatives/DaBin/native/build/store-projects-verified-20261005T124620Z/derived-data" -disableAutomaticPackageResolution CODE_SIGNING_ALLOWED=NO CODE_SIGNING_REQUIRED=NO CODE_SIGN_IDENTITY= ARCHS=arm64 ONLY_ACTIVE_ARCH=NO SWIFT_ACTIVE_COMPILATION_CONDITIONS= "INFOPLIST_FILE=/Users/roeylibfeld/Documents/KARI Creatives/DaBin/native/build/store-projects-verified-20261005T124620Z/Store-Info.plist" build

Build settings from command line:
    ARCHS = arm64
    CODE_SIGN_IDENTITY = 
    CODE_SIGNING_ALLOWED = NO
    CODE_SIGNING_REQUIRED = NO
    INFOPLIST_FILE = /Users/roeylibfeld/Documents/KARI Creatives/DaBin/native/build/store-projects-verified-20261005T124620Z/Store-Info.plist
    ONLY_ACTIVE_ARCH = NO
    SWIFT_ACTIVE_COMPILATION_CONDITIONS = 

note: Using codesigning identity override: 
ComputePackagePrebuildTargetDependencyGraph

Prepare packages

CreateBuildRequest

SendProjectDescription

CreateBuildOperation

ComputeTargetDependencyGraph
note: Building targets in dependency order
note: Target dependency graph (1 target)
    Target 'DaBin' in project 'DaBin' (no dependencies)

GatherProvisioningInputs

CreateBuildDescription

ExecuteExternalTool /Applications/Xcode.app/Contents/Developer/Toolchains/XcodeDefault.xctoolchain/usr/bin/clang -v -E -dM -isysroot /Applications/Xcode.app/Contents/Developer/Platforms/MacOSX.platform/Developer/SDKs/MacOSX27.0.sdk -x c -c /dev/null

ExecuteExternalTool /Applications/Xcode.app/Contents/Developer/Toolchains/XcodeDefault.xctoolchain/usr/bin/swiftc --version

ExecuteExternalTool /Applications/Xcode.app/Contents/Developer/Toolchains/XcodeDefault.xctoolchain/usr/bin/ld -version_details

Build description signature: 99a51527f100968718706a3d2baf9e79
Build description path: /Users/roeylibfeld/Documents/KARI Creatives/DaBin/native/build/store-projects-verified-20261005T124620Z/derived-data/Build/Intermediates.noindex/XCBuildData/99a51527f100968718706a3d2baf9e79.xcbuilddata
CreateBuildDirectory /Users/roeylibfeld/Documents/KARI\ Creatives/DaBin/native/build/store-projects-verified-20261005T124620Z/derived-data/ModuleCache.noindex
    cd /Users/roeylibfeld/Documents/KARI\ Creatives/DaBin/native/DaBin.xcodeproj
    builtin-create-build-directory /Users/roeylibfeld/Documents/KARI\ Creatives/DaBin/native/build/store-projects-verified-20261005T124620Z/derived-data/ModuleCache.noindex

CreateBuildDirectory /Users/roeylibfeld/Documents/KARI\ Creatives/DaBin/native/build/store-projects-verified-20261005T124620Z/derived-data/SDKExplicitPrecompiledModules
    cd /Users/roeylibfeld/Documents/KARI\ Creatives/DaBin/native/DaBin.xcodeproj
    builtin-create-build-directory /Users/roeylibfeld/Documents/KARI\ Creatives/DaBin/native/build/store-projects-verified-20261005T124620Z/derived-data/SDKExplicitPrecompiledModules

CreateBuildDirectory /Users/roeylibfeld/Documents/KARI\ Creatives/DaBin/native/build/store-projects-verified-20261005T124620Z/derived-data/CompilationCache.noindex
    cd /Users/roeylibfeld/Documents/KARI\ Creatives/DaBin/native/DaBin.xcodeproj
    builtin-create-build-directory /Users/roeylibfeld/Documents/KARI\ Creatives/DaBin/native/build/store-projects-verified-20261005T124620Z/derived-data/CompilationCache.noindex

CreateBuildDirectory /Users/roeylibfeld/Documents/KARI\ Creatives/DaBin/native/build/store-projects-verified-20261005T124620Z/derived-data/Build/Products
    cd /Users/roeylibfeld/Documents/KARI\ Creatives/DaBin/native/DaBin.xcodeproj
    builtin-create-build-directory /Users/roeylibfeld/Documents/KARI\ Creatives/DaBin/native/build/store-projects-verified-20261005T124620Z/derived-data/Build/Products

CreateBuildDirectory /Users/roeylibfeld/Documents/KARI\ Creatives/DaBin/native/build/store-projects-verified-20261005T124620Z/derived-data/Build/Intermediates.noindex
    cd /Users/roeylibfeld/Documents/KARI\ Creatives/DaBin/native/DaBin.xcodeproj
    builtin-create-build-directory /Users/roeylibfeld/Documents/KARI\ Creatives/DaBin/native/build/store-projects-verified-20261005T124620Z/derived-data/Build/Intermediates.noindex

ClangStatCache /Applications/Xcode.app/Contents/Developer/Toolchains/XcodeDefault.xctoolchain/usr/bin/clang-stat-cache /Applications/Xcode.app/Contents/Developer/Platforms/MacOSX.platform/Developer/SDKs/MacOSX27.0.sdk /Users/roeylibfeld/Documents/KARI\ Creatives/DaBin/native/build/store-projects-verified-20261005T124620Z/derived-data/SDKStatCaches.noindex/macosx27.0-26A425-7231f6df4def33e022ae2eb8f782df1a.sdkstatcache
    cd /Users/roeylibfeld/Documents/KARI\ Creatives/DaBin/native/DaBin.xcodeproj
    /Applications/Xcode.app/Contents/Developer/Toolchains/XcodeDefault.xctoolchain/usr/bin/clang-stat-cache /Applications/Xcode.app/Contents/Developer/Platforms/MacOSX.platform/Developer/SDKs/MacOSX27.0.sdk -o /Users/roeylibfeld/Documents/KARI\ Creatives/DaBin/native/build/store-projects-verified-20261005T124620Z/derived-data/SDKStatCaches.noindex/macosx27.0-26A425-7231f6df4def33e022ae2eb8f782df1a.sdkstatcache

CreateBuildDirectory /Users/roeylibfeld/Documents/KARI\ Creatives/DaBin/native/build/store-projects-verified-20261005T124620Z/derived-data/Build/Products/Release
    cd /Users/roeylibfeld/Documents/KARI\ Creatives/DaBin/native/DaBin.xcodeproj
    builtin-create-build-directory /Users/roeylibfeld/Documents/KARI\ Creatives/DaBin/native/build/store-projects-verified-20261005T124620Z/derived-data/Build/Products/Release

CreateBuildDirectory /Users/roeylibfeld/Documents/KARI\ Creatives/DaBin/native/build/store-projects-verified-20261005T124620Z/derived-data/Build/Intermediates.noindex/ExplicitPrecompiledModules
    cd /Users/roeylibfeld/Documents/KARI\ Creatives/DaBin/native/DaBin.xcodeproj
    builtin-create-build-directory /Users/roeylibfeld/Documents/KARI\ Creatives/DaBin/native/build/store-projects-verified-20261005T124620Z/derived-data/Build/Intermediates.noindex/ExplicitPrecompiledModules

CreateBuildDirectory /Users/roeylibfeld/Documents/KARI\ Creatives/DaBin/native/build/store-projects-verified-20261005T124620Z/derived-data/Build/Intermediates.noindex/SwiftExplicitPrecompiledModules
    cd /Users/roeylibfeld/Documents/KARI\ Creatives/DaBin/native/DaBin.xcodeproj
    builtin-create-build-directory /Users/roeylibfeld/Documents/KARI\ Creatives/DaBin/native/build/store-projects-verified-20261005T124620Z/derived-data/Build/Intermediates.noindex/SwiftExplicitPrecompiledModules

CreateBuildDirectory /Users/roeylibfeld/Documents/KARI\ Creatives/DaBin/native/build/store-projects-verified-20261005T124620Z/derived-data/Build/Intermediates.noindex/PrecompiledHeaders
    cd /Users/roeylibfeld/Documents/KARI\ Creatives/DaBin/native/DaBin.xcodeproj
    builtin-create-build-directory /Users/roeylibfeld/Documents/KARI\ Creatives/DaBin/native/build/store-projects-verified-20261005T124620Z/derived-data/Build/Intermediates.noindex/PrecompiledHeaders

CreateBuildDirectory /Users/roeylibfeld/Documents/KARI\ Creatives/DaBin/native/build/store-projects-verified-20261005T124620Z/derived-data/Build/Intermediates.noindex/EagerLinkingTBDs/Release
    cd /Users/roeylibfeld/Documents/KARI\ Creatives/DaBin/native/DaBin.xcodeproj
    builtin-create-build-directory /Users/roeylibfeld/Documents/KARI\ Creatives/DaBin/native/build/store-projects-verified-20261005T124620Z/derived-data/Build/Intermediates.noindex/EagerLinkingTBDs/Release

WriteAuxiliaryFile /Users/roeylibfeld/Documents/KARI\ Creatives/DaBin/native/build/store-projects-verified-20261005T124620Z/derived-data/Build/Intermediates.noindex/DaBin.build/Release/DaBin-3054bc69c6cf927e91acad80e75a3dd3-VFS/all-product-headers.yaml
    cd /Users/roeylibfeld/Documents/KARI\ Creatives/DaBin/native/DaBin.xcodeproj
    write-file /Users/roeylibfeld/Documents/KARI\ Creatives/DaBin/native/build/store-projects-verified-20261005T124620Z/derived-data/Build/Intermediates.noindex/DaBin.build/Release/DaBin-3054bc69c6cf927e91acad80e75a3dd3-VFS/all-product-headers.yaml

WriteAuxiliaryFile /Users/roeylibfeld/Documents/KARI\ Creatives/DaBin/native/build/store-projects-verified-20261005T124620Z/derived-data/Build/Intermediates.noindex/DaBin.build/Release/DaBin.build/DaBin.hmap (in target 'DaBin' from project 'DaBin')
    cd /Users/roeylibfeld/Documents/KARI\ Creatives/DaBin/native
    write-file /Users/roeylibfeld/Documents/KARI\ Creatives/DaBin/native/build/store-projects-verified-20261005T124620Z/derived-data/Build/Intermediates.noindex/DaBin.build/Release/DaBin.build/DaBin.hmap

WriteAuxiliaryFile /Users/roeylibfeld/Documents/KARI\ Creatives/DaBin/native/build/store-projects-verified-20261005T124620Z/derived-data/Build/Intermediates.noindex/DaBin.build/Release/DaBin.build/DaBin-project-headers.hmap (in target 'DaBin' from project 'DaBin')
    cd /Users/roeylibfeld/Documents/KARI\ Creatives/DaBin/native
    write-file /Users/roeylibfeld/Documents/KARI\ Creatives/DaBin/native/build/store-projects-verified-20261005T124620Z/derived-data/Build/Intermediates.noindex/DaBin.build/Release/DaBin.build/DaBin-project-headers.hmap

WriteAuxiliaryFile /Users/roeylibfeld/Documents/KARI\ Creatives/DaBin/native/build/store-projects-verified-20261005T124620Z/derived-data/Build/Intermediates.noindex/DaBin.build/Release/DaBin.build/DaBin-generated-files.hmap (in target 'DaBin' from project 'DaBin')
    cd /Users/roeylibfeld/Documents/KARI\ Creatives/DaBin/native
    write-file /Users/roeylibfeld/Documents/KARI\ Creatives/DaBin/native/build/store-projects-verified-20261005T124620Z/derived-data/Build/Intermediates.noindex/DaBin.build/Release/DaBin.build/DaBin-generated-files.hmap

WriteAuxiliaryFile /Users/roeylibfeld/Documents/KARI\ Creatives/DaBin/native/build/store-projects-verified-20261005T124620Z/derived-data/Build/Intermediates.noindex/DaBin.build/Release/DaBin.build/DaBin-all-target-headers.hmap (in target 'DaBin' from project 'DaBin')
    cd /Users/roeylibfeld/Documents/KARI\ Creatives/DaBin/native
    write-file /Users/roeylibfeld/Documents/KARI\ Creatives/DaBin/native/build/store-projects-verified-20261005T124620Z/derived-data/Build/Intermediates.noindex/DaBin.build/Release/DaBin.build/DaBin-all-target-headers.hmap

WriteAuxiliaryFile /Users/roeylibfeld/Documents/KARI\ Creatives/DaBin/native/build/store-projects-verified-20261005T124620Z/derived-data/Build/Intermediates.noindex/DaBin.build/Release/DaBin.build/DaBin-all-non-framework-target-headers.hmap (in target 'DaBin' from project 'DaBin')
    cd /Users/roeylibfeld/Documents/KARI\ Creatives/DaBin/native
    write-file /Users/roeylibfeld/Documents/KARI\ Creatives/DaBin/native/build/store-projects-verified-20261005T124620Z/derived-data/Build/Intermediates.noindex/DaBin.build/Release/DaBin.build/DaBin-all-non-framework-target-headers.hmap

WriteAuxiliaryFile /Users/roeylibfeld/Documents/KARI\ Creatives/DaBin/native/build/store-projects-verified-20261005T124620Z/derived-data/Build/Intermediates.noindex/DaBin.build/Release/DaBin.build/Objects-normal/arm64/DaBin.LinkFileList (in target 'DaBin' from project 'DaBin')
    cd /Users/roeylibfeld/Documents/KARI\ Creatives/DaBin/native
    write-file /Users/roeylibfeld/Documents/KARI\ Creatives/DaBin/native/build/store-projects-verified-20261005T124620Z/derived-data/Build/Intermediates.noindex/DaBin.build/Release/DaBin.build/Objects-normal/arm64/DaBin.LinkFileList

WriteAuxiliaryFile /Users/roeylibfeld/Documents/KARI\ Creatives/DaBin/native/build/store-projects-verified-20261005T124620Z/derived-data/Build/Intermediates.noindex/DaBin.build/Release/DaBin.build/DaBin-own-target-headers.hmap (in target 'DaBin' from project 'DaBin')
    cd /Users/roeylibfeld/Documents/KARI\ Creatives/DaBin/native
    write-file /Users/roeylibfeld/Documents/KARI\ Creatives/DaBin/native/build/store-projects-verified-20261005T124620Z/derived-data/Build/Intermediates.noindex/DaBin.build/Release/DaBin.build/DaBin-own-target-headers.hmap

WriteAuxiliaryFile /Users/roeylibfeld/Documents/KARI\ Creatives/DaBin/native/build/store-projects-verified-20261005T124620Z/derived-data/Build/Intermediates.noindex/DaBin.build/Release/DaBin.build/DaBin.DependencyMetadataFileList (in target 'DaBin' from project 'DaBin')
    cd /Users/roeylibfeld/Documents/KARI\ Creatives/DaBin/native
    write-file /Users/roeylibfeld/Documents/KARI\ Creatives/DaBin/native/build/store-projects-verified-20261005T124620Z/derived-data/Build/Intermediates.noindex/DaBin.build/Release/DaBin.build/DaBin.DependencyMetadataFileList

WriteAuxiliaryFile /Users/roeylibfeld/Documents/KARI\ Creatives/DaBin/native/build/store-projects-verified-20261005T124620Z/derived-data/Build/Intermediates.noindex/DaBin.build/Release/DaBin.build/DaBin.DependencyStaticMetadataFileList (in target 'DaBin' from project 'DaBin')
    cd /Users/roeylibfeld/Documents/KARI\ Creatives/DaBin/native
    write-file /Users/roeylibfeld/Documents/KARI\ Creatives/DaBin/native/build/store-projects-verified-20261005T124620Z/derived-data/Build/Intermediates.noindex/DaBin.build/Release/DaBin.build/DaBin.DependencyStaticMetadataFileList

WriteAuxiliaryFile /Users/roeylibfeld/Documents/KARI\ Creatives/DaBin/native/build/store-projects-verified-20261005T124620Z/derived-data/Build/Intermediates.noindex/DaBin.build/Release/DaBin.build/Objects-normal/arm64/DaBin-OutputFileMap.json (in target 'DaBin' from project 'DaBin')
    cd /Users/roeylibfeld/Documents/KARI\ Creatives/DaBin/native
    write-file /Users/roeylibfeld/Documents/KARI\ Creatives/DaBin/native/build/store-projects-verified-20261005T124620Z/derived-data/Build/Intermediates.noindex/DaBin.build/Release/DaBin.build/Objects-normal/arm64/DaBin-OutputFileMap.json

WriteAuxiliaryFile /Users/roeylibfeld/Documents/KARI\ Creatives/DaBin/native/build/store-projects-verified-20261005T124620Z/derived-data/Build/Intermediates.noindex/DaBin.build/Release/DaBin.build/Objects-normal/arm64/DaBin.SwiftFileList (in target 'DaBin' from project 'DaBin')
    cd /Users/roeylibfeld/Documents/KARI\ Creatives/DaBin/native
    write-file /Users/roeylibfeld/Documents/KARI\ Creatives/DaBin/native/build/store-projects-verified-20261005T124620Z/derived-data/Build/Intermediates.noindex/DaBin.build/Release/DaBin.build/Objects-normal/arm64/DaBin.SwiftFileList

WriteAuxiliaryFile /Users/roeylibfeld/Documents/KARI\ Creatives/DaBin/native/build/store-projects-verified-20261005T124620Z/derived-data/Build/Intermediates.noindex/DaBin.build/Release/DaBin.build/Objects-normal/arm64/DaBin_const_extract_protocols.json (in target 'DaBin' from project 'DaBin')
    cd /Users/roeylibfeld/Documents/KARI\ Creatives/DaBin/native
    write-file /Users/roeylibfeld/Documents/KARI\ Creatives/DaBin/native/build/store-projects-verified-20261005T124620Z/derived-data/Build/Intermediates.noindex/DaBin.build/Release/DaBin.build/Objects-normal/arm64/DaBin_const_extract_protocols.json

WriteAuxiliaryFile /Users/roeylibfeld/Documents/KARI\ Creatives/DaBin/native/build/store-projects-verified-20261005T124620Z/derived-data/Build/Intermediates.noindex/DaBin.build/Release/DaBin.build/Objects-normal/arm64/DaBin.SwiftConstValuesFileList (in target 'DaBin' from project 'DaBin')
    cd /Users/roeylibfeld/Documents/KARI\ Creatives/DaBin/native
    write-file /Users/roeylibfeld/Documents/KARI\ Creatives/DaBin/native/build/store-projects-verified-20261005T124620Z/derived-data/Build/Intermediates.noindex/DaBin.build/Release/DaBin.build/Objects-normal/arm64/DaBin.SwiftConstValuesFileList

MkDir /Users/roeylibfeld/Documents/KARI\ Creatives/DaBin/native/build/store-projects-verified-20261005T124620Z/derived-data/Build/Products/Release/DaBin.app/Contents/Resources (in target 'DaBin' from project 'DaBin')
    cd /Users/roeylibfeld/Documents/KARI\ Creatives/DaBin/native
    /bin/mkdir -p /Users/roeylibfeld/Documents/KARI\ Creatives/DaBin/native/build/store-projects-verified-20261005T124620Z/derived-data/Build/Products/Release/DaBin.app/Contents/Resources

MkDir /Users/roeylibfeld/Documents/KARI\ Creatives/DaBin/native/build/store-projects-verified-20261005T124620Z/derived-data/Build/Products/Release/DaBin.app/Contents/MacOS (in target 'DaBin' from project 'DaBin')
    cd /Users/roeylibfeld/Documents/KARI\ Creatives/DaBin/native
    /bin/mkdir -p /Users/roeylibfeld/Documents/KARI\ Creatives/DaBin/native/build/store-projects-verified-20261005T124620Z/derived-data/Build/Products/Release/DaBin.app/Contents/MacOS

MkDir /Users/roeylibfeld/Documents/KARI\ Creatives/DaBin/native/build/store-projects-verified-20261005T124620Z/derived-data/Build/Products/Release/DaBin.app/Contents (in target 'DaBin' from project 'DaBin')
    cd /Users/roeylibfeld/Documents/KARI\ Creatives/DaBin/native
    /bin/mkdir -p /Users/roeylibfeld/Documents/KARI\ Creatives/DaBin/native/build/store-projects-verified-20261005T124620Z/derived-data/Build/Products/Release/DaBin.app/Contents

MkDir /Users/roeylibfeld/Documents/KARI\ Creatives/DaBin/native/build/store-projects-verified-20261005T124620Z/derived-data/Build/Products/Release/DaBin.app (in target 'DaBin' from project 'DaBin')
    cd /Users/roeylibfeld/Documents/KARI\ Creatives/DaBin/native
    /bin/mkdir -p /Users/roeylibfeld/Documents/KARI\ Creatives/DaBin/native/build/store-projects-verified-20261005T124620Z/derived-data/Build/Products/Release/DaBin.app

ProcessInfoPlistFile /Users/roeylibfeld/Documents/KARI\ Creatives/DaBin/native/build/store-projects-verified-20261005T124620Z/derived-data/Build/Products/Release/DaBin.app/Contents/Info.plist /Users/roeylibfeld/Documents/KARI\ Creatives/DaBin/native/build/store-projects-verified-20261005T124620Z/Store-Info.plist (in target 'DaBin' from project 'DaBin')
    cd /Users/roeylibfeld/Documents/KARI\ Creatives/DaBin/native
    builtin-infoPlistUtility /Users/roeylibfeld/Documents/KARI\ Creatives/DaBin/native/build/store-projects-verified-20261005T124620Z/Store-Info.plist -producttype com.apple.product-type.application -genpkginfo /Users/roeylibfeld/Documents/KARI\ Creatives/DaBin/native/build/store-projects-verified-20261005T124620Z/derived-data/Build/Products/Release/DaBin.app/Contents/PkgInfo -expandbuildsettings -platform macosx -o /Users/roeylibfeld/Documents/KARI\ Creatives/DaBin/native/build/store-projects-verified-20261005T124620Z/derived-data/Build/Products/Release/DaBin.app/Contents/Info.plist

CpResource /Users/roeylibfeld/Documents/KARI\ Creatives/DaBin/native/build/store-projects-verified-20261005T124620Z/derived-data/Build/Products/Release/DaBin.app/Contents/Resources/PrivacyPolicy.md /Users/roeylibfeld/Documents/KARI\ Creatives/DaBin/native/Resources/PrivacyPolicy.md (in target 'DaBin' from project 'DaBin')
    cd /Users/roeylibfeld/Documents/KARI\ Creatives/DaBin/native
    builtin-copy -exclude .DS_Store -exclude CVS -exclude .svn -exclude .git -exclude .hg -strip-unsigned-binaries -strip-deterministic -strip-tool /Applications/Xcode.app/Contents/Developer/Toolchains/XcodeDefault.xctoolchain/usr/bin/strip -resolve-src-symlinks /Users/roeylibfeld/Documents/KARI\ Creatives/DaBin/native/Resources/PrivacyPolicy.md /Users/roeylibfeld/Documents/KARI\ Creatives/DaBin/native/build/store-projects-verified-20261005T124620Z/derived-data/Build/Products/Release/DaBin.app/Contents/Resources

CpResource /Users/roeylibfeld/Documents/KARI\ Creatives/DaBin/native/build/store-projects-verified-20261005T124620Z/derived-data/Build/Products/Release/DaBin.app/Contents/Resources/robot.svg /Users/roeylibfeld/Documents/KARI\ Creatives/DaBin/native/Resources/robot.svg (in target 'DaBin' from project 'DaBin')
    cd /Users/roeylibfeld/Documents/KARI\ Creatives/DaBin/native
    builtin-copy -exclude .DS_Store -exclude CVS -exclude .svn -exclude .git -exclude .hg -strip-unsigned-binaries -strip-deterministic -strip-tool /Applications/Xcode.app/Contents/Developer/Toolchains/XcodeDefault.xctoolchain/usr/bin/strip -resolve-src-symlinks /Users/roeylibfeld/Documents/KARI\ Creatives/DaBin/native/Resources/robot.svg /Users/roeylibfeld/Documents/KARI\ Creatives/DaBin/native/build/store-projects-verified-20261005T124620Z/derived-data/Build/Products/Release/DaBin.app/Contents/Resources

CpResource /Users/roeylibfeld/Documents/KARI\ Creatives/DaBin/native/build/store-projects-verified-20261005T124620Z/derived-data/Build/Products/Release/DaBin.app/Contents/Resources/PrivacyInfo.xcprivacy /Users/roeylibfeld/Documents/KARI\ Creatives/DaBin/native/Resources/PrivacyInfo.xcprivacy (in target 'DaBin' from project 'DaBin')
    cd /Users/roeylibfeld/Documents/KARI\ Creatives/DaBin/native
    builtin-copy -exclude .DS_Store -exclude CVS -exclude .svn -exclude .git -exclude .hg -strip-unsigned-binaries -strip-deterministic -strip-tool /Applications/Xcode.app/Contents/Developer/Toolchains/XcodeDefault.xctoolchain/usr/bin/strip -resolve-src-symlinks /Users/roeylibfeld/Documents/KARI\ Creatives/DaBin/native/Resources/PrivacyInfo.xcprivacy /Users/roeylibfeld/Documents/KARI\ Creatives/DaBin/native/build/store-projects-verified-20261005T124620Z/derived-data/Build/Products/Release/DaBin.app/Contents/Resources

CpResource /Users/roeylibfeld/Documents/KARI\ Creatives/DaBin/native/build/store-projects-verified-20261005T124620Z/derived-data/Build/Products/Release/DaBin.app/Contents/Resources/AppIcon.icns /Users/roeylibfeld/Documents/KARI\ Creatives/DaBin/native/Resources/AppIcon.icns (in target 'DaBin' from project 'DaBin')
    cd /Users/roeylibfeld/Documents/KARI\ Creatives/DaBin/native
    builtin-copy -exclude .DS_Store -exclude CVS -exclude .svn -exclude .git -exclude .hg -strip-unsigned-binaries -strip-deterministic -strip-tool /Applications/Xcode.app/Contents/Developer/Toolchains/XcodeDefault.xctoolchain/usr/bin/strip -resolve-src-symlinks /Users/roeylibfeld/Documents/KARI\ Creatives/DaBin/native/Resources/AppIcon.icns /Users/roeylibfeld/Documents/KARI\ Creatives/DaBin/native/build/store-projects-verified-20261005T124620Z/derived-data/Build/Products/Release/DaBin.app/Contents/Resources

SwiftDriver DaBin normal arm64 com.apple.xcode.tools.swift.compiler (in target 'DaBin' from project 'DaBin')
    cd /Users/roeylibfeld/Documents/KARI\ Creatives/DaBin/native
    builtin-SwiftDriver -- /Applications/Xcode.app/Contents/Developer/Toolchains/XcodeDefault.xctoolchain/usr/bin/swiftc -module-name DaBin -O -whole-module-optimization @/Users/roeylibfeld/Documents/KARI\ Creatives/DaBin/native/build/store-projects-verified-20261005T124620Z/derived-data/Build/Intermediates.noindex/DaBin.build/Release/DaBin.build/Objects-normal/arm64/DaBin.SwiftFileList -enable-bare-slash-regex -enable-experimental-feature DebugDescriptionMacro -sdk /Applications/Xcode.app/Contents/Developer/Platforms/MacOSX.platform/Developer/SDKs/MacOSX27.0.sdk -target arm64-apple-macos14.0 -g -module-cache-path /Users/roeylibfeld/Documents/KARI\ Creatives/DaBin/native/build/store-projects-verified-20261005T124620Z/derived-data/ModuleCache.noindex -Xfrontend -serialize-debugging-options -warnings-as-errors -swift-version 5 -I /Users/roeylibfeld/Documents/KARI\ Creatives/DaBin/native/build/store-projects-verified-20261005T124620Z/derived-data/Build/Products/Release -F /Users/roeylibfeld/Documents/KARI\ Creatives/DaBin/native/build/store-projects-verified-20261005T124620Z/derived-data/Build/Products/Release -c -num-threads 15 -Xcc -ivfsstatcache -Xcc /Users/roeylibfeld/Documents/KARI\ Creatives/DaBin/native/build/store-projects-verified-20261005T124620Z/derived-data/SDKStatCaches.noindex/macosx27.0-26A425-7231f6df4def33e022ae2eb8f782df1a.sdkstatcache -output-file-map /Users/roeylibfeld/Documents/KARI\ Creatives/DaBin/native/build/store-projects-verified-20261005T124620Z/derived-data/Build/Intermediates.noindex/DaBin.build/Release/DaBin.build/Objects-normal/arm64/DaBin-OutputFileMap.json -save-temps -no-color-diagnostics -explicit-module-build -module-cache-path /Users/roeylibfeld/Documents/KARI\ Creatives/DaBin/native/build/store-projects-verified-20261005T124620Z/derived-data/Build/Intermediates.noindex/SwiftExplicitPrecompiledModules -clang-scanner-module-cache-path /Users/roeylibfeld/Documents/KARI\ Creatives/DaBin/native/build/store-projects-verified-20261005T124620Z/derived-data/ModuleCache.noindex -sdk-module-cache-path /Users/roeylibfeld/Documents/KARI\ Creatives/DaBin/native/build/store-projects-verified-20261005T124620Z/derived-data/SDKExplicitPrecompiledModules -emit-dependencies -emit-module -emit-module-path /Users/roeylibfeld/Documents/KARI\ Creatives/DaBin/native/build/store-projects-verified-20261005T124620Z/derived-data/Build/Intermediates.noindex/DaBin.build/Release/DaBin.build/Objects-normal/arm64/DaBin.swiftmodule -serialize-diagnostics -dependency-scan-serialize-diagnostics-path /Users/roeylibfeld/Documents/KARI\ Creatives/DaBin/native/build/store-projects-verified-20261005T124620Z/derived-data/Build/Intermediates.noindex/DaBin.build/Release/DaBin.build/Objects-normal/arm64/DaBin-dependency-scan.dia -validate-clang-modules-once -clang-build-session-file /Users/roeylibfeld/Documents/KARI\ Creatives/DaBin/native/build/store-projects-verified-20261005T124620Z/derived-data/ModuleCache.noindex/Session.modulevalidation -Xcc -fmodules-prune-interval\=86400 -Xcc -fmodules-prune-after\=345600 -emit-const-values -const-gather-protocols-list /Users/roeylibfeld/Documents/KARI\ Creatives/DaBin/native/build/store-projects-verified-20261005T124620Z/derived-data/Build/Intermediates.noindex/DaBin.build/Release/DaBin.build/Objects-normal/arm64/DaBin_const_extract_protocols.json -Xcc -iquote -Xcc /Users/roeylibfeld/Documents/KARI\ Creatives/DaBin/native/build/store-projects-verified-20261005T124620Z/derived-data/Build/Intermediates.noindex/DaBin.build/Release/DaBin.build/DaBin-generated-files.hmap -Xcc -I/Users/roeylibfeld/Documents/KARI\ Creatives/DaBin/native/build/store-projects-verified-20261005T124620Z/derived-data/Build/Intermediates.noindex/DaBin.build/Release/DaBin.build/DaBin-own-target-headers.hmap -Xcc -I/Users/roeylibfeld/Documents/KARI\ Creatives/DaBin/native/build/store-projects-verified-20261005T124620Z/derived-data/Build/Intermediates.noindex/DaBin.build/Release/DaBin.build/DaBin-all-target-headers.hmap -Xcc -iquote -Xcc /Users/roeylibfeld/Documents/KARI\ Creatives/DaBin/native/build/store-projects-verified-20261005T124620Z/derived-data/Build/Intermediates.noindex/DaBin.build/Release/DaBin.build/DaBin-project-headers.hmap -Xcc -I/Users/roeylibfeld/Documents/KARI\ Creatives/DaBin/native/build/store-projects-verified-20261005T124620Z/derived-data/Build/Products/Release/include -Xcc -I/Users/roeylibfeld/Documents/KARI\ Creatives/DaBin/native/build/store-projects-verified-20261005T124620Z/derived-data/Build/Intermediates.noindex/DaBin.build/Release/DaBin.build/DerivedSources-normal/arm64 -Xcc -I/Users/roeylibfeld/Documents/KARI\ Creatives/DaBin/native/build/store-projects-verified-20261005T124620Z/derived-data/Build/Intermediates.noindex/DaBin.build/Release/DaBin.build/DerivedSources/arm64 -Xcc -I/Users/roeylibfeld/Documents/KARI\ Creatives/DaBin/native/build/store-projects-verified-20261005T124620Z/derived-data/Build/Intermediates.noindex/DaBin.build/Release/DaBin.build/DerivedSources -emit-objc-header -emit-objc-header-path /Users/roeylibfeld/Documents/KARI\ Creatives/DaBin/native/build/store-projects-verified-20261005T124620Z/derived-data/Build/Intermediates.noindex/DaBin.build/Release/DaBin.build/Objects-normal/arm64/DaBin-Swift.h -working-directory /Users/roeylibfeld/Documents/KARI\ Creatives/DaBin/native -no-emit-module-separately-wmo

SwiftDriver\ Compilation DaBin normal arm64 com.apple.xcode.tools.swift.compiler (in target 'DaBin' from project 'DaBin')
    cd /Users/roeylibfeld/Documents/KARI\ Creatives/DaBin/native
    builtin-Swift-Compilation -- /Applications/Xcode.app/Contents/Developer/Toolchains/XcodeDefault.xctoolchain/usr/bin/swiftc -module-name DaBin -O -whole-module-optimization @/Users/roeylibfeld/Documents/KARI\ Creatives/DaBin/native/build/store-projects-verified-20261005T124620Z/derived-data/Build/Intermediates.noindex/DaBin.build/Release/DaBin.build/Objects-normal/arm64/DaBin.SwiftFileList -enable-bare-slash-regex -enable-experimental-feature DebugDescriptionMacro -sdk /Applications/Xcode.app/Contents/Developer/Platforms/MacOSX.platform/Developer/SDKs/MacOSX27.0.sdk -target arm64-apple-macos14.0 -g -module-cache-path /Users/roeylibfeld/Documents/KARI\ Creatives/DaBin/native/build/store-projects-verified-20261005T124620Z/derived-data/ModuleCache.noindex -Xfrontend -serialize-debugging-options -warnings-as-errors -swift-version 5 -I /Users/roeylibfeld/Documents/KARI\ Creatives/DaBin/native/build/store-projects-verified-20261005T124620Z/derived-data/Build/Products/Release -F /Users/roeylibfeld/Documents/KARI\ Creatives/DaBin/native/build/store-projects-verified-20261005T124620Z/derived-data/Build/Products/Release -c -num-threads 15 -Xcc -ivfsstatcache -Xcc /Users/roeylibfeld/Documents/KARI\ Creatives/DaBin/native/build/store-projects-verified-20261005T124620Z/derived-data/SDKStatCaches.noindex/macosx27.0-26A425-7231f6df4def33e022ae2eb8f782df1a.sdkstatcache -output-file-map /Users/roeylibfeld/Documents/KARI\ Creatives/DaBin/native/build/store-projects-verified-20261005T124620Z/derived-data/Build/Intermediates.noindex/DaBin.build/Release/DaBin.build/Objects-normal/arm64/DaBin-OutputFileMap.json -save-temps -no-color-diagnostics -explicit-module-build -module-cache-path /Users/roeylibfeld/Documents/KARI\ Creatives/DaBin/native/build/store-projects-verified-20261005T124620Z/derived-data/Build/Intermediates.noindex/SwiftExplicitPrecompiledModules -clang-scanner-module-cache-path /Users/roeylibfeld/Documents/KARI\ Creatives/DaBin/native/build/store-projects-verified-20261005T124620Z/derived-data/ModuleCache.noindex -sdk-module-cache-path /Users/roeylibfeld/Documents/KARI\ Creatives/DaBin/native/build/store-projects-verified-20261005T124620Z/derived-data/SDKExplicitPrecompiledModules -emit-dependencies -emit-module -emit-module-path /Users/roeylibfeld/Documents/KARI\ Creatives/DaBin/native/build/store-projects-verified-20261005T124620Z/derived-data/Build/Intermediates.noindex/DaBin.build/Release/DaBin.build/Objects-normal/arm64/DaBin.swiftmodule -serialize-diagnostics -dependency-scan-serialize-diagnostics-path /Users/roeylibfeld/Documents/KARI\ Creatives/DaBin/native/build/store-projects-verified-20261005T124620Z/derived-data/Build/Intermediates.noindex/DaBin.build/Release/DaBin.build/Objects-normal/arm64/DaBin-dependency-scan.dia -validate-clang-modules-once -clang-build-session-file /Users/roeylibfeld/Documents/KARI\ Creatives/DaBin/native/build/store-projects-verified-20261005T124620Z/derived-data/ModuleCache.noindex/Session.modulevalidation -Xcc -fmodules-prune-interval\=86400 -Xcc -fmodules-prune-after\=345600 -emit-const-values -const-gather-protocols-list /Users/roeylibfeld/Documents/KARI\ Creatives/DaBin/native/build/store-projects-verified-20261005T124620Z/derived-data/Build/Intermediates.noindex/DaBin.build/Release/DaBin.build/Objects-normal/arm64/DaBin_const_extract_protocols.json -Xcc -iquote -Xcc /Users/roeylibfeld/Documents/KARI\ Creatives/DaBin/native/build/store-projects-verified-20261005T124620Z/derived-data/Build/Intermediates.noindex/DaBin.build/Release/DaBin.build/DaBin-generated-files.hmap -Xcc -I/Users/roeylibfeld/Documents/KARI\ Creatives/DaBin/native/build/store-projects-verified-20261005T124620Z/derived-data/Build/Intermediates.noindex/DaBin.build/Release/DaBin.build/DaBin-own-target-headers.hmap -Xcc -I/Users/roeylibfeld/Documents/KARI\ Creatives/DaBin/native/build/store-projects-verified-20261005T124620Z/derived-data/Build/Intermediates.noindex/DaBin.build/Release/DaBin.build/DaBin-all-target-headers.hmap -Xcc -iquote -Xcc /Users/roeylibfeld/Documents/KARI\ Creatives/DaBin/native/build/store-projects-verified-20261005T124620Z/derived-data/Build/Intermediates.noindex/DaBin.build/Release/DaBin.build/DaBin-project-headers.hmap -Xcc -I/Users/roeylibfeld/Documents/KARI\ Creatives/DaBin/native/build/store-projects-verified-20261005T124620Z/derived-data/Build/Products/Release/include -Xcc -I/Users/roeylibfeld/Documents/KARI\ Creatives/DaBin/native/build/store-projects-verified-20261005T124620Z/derived-data/Build/Intermediates.noindex/DaBin.build/Release/DaBin.build/DerivedSources-normal/arm64 -Xcc -I/Users/roeylibfeld/Documents/KARI\ Creatives/DaBin/native/build/store-projects-verified-20261005T124620Z/derived-data/Build/Intermediates.noindex/DaBin.build/Release/DaBin.build/DerivedSources/arm64 -Xcc -I/Users/roeylibfeld/Documents/KARI\ Creatives/DaBin/native/build/store-projects-verified-20261005T124620Z/derived-data/Build/Intermediates.noindex/DaBin.build/Release/DaBin.build/DerivedSources -emit-objc-header -emit-objc-header-path /Users/roeylibfeld/Documents/KARI\ Creatives/DaBin/native/build/store-projects-verified-20261005T124620Z/derived-data/Build/Intermediates.noindex/DaBin.build/Release/DaBin.build/Objects-normal/arm64/DaBin-Swift.h -working-directory /Users/roeylibfeld/Documents/KARI\ Creatives/DaBin/native -no-emit-module-separately-wmo

SwiftExplicitDependencyGeneratePcm arm64 /Users/roeylibfeld/Documents/KARI\ Creatives/DaBin/native/build/store-projects-verified-20261005T124620Z/derived-data/SDKExplicitPrecompiledModules/_Builtin_stdbool-33267FEMAL5QOSQTEUHWGHJPU.pcm

SwiftExplicitDependencyGeneratePcm arm64 /Users/roeylibfeld/Documents/KARI\ Creatives/DaBin/native/build/store-projects-verified-20261005T124620Z/derived-data/SDKExplicitPrecompiledModules/ptrauth-CU44Z4GEJJUYZML4LNAUFY8V4.pcm

SwiftExplicitDependencyGeneratePcm arm64 /Users/roeylibfeld/Documents/KARI\ Creatives/DaBin/native/build/store-projects-verified-20261005T124620Z/derived-data/SDKExplicitPrecompiledModules/_SwiftConcurrencyShims-2CQYQTOHJ8P52MI92EE5RLGCR.pcm

SwiftExplicitDependencyGeneratePcm arm64 /Users/roeylibfeld/Documents/KARI\ Creatives/DaBin/native/build/store-projects-verified-20261005T124620Z/derived-data/SDKExplicitPrecompiledModules/_Builtin_stdarg-5FVJSPZ9XK35Z0WX5ZLK9E5TY.pcm

SwiftExplicitDependencyGeneratePcm arm64 /Users/roeylibfeld/Documents/KARI\ Creatives/DaBin/native/build/store-projects-verified-20261005T124620Z/derived-data/SDKExplicitPrecompiledModules/SwiftShims-7TMOJGR94I3W3O60JIYP77Y7S.pcm

SwiftExplicitDependencyGeneratePcm arm64 /Users/roeylibfeld/Documents/KARI\ Creatives/DaBin/native/build/store-projects-verified-20261005T124620Z/derived-data/SDKExplicitPrecompiledModules/_Builtin_float-ERTZQVH9EJ4T48YLDS1RIJ93D.pcm

SwiftExplicitDependencyGeneratePcm arm64 /Users/roeylibfeld/Documents/KARI\ Creatives/DaBin/native/build/store-projects-verified-20261005T124620Z/derived-data/SDKExplicitPrecompiledModules/DeveloperToolsSupport-IAUBK0P3XLOU4IDQ0EW8TPOE.pcm

SwiftExplicitDependencyGeneratePcm arm64 /Users/roeylibfeld/Documents/KARI\ Creatives/DaBin/native/build/store-projects-verified-20261005T124620Z/derived-data/SDKExplicitPrecompiledModules/ptrcheck-1CQ1C1Y9LTY13BB7WU50VYI1J.pcm

SwiftExplicitDependencyGeneratePcm arm64 /Users/roeylibfeld/Documents/KARI\ Creatives/DaBin/native/build/store-projects-verified-20261005T124620Z/derived-data/SDKExplicitPrecompiledModules/_AvailabilityInternal-D8TX7AP0YES60UVPZZJ991S87.pcm

SwiftExplicitDependencyGeneratePcm arm64 /Users/roeylibfeld/Documents/KARI\ Creatives/DaBin/native/build/store-projects-verified-20261005T124620Z/derived-data/SDKExplicitPrecompiledModules/_Builtin_stddef-4SRIK1SJU1M0NO0WIF7CIDRDH.pcm

SwiftExplicitDependencyGeneratePcm arm64 /Users/roeylibfeld/Documents/KARI\ Creatives/DaBin/native/build/store-projects-verified-20261005T124620Z/derived-data/SDKExplicitPrecompiledModules/_DarwinFoundation1-25YC7FJXN6L9RO0WY6Q14OVH5.pcm

SwiftExplicitDependencyGeneratePcm arm64 /Users/roeylibfeld/Documents/KARI\ Creatives/DaBin/native/build/store-projects-verified-20261005T124620Z/derived-data/SDKExplicitPrecompiledModules/ExtensionFoundation-E56ZR5NY1VT8F4Z49CJWRPHB4.pcm

SwiftExplicitDependencyGeneratePcm arm64 /Users/roeylibfeld/Documents/KARI\ Creatives/DaBin/native/build/store-projects-verified-20261005T124620Z/derived-data/SDKExplicitPrecompiledModules/_DarwinFoundation2-AZ67YPJF1BZTUI2I891R1YTZC.pcm

SwiftExplicitDependencyGeneratePcm arm64 /Users/roeylibfeld/Documents/KARI\ Creatives/DaBin/native/build/store-projects-verified-20261005T124620Z/derived-data/SDKExplicitPrecompiledModules/_Builtin_limits-58IJF8YDOFJTB6N3Z59U6NSB7.pcm

SwiftExplicitDependencyGeneratePcm arm64 /Users/roeylibfeld/Documents/KARI\ Creatives/DaBin/native/build/store-projects-verified-20261005T124620Z/derived-data/SDKExplicitPrecompiledModules/_Builtin_stdint-5MOV9K6RWW4LWU14NG7JMJGUH.pcm

SwiftExplicitDependencyGeneratePcm arm64 /Users/roeylibfeld/Documents/KARI\ Creatives/DaBin/native/build/store-projects-verified-20261005T124620Z/derived-data/SDKExplicitPrecompiledModules/_Builtin_tgmath-12ZOF913HE0K1JVG1W609F6J5.pcm

SwiftExplicitDependencyGeneratePcm arm64 /Users/roeylibfeld/Documents/KARI\ Creatives/DaBin/native/build/store-projects-verified-20261005T124620Z/derived-data/SDKExplicitPrecompiledModules/string_h-CURSMFG2JS37S0K22VXOQGSFT.pcm

SwiftExplicitDependencyGeneratePcm arm64 /Users/roeylibfeld/Documents/KARI\ Creatives/DaBin/native/build/store-projects-verified-20261005T124620Z/derived-data/SDKExplicitPrecompiledModules/sys_types-4RJTTL5MW8HCPM1K7NUBQPJUA.pcm

SwiftExplicitDependencyGeneratePcm arm64 /Users/roeylibfeld/Documents/KARI\ Creatives/DaBin/native/build/store-projects-verified-20261005T124620Z/derived-data/SDKExplicitPrecompiledModules/_DarwinFoundation3-2KXXOKJNU9L7V6Z469T2RC71G.pcm

SwiftExplicitDependencyGeneratePcm arm64 /Users/roeylibfeld/Documents/KARI\ Creatives/DaBin/native/build/store-projects-verified-20261005T124620Z/derived-data/SDKExplicitPrecompiledModules/libDER-7AXYKL203QCX7O9UM50QMUTTL.pcm

SwiftExplicitDependencyGeneratePcm arm64 /Users/roeylibfeld/Documents/KARI\ Creatives/DaBin/native/build/store-projects-verified-20261005T124620Z/derived-data/SDKExplicitPrecompiledModules/_Builtin_stdatomic-4RUVFFN049UYINTW77NX3TL4N.pcm

SwiftExplicitDependencyGeneratePcm arm64 /Users/roeylibfeld/Documents/KARI\ Creatives/DaBin/native/build/store-projects-verified-20261005T124620Z/derived-data/SDKExplicitPrecompiledModules/_Builtin_intrinsics-BCAWMCFJCVXQR5CCO0BZMPNRV.pcm

SwiftExplicitDependencyGeneratePcm arm64 /Users/roeylibfeld/Documents/KARI\ Creatives/DaBin/native/build/store-projects-verified-20261005T124620Z/derived-data/SDKExplicitPrecompiledModules/zlib-2322LWM0SB5NO3UK1CC69SPRT.pcm

SwiftExplicitDependencyGeneratePcm arm64 /Users/roeylibfeld/Documents/KARI\ Creatives/DaBin/native/build/store-projects-verified-20261005T124620Z/derived-data/SDKExplicitPrecompiledModules/_Builtin_inttypes-APJWPGA2WAJ5S777LHOX6DS8X.pcm

SwiftExplicitDependencyGeneratePcm arm64 /Users/roeylibfeld/Documents/KARI\ Creatives/DaBin/native/build/store-projects-verified-20261005T124620Z/derived-data/SDKExplicitPrecompiledModules/Darwin-9RS8QDZI7AI725FU19OA9ULB2.pcm

SwiftExplicitDependencyGeneratePcm arm64 /Users/roeylibfeld/Documents/KARI\ Creatives/DaBin/native/build/store-projects-verified-20261005T124620Z/derived-data/SDKExplicitPrecompiledModules/simd-2H3XNI0WDH96X7LCG0ZF4QWFH.pcm

SwiftExplicitDependencyGeneratePcm arm64 /Users/roeylibfeld/Documents/KARI\ Creatives/DaBin/native/build/store-projects-verified-20261005T124620Z/derived-data/SDKExplicitPrecompiledModules/launch-63WUKMDXKJE0VHYYVJVVQXH9G.pcm

SwiftExplicitDependencyGeneratePcm arm64 /Users/roeylibfeld/Documents/KARI\ Creatives/DaBin/native/build/store-projects-verified-20261005T124620Z/derived-data/SDKExplicitPrecompiledModules/MachO-66NO5WEVCVWR6AQD47AOSM3R2.pcm

SwiftExplicitDependencyGeneratePcm arm64 /Users/roeylibfeld/Documents/KARI\ Creatives/DaBin/native/build/store-projects-verified-20261005T124620Z/derived-data/SDKExplicitPrecompiledModules/Compression-BUE9M53SSX0952MPVJ2CYA01Q.pcm

SwiftExplicitDependencyGeneratePcm arm64 /Users/roeylibfeld/Documents/KARI\ Creatives/DaBin/native/build/store-projects-verified-20261005T124620Z/derived-data/SDKExplicitPrecompiledModules/libkern-61KB9S8UJXP8HGVB3QKT2K6VM.pcm

SwiftExplicitDependencyGeneratePcm arm64 /Users/roeylibfeld/Documents/KARI\ Creatives/DaBin/native/build/store-projects-verified-20261005T124620Z/derived-data/SDKExplicitPrecompiledModules/CUPS-EFGNBV7TDW2U62ARQGAYA9YNM.pcm

SwiftExplicitDependencyGeneratePcm arm64 /Users/roeylibfeld/Documents/KARI\ Creatives/DaBin/native/build/store-projects-verified-20261005T124620Z/derived-data/SDKExplicitPrecompiledModules/Spatial-2CJ0YP9J02IGX9IOXEXBZLWKC.pcm

SwiftExplicitDependencyGeneratePcm arm64 /Users/roeylibfeld/Documents/KARI\ Creatives/DaBin/native/build/store-projects-verified-20261005T124620Z/derived-data/SDKExplicitPrecompiledModules/ObjectiveC-CNW8Z28XF6AUYA58RLN41C71V.pcm

SwiftExplicitDependencyGeneratePcm arm64 /Users/roeylibfeld/Documents/KARI\ Creatives/DaBin/native/build/store-projects-verified-20261005T124620Z/derived-data/SDKExplicitPrecompiledModules/os_object-3HILKSNBMN2XTJJOPFAY862Y4.pcm

SwiftExplicitDependencyGeneratePcm arm64 /Users/roeylibfeld/Documents/KARI\ Creatives/DaBin/native/build/store-projects-verified-20261005T124620Z/derived-data/SDKExplicitPrecompiledModules/os_workgroup-9CUBZIP23EOZ5XU3APU3SX8CI.pcm

SwiftExplicitDependencyGeneratePcm arm64 /Users/roeylibfeld/Documents/KARI\ Creatives/DaBin/native/build/store-projects-verified-20261005T124620Z/derived-data/SDKExplicitPrecompiledModules/Dispatch-3HNUXQEB40LLMAJ7A1UECNXSW.pcm

SwiftExplicitDependencyGeneratePcm arm64 /Users/roeylibfeld/Documents/KARI\ Creatives/DaBin/native/build/store-projects-verified-20261005T124620Z/derived-data/SDKExplicitPrecompiledModules/XPC-EWK89KIASY0QFPMJ6W1HR0UCF.pcm

SwiftExplicitDependencyGeneratePcm arm64 /Users/roeylibfeld/Documents/KARI\ Creatives/DaBin/native/build/store-projects-verified-20261005T124620Z/derived-data/SDKExplicitPrecompiledModules/dnssd-EKC8Q4O6236PZW3FJX7LM626A.pcm

SwiftExplicitDependencyGeneratePcm arm64 /Users/roeylibfeld/Documents/KARI\ Creatives/DaBin/native/build/store-projects-verified-20261005T124620Z/derived-data/SDKExplicitPrecompiledModules/CoreFoundation-7UIPHTD0UE5EA6XELOU28KMBL.pcm

SwiftExplicitDependencyGeneratePcm arm64 /Users/roeylibfeld/Documents/KARI\ Creatives/DaBin/native/build/store-projects-verified-20261005T124620Z/derived-data/SDKExplicitPrecompiledModules/os-BJ7V356SDAHC677WVS21TXZ4L.pcm

SwiftExplicitDependencyGeneratePcm arm64 /Users/roeylibfeld/Documents/KARI\ Creatives/DaBin/native/build/store-projects-verified-20261005T124620Z/derived-data/SDKExplicitPrecompiledModules/CoreAudioTypes-5NMRDCG1UZ5DWVQH85B1ELV4N.pcm

SwiftExplicitDependencyGeneratePcm arm64 /Users/roeylibfeld/Documents/KARI\ Creatives/DaBin/native/build/store-projects-verified-20261005T124620Z/derived-data/SDKExplicitPrecompiledModules/Security-11PQ6UN3KWWL5OOSHPODVNN6N.pcm

SwiftExplicitDependencyGeneratePcm arm64 /Users/roeylibfeld/Documents/KARI\ Creatives/DaBin/native/build/store-projects-verified-20261005T124620Z/derived-data/SDKExplicitPrecompiledModules/IOKit-C0LTLTB6LKXMXAW3MVLWZSEBO.pcm

SwiftExplicitDependencyGeneratePcm arm64 /Users/roeylibfeld/Documents/KARI\ Creatives/DaBin/native/build/store-projects-verified-20261005T124620Z/derived-data/SDKExplicitPrecompiledModules/CFNetwork-11OJ5T4FQ948U90DOXHVE3RNJ.pcm

SwiftExplicitDependencyGeneratePcm arm64 /Users/roeylibfeld/Documents/KARI\ Creatives/DaBin/native/build/store-projects-verified-20261005T124620Z/derived-data/SDKExplicitPrecompiledModules/ColorSync-2IZ17JT1PIJRAM3V1S69XJQW9.pcm

SwiftExplicitDependencyGeneratePcm arm64 /Users/roeylibfeld/Documents/KARI\ Creatives/DaBin/native/build/store-projects-verified-20261005T124620Z/derived-data/SDKExplicitPrecompiledModules/DiskArbitration-9OQRQ0RHCOCQN39ZJGTMU47LG.pcm

SwiftExplicitDependencyGeneratePcm arm64 /Users/roeylibfeld/Documents/KARI\ Creatives/DaBin/native/build/store-projects-verified-20261005T124620Z/derived-data/SDKExplicitPrecompiledModules/CoreGraphics-BSJ8NZW47Y685KD1FZG7KGENP.pcm

SwiftExplicitDependencyGeneratePcm arm64 /Users/roeylibfeld/Documents/KARI\ Creatives/DaBin/native/build/store-projects-verified-20261005T124620Z/derived-data/SDKExplicitPrecompiledModules/CoreServices-2DN9G7X4J782R63KFF57IYZSO.pcm

SwiftExplicitDependencyGeneratePcm arm64 /Users/roeylibfeld/Documents/KARI\ Creatives/DaBin/native/build/store-projects-verified-20261005T124620Z/derived-data/SDKExplicitPrecompiledModules/CoreText-B2XT2QGUQD5H0LYFU9DW2WG2I.pcm

SwiftExplicitDependencyGeneratePcm arm64 /Users/roeylibfeld/Documents/KARI\ Creatives/DaBin/native/build/store-projects-verified-20261005T124620Z/derived-data/SDKExplicitPrecompiledModules/ImageIO-9UBA2YTXD51AHQ5IHUW4MTZD9.pcm

SwiftExplicitDependencyGeneratePcm arm64 /Users/roeylibfeld/Documents/KARI\ Creatives/DaBin/native/build/store-projects-verified-20261005T124620Z/derived-data/SDKExplicitPrecompiledModules/Foundation-61K1YWIAYT8LUOODKZSJ6X0DW.pcm

SwiftExplicitDependencyGeneratePcm arm64 /Users/roeylibfeld/Documents/KARI\ Creatives/DaBin/native/build/store-projects-verified-20261005T124620Z/derived-data/SDKExplicitPrecompiledModules/Symbols-1Z4MIM81QS6MXNMZDGIT1NGY8.pcm

SwiftExplicitDependencyGeneratePcm arm64 /Users/roeylibfeld/Documents/KARI\ Creatives/DaBin/native/build/store-projects-verified-20261005T124620Z/derived-data/SDKExplicitPrecompiledModules/DataDetection-AB8TURT3NBIL2JF9H5IKKUWZK.pcm

SwiftExplicitDependencyGeneratePcm arm64 /Users/roeylibfeld/Documents/KARI\ Creatives/DaBin/native/build/store-projects-verified-20261005T124620Z/derived-data/SDKExplicitPrecompiledModules/Network-ESHF10ALNGI2TMDO66PIPWFV9.pcm

SwiftExplicitDependencyGeneratePcm arm64 /Users/roeylibfeld/Documents/KARI\ Creatives/DaBin/native/build/store-projects-verified-20261005T124620Z/derived-data/SDKExplicitPrecompiledModules/CoreAudio-30F8MHY7DQ4WMP7ZOR34LQ8LU.pcm

SwiftExplicitDependencyGeneratePcm arm64 /Users/roeylibfeld/Documents/KARI\ Creatives/DaBin/native/build/store-projects-verified-20261005T124620Z/derived-data/SDKExplicitPrecompiledModules/Accessibility-5MK2HBK4RCLHVL58Z7B8GD175.pcm

SwiftExplicitDependencyGeneratePcm arm64 /Users/roeylibfeld/Documents/KARI\ Creatives/DaBin/native/build/store-projects-verified-20261005T124620Z/derived-data/SDKExplicitPrecompiledModules/OSLog-7Y3PD2QZKSBRQYP13SDF90JGS.pcm

SwiftExplicitDependencyGeneratePcm arm64 /Users/roeylibfeld/Documents/KARI\ Creatives/DaBin/native/build/store-projects-verified-20261005T124620Z/derived-data/SDKExplicitPrecompiledModules/UniformTypeIdentifiers-3CXK4D1BMVZWCCVEWPP1H2K93.pcm

SwiftExplicitDependencyGeneratePcm arm64 /Users/roeylibfeld/Documents/KARI\ Creatives/DaBin/native/build/store-projects-verified-20261005T124620Z/derived-data/SDKExplicitPrecompiledModules/IOSurface-2KAE1QSQWCHYASZHGLP0NJ4QE.pcm

SwiftExplicitDependencyGeneratePcm arm64 /Users/roeylibfeld/Documents/KARI\ Creatives/DaBin/native/build/store-projects-verified-20261005T124620Z/derived-data/SDKExplicitPrecompiledModules/UserNotifications-BSG3A49F8FEIAIJUZQQECLP8A.pcm

SwiftExplicitDependencyGeneratePcm arm64 /Users/roeylibfeld/Documents/KARI\ Creatives/DaBin/native/build/store-projects-verified-20261005T124620Z/derived-data/SDKExplicitPrecompiledModules/ApplicationServices-2JELH83V0LCQEQSPN3WC5XLLL.pcm

SwiftExplicitDependencyGeneratePcm arm64 /Users/roeylibfeld/Documents/KARI\ Creatives/DaBin/native/build/store-projects-verified-20261005T124620Z/derived-data/SDKExplicitPrecompiledModules/CoreTransferable-9QHABLSM7UC4XMFYQ5VJGGWDU.pcm

SwiftExplicitDependencyGeneratePcm arm64 /Users/roeylibfeld/Documents/KARI\ Creatives/DaBin/native/build/store-projects-verified-20261005T124620Z/derived-data/SDKExplicitPrecompiledModules/LocalAuthentication-5GZ4ASJONOWXF8V8HTRONXKB7.pcm

SwiftExplicitDependencyGeneratePcm arm64 /Users/roeylibfeld/Documents/KARI\ Creatives/DaBin/native/build/store-projects-verified-20261005T124620Z/derived-data/SDKExplicitPrecompiledModules/CoreMIDI-2AR5Y36462YE1W3E6LR5L1KDM.pcm

SwiftExplicitDependencyGeneratePcm arm64 /Users/roeylibfeld/Documents/KARI\ Creatives/DaBin/native/build/store-projects-verified-20261005T124620Z/derived-data/SDKExplicitPrecompiledModules/CoreData-M9D70SNEUVAGC1GF393UARE6.pcm

SwiftExplicitDependencyGeneratePcm arm64 /Users/roeylibfeld/Documents/KARI\ Creatives/DaBin/native/build/store-projects-verified-20261005T124620Z/derived-data/SDKExplicitPrecompiledModules/QuickLookThumbnailing-54WVPDZ7DOYLBNXG2J5IJ3JG1.pcm

SwiftExplicitDependencyGeneratePcm arm64 /Users/roeylibfeld/Documents/KARI\ Creatives/DaBin/native/build/store-projects-verified-20261005T124620Z/derived-data/SDKExplicitPrecompiledModules/Metal-2JQ2KNDQKYXN1EARRBCJCEPBN.pcm

SwiftExplicitDependencyGeneratePcm arm64 /Users/roeylibfeld/Documents/KARI\ Creatives/DaBin/native/build/store-projects-verified-20261005T124620Z/derived-data/SDKExplicitPrecompiledModules/OpenGL-BG5AVW5O79SDZGPNFPJV35GZI.pcm

SwiftExplicitDependencyGeneratePcm arm64 /Users/roeylibfeld/Documents/KARI\ Creatives/DaBin/native/build/store-projects-verified-20261005T124620Z/derived-data/SDKExplicitPrecompiledModules/QuickLook-7ID73G50L82KJFBGGQU0MCKKM.pcm

SwiftExplicitDependencyGeneratePcm arm64 /Users/roeylibfeld/Documents/KARI\ Creatives/DaBin/native/build/store-projects-verified-20261005T124620Z/derived-data/SDKExplicitPrecompiledModules/Carbon-9SLWS8V8S0MW38T5Z4FT33FY0.pcm

SwiftExplicitDependencyGeneratePcm arm64 /Users/roeylibfeld/Documents/KARI\ Creatives/DaBin/native/build/store-projects-verified-20261005T124620Z/derived-data/SDKExplicitPrecompiledModules/CoreVideo-59LK8IZWDW7PHH6EEG2UW40SE.pcm

SwiftExplicitDependencyGeneratePcm arm64 /Users/roeylibfeld/Documents/KARI\ Creatives/DaBin/native/build/store-projects-verified-20261005T124620Z/derived-data/SDKExplicitPrecompiledModules/AudioToolbox-1W4G2AK1A1MY9YNM6QGJNX67N.pcm

SwiftExplicitDependencyGeneratePcm arm64 /Users/roeylibfeld/Documents/KARI\ Creatives/DaBin/native/build/store-projects-verified-20261005T124620Z/derived-data/SDKExplicitPrecompiledModules/CoreImage-BADESRCL5X7UJBJZ8Q1ATQO0O.pcm

SwiftExplicitDependencyGeneratePcm arm64 /Users/roeylibfeld/Documents/KARI\ Creatives/DaBin/native/build/store-projects-verified-20261005T124620Z/derived-data/SDKExplicitPrecompiledModules/CoreML-67XKC1CXPUDI2EPEDKM7WXVGX.pcm

SwiftExplicitDependencyGeneratePcm arm64 /Users/roeylibfeld/Documents/KARI\ Creatives/DaBin/native/build/store-projects-verified-20261005T124620Z/derived-data/SDKExplicitPrecompiledModules/CoreMedia-ANFFKIHZDV5872UL749OBQCQ3.pcm

SwiftExplicitDependencyGeneratePcm arm64 /Users/roeylibfeld/Documents/KARI\ Creatives/DaBin/native/build/store-projects-verified-20261005T124620Z/derived-data/SDKExplicitPrecompiledModules/Accelerate-222DBN3SKSWKXJUPFD5YIZEM7.pcm

SwiftExplicitDependencyGeneratePcm arm64 /Users/roeylibfeld/Documents/KARI\ Creatives/DaBin/native/build/store-projects-verified-20261005T124620Z/derived-data/SDKExplicitPrecompiledModules/QuartzCore-1FDSJ2YLFQZTDQ8L3HWSQ7JEF.pcm

SwiftExplicitDependencyGeneratePcm arm64 /Users/roeylibfeld/Documents/KARI\ Creatives/DaBin/native/build/store-projects-verified-20261005T124620Z/derived-data/SDKExplicitPrecompiledModules/SwiftUICore-AZ7AMA6J77HI9BN6BU4CORARA.pcm

SwiftExplicitDependencyGeneratePcm arm64 /Users/roeylibfeld/Documents/KARI\ Creatives/DaBin/native/build/store-projects-verified-20261005T124620Z/derived-data/SDKExplicitPrecompiledModules/AVFAudio-32X49I4TMH3AOEQ0E9OZ8L8UA.pcm

SwiftExplicitDependencyGeneratePcm arm64 /Users/roeylibfeld/Documents/KARI\ Creatives/DaBin/native/build/store-projects-verified-20261005T124620Z/derived-data/SDKExplicitPrecompiledModules/MediaToolbox-43NGL9RG6Q7OYUPKOJY791PPT.pcm

SwiftExplicitDependencyGeneratePcm arm64 /Users/roeylibfeld/Documents/KARI\ Creatives/DaBin/native/build/store-projects-verified-20261005T124620Z/derived-data/SDKExplicitPrecompiledModules/Vision-5VMEL3FCNR6LQUO8OL96PNBJP.pcm

SwiftExplicitDependencyGeneratePcm arm64 /Users/roeylibfeld/Documents/KARI\ Creatives/DaBin/native/build/store-projects-verified-20261005T124620Z/derived-data/SDKExplicitPrecompiledModules/VideoToolbox-2FDKLF08TXHQ6IG6GVVI15I7X.pcm

SwiftExplicitDependencyGeneratePcm arm64 /Users/roeylibfeld/Documents/KARI\ Creatives/DaBin/native/build/store-projects-verified-20261005T124620Z/derived-data/SDKExplicitPrecompiledModules/AppKit-80DALC4PFE9WM17OF2J2LQHGK.pcm

SwiftExplicitDependencyGeneratePcm arm64 /Users/roeylibfeld/Documents/KARI\ Creatives/DaBin/native/build/store-projects-verified-20261005T124620Z/derived-data/SDKExplicitPrecompiledModules/AVFoundation-DR9CCKR5VQ1686ANZOYPSZL0D.pcm

SwiftExplicitDependencyGeneratePcm arm64 /Users/roeylibfeld/Documents/KARI\ Creatives/DaBin/native/build/store-projects-verified-20261005T124620Z/derived-data/SDKExplicitPrecompiledModules/Cocoa-HXFI86LP5V8UG9812CREL3KF.pcm

SwiftExplicitDependencyGeneratePcm arm64 /Users/roeylibfeld/Documents/KARI\ Creatives/DaBin/native/build/store-projects-verified-20261005T124620Z/derived-data/SDKExplicitPrecompiledModules/LinkPresentation-F2Q1KPKKA3H47AARCAYPHG92O.pcm

SwiftExplicitDependencyGeneratePcm arm64 /Users/roeylibfeld/Documents/KARI\ Creatives/DaBin/native/build/store-projects-verified-20261005T124620Z/derived-data/SDKExplicitPrecompiledModules/SwiftUI-4SZ5FE0Z9RGR740GVXNSLUZUQ.pcm

SwiftExplicitDependencyGeneratePcm arm64 /Users/roeylibfeld/Documents/KARI\ Creatives/DaBin/native/build/store-projects-verified-20261005T124620Z/derived-data/SDKExplicitPrecompiledModules/AVKit-7EQR4IFY3COURRJJS9M9DJS2B.pcm

SwiftExplicitDependencyGeneratePcm arm64 /Users/roeylibfeld/Documents/KARI\ Creatives/DaBin/native/build/store-projects-verified-20261005T124620Z/derived-data/SDKExplicitPrecompiledModules/PDFKit-8HNNWIAEKF92V28AHIPHOB3PR.pcm

SwiftExplicitDependencyGeneratePcm arm64 /Users/roeylibfeld/Documents/KARI\ Creatives/DaBin/native/build/store-projects-verified-20261005T124620Z/derived-data/SDKExplicitPrecompiledModules/QuickLookUI-4ZM4WL0CNR31YQ7IELGWKHKE3.pcm

SwiftCompile normal arm64 Compiling\ AccessibilityAnnouncement.swift,\ AppDelegate.swift,\ AppState.swift,\ ApplicationCoordinator.swift,\ ApplicationMenu.swift,\ ArchiveBackup.swift,\ AutoCaptureFingerprint.swift,\ AutoCaptureRobotCelebration.swift,\ AutoCaptureRobotPresenter.swift,\ AutoCaptureService.swift,\ AutoCaptureSettings.swift,\ AutoCaptureSignMotion.swift,\ AutoCaptureSignRouting.swift,\ AutoCaptureSignView.swift,\ AutoRecordIndicator.swift,\ BoardComponents.swift,\ BoardResizeGeometry.swift,\ BoardView.swift,\ BoardWindowChrome.swift,\ BoredRobotView.swift,\ BuddyControls.swift,\ CaptureAnnotations.swift,\ CaptureCardGroup.swift,\ CaptureCards.swift,\ CaptureClipboard.swift,\ CaptureCopyButton.swift,\ CaptureDetailPanels.swift,\ CaptureExtendedCanvas.swift,\ CaptureExtendedWindow.swift,\ CaptureFilterStrip.swift,\ CaptureInboxActions.swift,\ CapturePresentation.swift,\ CapturePreviews.swift,\ CaptureProvenance.swift,\ CaptureRemoval.swift,\ CaptureRepository.swift,\ CaptureSourceView.swift,\ CaptureStore.swift,\ CaptureTrailView.swift,\ ClipboardRetentionService.swift,\ ClipboardRetentionSettings.swift,\ CollectionPreviewMosaic.swift,\ ContentIndexService.swift,\ CornerController.swift,\ DaBinLogo.swift,\ DaBinMain.swift,\ DailyArchive.swift,\ DailyCaptureView.swift,\ DailyScreen.swift,\ DayExport.swift,\ DayExportUI.swift,\ DetailScreen.swift,\ Domain.swift,\ DraftArchive.swift,\ ExplorerItems.swift,\ ExplorerQuery.swift,\ ExplorerScreen.swift,\ ExplorerTransfer.swift,\ ExplorerViewport.swift,\ FittedPDFPreview.swift,\ GroupedCaptureCard.swift,\ HourlyCaptureCard.swift,\ HourlyCaptureFeed.swift,\ HoverTooltips.swift,\ InboxScreen.swift,\ InputService.swift,\ IslandRobotChoreography.swift,\ LibraryScreen.swift,\ LocalDOCXTextExtractor.swift,\ NativeContentDrag.swift,\ NavigationHistory.swift,\ NewNoteScreen.swift,\ OriginalFileStorage.swift,\ PreviewRequest.swift,\ PreviewService.swift,\ PrivacyInformation.swift,\ ProjectFileArchive.swift,\ ProjectPickerView.swift,\ ProjectWorkspaceCard.swift,\ ProjectWorkspaceExport.swift,\ ProjectWorkspaceState.swift,\ ProjectWorkspaceTasks.swift,\ ProjectWorkspaceView.swift,\ QuickAccess.swift,\ QuietOrbitGeometry.swift,\ QuietOrbitVisualStyle.swift,\ ReminderAlertCoordinator.swift,\ ReminderClockEditor.swift,\ ReminderLifecycle.swift,\ ReminderSchedule.swift,\ ReminderService.swift,\ RemindersScreen.swift,\ RobotAppFrameView.swift,\ RobotCharacterView.swift,\ RobotLifecycle.swift,\ RobotMotion.swift,\ RobotPlacementSettings.swift,\ RobotProjectSignView.swift,\ RobotView.swift,\ ScratchpadView.swift,\ ScreenshotFolderMonitor.swift,\ SearchColumnViewport.swift,\ SearchDateBoard.swift,\ SearchResultCard.swift,\ SearchScreen.swift,\ SettingsScreen.swift,\ ShelfCaptureController.swift,\ ShelfExport.swift,\ SoftwareUpdateService.swift,\ StatusBarController.swift,\ TaskAttachmentsView.swift,\ TaskEditorScreen.swift,\ TaskFocusControls.swift,\ TaskFocusSession.swift,\ TaskPlanning.swift,\ TaskPlanningEditor.swift,\ TaskTimerAlarmMotion.swift,\ TaskTimerRobotPresenter.swift,\ TaskTimerRobotView.swift,\ ThemeSettings.swift,\ TimelineCalendarPicker.swift,\ TodayPlanningScreen.swift,\ TodayTaskCard.swift,\ TransientMessagePresentation.swift,\ TrashScreen.swift,\ UpdateHandoff.swift,\ WeeklyDateSelection.swift,\ WeeklyScopeActions.swift,\ WeeklyScreen.swift,\ WindowDragHandle.swift,\ WorkspaceClipboard.swift,\ WorkspaceInput.swift,\ WorkspaceItemCard.swift,\ WorkspaceQuery.swift,\ WorkspaceStore.swift,\ WorkspaceZoom.swift,\ WorkspaceZoomLayout.swift,\ WorkspaceZoomScrollAnchor.swift /Users/roeylibfeld/Documents/KARI\ Creatives/DaBin/native/Sources/DaBin/AccessibilityAnnouncement.swift /Users/roeylibfeld/Documents/KARI\ Creatives/DaBin/native/Sources/DaBin/AppDelegate.swift /Users/roeylibfeld/Documents/KARI\ Creatives/DaBin/native/Sources/DaBin/AppState.swift /Users/roeylibfeld/Documents/KARI\ Creatives/DaBin/native/Sources/DaBin/ApplicationCoordinator.swift /Users/roeylibfeld/Documents/KARI\ Creatives/DaBin/native/Sources/DaBin/ApplicationMenu.swift /Users/roeylibfeld/Documents/KARI\ Creatives/DaBin/native/Sources/DaBin/ArchiveBackup.swift /Users/roeylibfeld/Documents/KARI\ Creatives/DaBin/native/Sources/DaBin/AutoCaptureFingerprint.swift /Users/roeylibfeld/Documents/KARI\ Creatives/DaBin/native/Sources/DaBin/AutoCaptureRobotCelebration.swift /Users/roeylibfeld/Documents/KARI\ Creatives/DaBin/native/Sources/DaBin/AutoCaptureRobotPresenter.swift /Users/roeylibfeld/Documents/KARI\ Creatives/DaBin/native/Sources/DaBin/AutoCaptureService.swift /Users/roeylibfeld/Documents/KARI\ Creatives/DaBin/native/Sources/DaBin/AutoCaptureSettings.swift /Users/roeylibfeld/Documents/KARI\ Creatives/DaBin/native/Sources/DaBin/AutoCaptureSignMotion.swift /Users/roeylibfeld/Documents/KARI\ Creatives/DaBin/native/Sources/DaBin/AutoCaptureSignRouting.swift /Users/roeylibfeld/Documents/KARI\ Creatives/DaBin/native/Sources/DaBin/AutoCaptureSignView.swift /Users/roeylibfeld/Documents/KARI\ Creatives/DaBin/native/Sources/DaBin/AutoRecordIndicator.swift /Users/roeylibfeld/Documents/KARI\ Creatives/DaBin/native/Sources/DaBin/BoardComponents.swift /Users/roeylibfeld/Documents/KARI\ Creatives/DaBin/native/Sources/DaBin/BoardResizeGeometry.swift /Users/roeylibfeld/Documents/KARI\ Creatives/DaBin/native/Sources/DaBin/BoardView.swift /Users/roeylibfeld/Documents/KARI\ Creatives/DaBin/native/Sources/DaBin/BoardWindowChrome.swift /Users/roeylibfeld/Documents/KARI\ Creatives/DaBin/native/Sources/DaBin/BoredRobotView.swift /Users/roeylibfeld/Documents/KARI\ Creatives/DaBin/native/Sources/DaBin/BuddyControls.swift /Users/roeylibfeld/Documents/KARI\ Creatives/DaBin/native/Sources/DaBin/CaptureAnnotations.swift /Users/roeylibfeld/Documents/KARI\ Creatives/DaBin/native/Sources/DaBin/CaptureCardGroup.swift /Users/roeylibfeld/Documents/KARI\ Creatives/DaBin/native/Sources/DaBin/CaptureCards.swift /Users/roeylibfeld/Documents/KARI\ Creatives/DaBin/native/Sources/DaBin/CaptureClipboard.swift /Users/roeylibfeld/Documents/KARI\ Creatives/DaBin/native/Sources/DaBin/CaptureCopyButton.swift /Users/roeylibfeld/Documents/KARI\ Creatives/DaBin/native/Sources/DaBin/CaptureDetailPanels.swift /Users/roeylibfeld/Documents/KARI\ Creatives/DaBin/native/Sources/DaBin/CaptureExtendedCanvas.swift /Users/roeylibfeld/Documents/KARI\ Creatives/DaBin/native/Sources/DaBin/CaptureExtendedWindow.swift /Users/roeylibfeld/Documents/KARI\ Creatives/DaBin/native/Sources/DaBin/CaptureFilterStrip.swift /Users/roeylibfeld/Documents/KARI\ Creatives/DaBin/native/Sources/DaBin/CaptureInboxActions.swift /Users/roeylibfeld/Documents/KARI\ Creatives/DaBin/native/Sources/DaBin/CapturePresentation.swift /Users/roeylibfeld/Documents/KARI\ Creatives/DaBin/native/Sources/DaBin/CapturePreviews.swift /Users/roeylibfeld/Documents/KARI\ Creatives/DaBin/native/Sources/DaBin/CaptureProvenance.swift /Users/roeylibfeld/Documents/KARI\ Creatives/DaBin/native/Sources/DaBin/CaptureRemoval.swift /Users/roeylibfeld/Documents/KARI\ Creatives/DaBin/native/Sources/DaBin/CaptureRepository.swift /Users/roeylibfeld/Documents/KARI\ Creatives/DaBin/native/Sources/DaBin/CaptureSourceView.swift /Users/roeylibfeld/Documents/KARI\ Creatives/DaBin/native/Sources/DaBin/CaptureStore.swift /Users/roeylibfeld/Documents/KARI\ Creatives/DaBin/native/Sources/DaBin/CaptureTrailView.swift /Users/roeylibfeld/Documents/KARI\ Creatives/DaBin/native/Sources/DaBin/ClipboardRetentionService.swift /Users/roeylibfeld/Documents/KARI\ Creatives/DaBin/native/Sources/DaBin/ClipboardRetentionSettings.swift /Users/roeylibfeld/Documents/KARI\ Creatives/DaBin/native/Sources/DaBin/CollectionPreviewMosaic.swift /Users/roeylibfeld/Documents/KARI\ Creatives/DaBin/native/Sources/DaBin/ContentIndexService.swift /Users/roeylibfeld/Documents/KARI\ Creatives/DaBin/native/Sources/DaBin/CornerController.swift /Users/roeylibfeld/Documents/KARI\ Creatives/DaBin/native/Sources/DaBin/DaBinLogo.swift /Users/roeylibfeld/Documents/KARI\ Creatives/DaBin/native/Sources/DaBin/DaBinMain.swift /Users/roeylibfeld/Documents/KARI\ Creatives/DaBin/native/Sources/DaBin/DailyArchive.swift /Users/roeylibfeld/Documents/KARI\ Creatives/DaBin/native/Sources/DaBin/DailyCaptureView.swift /Users/roeylibfeld/Documents/KARI\ Creatives/DaBin/native/Sources/DaBin/DailyScreen.swift /Users/roeylibfeld/Documents/KARI\ Creatives/DaBin/native/Sources/DaBin/DayExport.swift /Users/roeylibfeld/Documents/KARI\ Creatives/DaBin/native/Sources/DaBin/DayExportUI.swift /Users/roeylibfeld/Documents/KARI\ Creatives/DaBin/native/Sources/DaBin/DetailScreen.swift /Users/roeylibfeld/Documents/KARI\ Creatives/DaBin/native/Sources/DaBin/Domain.swift /Users/roeylibfeld/Documents/KARI\ Creatives/DaBin/native/Sources/DaBin/DraftArchive.swift /Users/roeylibfeld/Documents/KARI\ Creatives/DaBin/native/Sources/DaBin/ExplorerItems.swift /Users/roeylibfeld/Documents/KARI\ Creatives/DaBin/native/Sources/DaBin/ExplorerQuery.swift /Users/roeylibfeld/Documents/KARI\ Creatives/DaBin/native/Sources/DaBin/ExplorerScreen.swift /Users/roeylibfeld/Documents/KARI\ Creatives/DaBin/native/Sources/DaBin/ExplorerTransfer.swift /Users/roeylibfeld/Documents/KARI\ Creatives/DaBin/native/Sources/DaBin/ExplorerViewport.swift /Users/roeylibfeld/Documents/KARI\ Creatives/DaBin/native/Sources/DaBin/FittedPDFPreview.swift /Users/roeylibfeld/Documents/KARI\ Creatives/DaBin/native/Sources/DaBin/GroupedCaptureCard.swift /Users/roeylibfeld/Documents/KARI\ Creatives/DaBin/native/Sources/DaBin/HourlyCaptureCard.swift /Users/roeylibfeld/Documents/KARI\ Creatives/DaBin/native/Sources/DaBin/HourlyCaptureFeed.swift /Users/roeylibfeld/Documents/KARI\ Creatives/DaBin/native/Sources/DaBin/HoverTooltips.swift /Users/roeylibfeld/Documents/KARI\ Creatives/DaBin/native/Sources/DaBin/InboxScreen.swift /Users/roeylibfeld/Documents/KARI\ Creatives/DaBin/native/Sources/DaBin/InputService.swift /Users/roeylibfeld/Documents/KARI\ Creatives/DaBin/native/Sources/DaBin/IslandRobotChoreography.swift /Users/roeylibfeld/Documents/KARI\ Creatives/DaBin/native/Sources/DaBin/LibraryScreen.swift /Users/roeylibfeld/Documents/KARI\ Creatives/DaBin/native/Sources/DaBin/LocalDOCXTextExtractor.swift /Users/roeylibfeld/Documents/KARI\ Creatives/DaBin/native/Sources/DaBin/NativeContentDrag.swift /Users/roeylibfeld/Documents/KARI\ Creatives/DaBin/native/Sources/DaBin/NavigationHistory.swift /Users/roeylibfeld/Documents/KARI\ Creatives/DaBin/native/Sources/DaBin/NewNoteScreen.swift /Users/roeylibfeld/Documents/KARI\ Creatives/DaBin/native/Sources/DaBin/OriginalFileStorage.swift /Users/roeylibfeld/Documents/KARI\ Creatives/DaBin/native/Sources/DaBin/PreviewRequest.swift /Users/roeylibfeld/Documents/KARI\ Creatives/DaBin/native/Sources/DaBin/PreviewService.swift /Users/roeylibfeld/Documents/KARI\ Creatives/DaBin/native/Sources/DaBin/PrivacyInformation.swift /Users/roeylibfeld/Documents/KARI\ Creatives/DaBin/native/Sources/DaBin/ProjectFileArchive.swift /Users/roeylibfeld/Documents/KARI\ Creatives/DaBin/native/Sources/DaBin/ProjectPickerView.swift /Users/roeylibfeld/Documents/KARI\ Creatives/DaBin/native/Sources/DaBin/ProjectWorkspaceCard.swift /Users/roeylibfeld/Documents/KARI\ Creatives/DaBin/native/Sources/DaBin/ProjectWorkspaceExport.swift /Users/roeylibfeld/Documents/KARI\ Creatives/DaBin/native/Sources/DaBin/ProjectWorkspaceState.swift /Users/roeylibfeld/Documents/KARI\ Creatives/DaBin/native/Sources/DaBin/ProjectWorkspaceTasks.swift /Users/roeylibfeld/Documents/KARI\ Creatives/DaBin/native/Sources/DaBin/ProjectWorkspaceView.swift /Users/roeylibfeld/Documents/KARI\ Creatives/DaBin/native/Sources/DaBin/QuickAccess.swift /Users/roeylibfeld/Documents/KARI\ Creatives/DaBin/native/Sources/DaBin/QuietOrbitGeometry.swift /Users/roeylibfeld/Documents/KARI\ Creatives/DaBin/native/Sources/DaBin/QuietOrbitVisualStyle.swift /Users/roeylibfeld/Documents/KARI\ Creatives/DaBin/native/Sources/DaBin/ReminderAlertCoordinator.swift /Users/roeylibfeld/Documents/KARI\ Creatives/DaBin/native/Sources/DaBin/ReminderClockEditor.swift /Users/roeylibfeld/Documents/KARI\ Creatives/DaBin/native/Sources/DaBin/ReminderLifecycle.swift /Users/roeylibfeld/Documents/KARI\ Creatives/DaBin/native/Sources/DaBin/ReminderSchedule.swift /Users/roeylibfeld/Documents/KARI\ Creatives/DaBin/native/Sources/DaBin/ReminderService.swift /Users/roeylibfeld/Documents/KARI\ Creatives/DaBin/native/Sources/DaBin/RemindersScreen.swift /Users/roeylibfeld/Documents/KARI\ Creatives/DaBin/native/Sources/DaBin/RobotAppFrameView.swift /Users/roeylibfeld/Documents/KARI\ Creatives/DaBin/native/Sources/DaBin/RobotCharacterView.swift /Users/roeylibfeld/Documents/KARI\ Creatives/DaBin/native/Sources/DaBin/RobotLifecycle.swift /Users/roeylibfeld/Documents/KARI\ Creatives/DaBin/native/Sources/DaBin/RobotMotion.swift /Users/roeylibfeld/Documents/KARI\ Creatives/DaBin/native/Sources/DaBin/RobotPlacementSettings.swift /Users/roeylibfeld/Documents/KARI\ Creatives/DaBin/native/Sources/DaBin/RobotProjectSignView.swift /Users/roeylibfeld/Documents/KARI\ Creatives/DaBin/native/Sources/DaBin/RobotView.swift /Users/roeylibfeld/Documents/KARI\ Creatives/DaBin/native/Sources/DaBin/ScratchpadView.swift /Users/roeylibfeld/Documents/KARI\ Creatives/DaBin/native/Sources/DaBin/ScreenshotFolderMonitor.swift /Users/roeylibfeld/Documents/KARI\ Creatives/DaBin/native/Sources/DaBin/SearchColumnViewport.swift /Users/roeylibfeld/Documents/KARI\ Creatives/DaBin/native/Sources/DaBin/SearchDateBoard.swift /Users/roeylibfeld/Documents/KARI\ Creatives/DaBin/native/Sources/DaBin/SearchResultCard.swift /Users/roeylibfeld/Documents/KARI\ Creatives/DaBin/native/Sources/DaBin/SearchScreen.swift /Users/roeylibfeld/Documents/KARI\ Creatives/DaBin/native/Sources/DaBin/SettingsScreen.swift /Users/roeylibfeld/Documents/KARI\ Creatives/DaBin/native/Sources/DaBin/ShelfCaptureController.swift /Users/roeylibfeld/Documents/KARI\ Creatives/DaBin/native/Sources/DaBin/ShelfExport.swift /Users/roeylibfeld/Documents/KARI\ Creatives/DaBin/native/Sources/DaBin/SoftwareUpdateService.swift /Users/roeylibfeld/Documents/KARI\ Creatives/DaBin/native/Sources/DaBin/StatusBarController.swift /Users/roeylibfeld/Documents/KARI\ Creatives/DaBin/native/Sources/DaBin/TaskAttachmentsView.swift /Users/roeylibfeld/Documents/KARI\ Creatives/DaBin/native/Sources/DaBin/TaskEditorScreen.swift /Users/roeylibfeld/Documents/KARI\ Creatives/DaBin/native/Sources/DaBin/TaskFocusControls.swift /Users/roeylibfeld/Documents/KARI\ Creatives/DaBin/native/Sources/DaBin/TaskFocusSession.swift /Users/roeylibfeld/Documents/KARI\ Creatives/DaBin/native/Sources/DaBin/TaskPlanning.swift /Users/roeylibfeld/Documents/KARI\ Creatives/DaBin/native/Sources/DaBin/TaskPlanningEditor.swift /Users/roeylibfeld/Documents/KARI\ Creatives/DaBin/native/Sources/DaBin/TaskTimerAlarmMotion.swift /Users/roeylibfeld/Documents/KARI\ Creatives/DaBin/native/Sources/DaBin/TaskTimerRobotPresenter.swift /Users/roeylibfeld/Documents/KARI\ Creatives/DaBin/native/Sources/DaBin/TaskTimerRobotView.swift /Users/roeylibfeld/Documents/KARI\ Creatives/DaBin/native/Sources/DaBin/ThemeSettings.swift /Users/roeylibfeld/Documents/KARI\ Creatives/DaBin/native/Sources/DaBin/TimelineCalendarPicker.swift /Users/roeylibfeld/Documents/KARI\ Creatives/DaBin/native/Sources/DaBin/TodayPlanningScreen.swift /Users/roeylibfeld/Documents/KARI\ Creatives/DaBin/native/Sources/DaBin/TodayTaskCard.swift /Users/roeylibfeld/Documents/KARI\ Creatives/DaBin/native/Sources/DaBin/TransientMessagePresentation.swift /Users/roeylibfeld/Documents/KARI\ Creatives/DaBin/native/Sources/DaBin/TrashScreen.swift /Users/roeylibfeld/Documents/KARI\ Creatives/DaBin/native/Sources/DaBin/UpdateHandoff.swift /Users/roeylibfeld/Documents/KARI\ Creatives/DaBin/native/Sources/DaBin/WeeklyDateSelection.swift /Users/roeylibfeld/Documents/KARI\ Creatives/DaBin/native/Sources/DaBin/WeeklyScopeActions.swift /Users/roeylibfeld/Documents/KARI\ Creatives/DaBin/native/Sources/DaBin/WeeklyScreen.swift /Users/roeylibfeld/Documents/KARI\ Creatives/DaBin/native/Sources/DaBin/WindowDragHandle.swift /Users/roeylibfeld/Documents/KARI\ Creatives/DaBin/native/Sources/DaBin/WorkspaceClipboard.swift /Users/roeylibfeld/Documents/KARI\ Creatives/DaBin/native/Sources/DaBin/WorkspaceInput.swift /Users/roeylibfeld/Documents/KARI\ Creatives/DaBin/native/Sources/DaBin/WorkspaceItemCard.swift /Users/roeylibfeld/Documents/KARI\ Creatives/DaBin/native/Sources/DaBin/WorkspaceQuery.swift /Users/roeylibfeld/Documents/KARI\ Creatives/DaBin/native/Sources/DaBin/WorkspaceStore.swift /Users/roeylibfeld/Documents/KARI\ Creatives/DaBin/native/Sources/DaBin/WorkspaceZoom.swift /Users/roeylibfeld/Documents/KARI\ Creatives/DaBin/native/Sources/DaBin/WorkspaceZoomLayout.swift /Users/roeylibfeld/Documents/KARI\ Creatives/DaBin/native/Sources/DaBin/WorkspaceZoomScrollAnchor.swift /Applications/Xcode.app/Contents/Developer/Toolchains/XcodeDefault.xctoolchain/usr/lib/swift/macosx/prebuilt-modules/27.0/ExtensionFoundation.swiftmodule/arm64e-apple-macos.swiftmodule /Applications/Xcode.app/Contents/Developer/Toolchains/XcodeDefault.xctoolchain/usr/lib/swift/macosx/prebuilt-modules/27.0/_AVKit_SwiftUI.swiftmodule/arm64e-apple-macos.swiftmodule /Applications/Xcode.app/Contents/Developer/Toolchains/XcodeDefault.xctoolchain/usr/lib/swift/macosx/prebuilt-modules/27.0/simd.swiftmodule/arm64e-apple-macos.swiftmodule /Applications/Xcode.app/Contents/Developer/Toolchains/XcodeDefault.xctoolchain/usr/lib/swift/macosx/prebuilt-modules/27.0/LocalAuthentication.swiftmodule/arm64e-apple-macos.swiftmodule /Applications/Xcode.app/Contents/Developer/Toolchains/XcodeDefault.xctoolchain/usr/lib/swift/macosx/prebuilt-modules/27.0/AVFAudio.swiftmodule/arm64e-apple-macos.swiftmodule /Applications/Xcode.app/Contents/Developer/Toolchains/XcodeDefault.xctoolchain/usr/lib/swift/macosx/prebuilt-modules/27.0/ColorSync.swiftmodule/arm64e-apple-macos.swiftmodule /Applications/Xcode.app/Contents/Developer/Toolchains/XcodeDefault.xctoolchain/usr/lib/swift/macosx/prebuilt-modules/27.0/DataDetection.swiftmodule/arm64e-apple-macos.swiftmodule /Applications/Xcode.app/Contents/Developer/Toolchains/XcodeDefault.xctoolchain/usr/lib/swift/macosx/prebuilt-modules/27.0/Network.swiftmodule/arm64e-apple-macos.swiftmodule /Applications/Xcode.app/Contents/Developer/Toolchains/XcodeDefault.xctoolchain/usr/lib/swift/macosx/prebuilt-modules/27.0/CoreGraphics.swiftmodule/arm64e-apple-macos.swiftmodule /Applications/Xcode.app/Contents/Developer/Toolchains/XcodeDefault.xctoolchain/usr/lib/swift/macosx/prebuilt-modules/27.0/Observation.swiftmodule/arm64e-apple-macos.swiftmodule /Applications/Xcode.app/Contents/Developer/Toolchains/XcodeDefault.xctoolchain/usr/lib/swift/macosx/prebuilt-modules/27.0/_Builtin_float.swiftmodule/arm64e-apple-macos.swiftmodule /Applications/Xcode.app/Contents/Developer/Toolchains/XcodeDefault.xctoolchain/usr/lib/swift/macosx/prebuilt-modules/27.0/AudioToolbox.swiftmodule/arm64e-apple-macos.swiftmodule /Applications/Xcode.app/Contents/Developer/Toolchains/XcodeDefault.xctoolchain/usr/lib/swift/macosx/prebuilt-modules/27.0/LightweightCodeRequirements.swiftmodule/arm64e-apple-macos.swiftmodule /Applications/Xcode.app/Contents/Developer/Toolchains/XcodeDefault.xctoolchain/usr/lib/swift/macosx/prebuilt-modules/27.0/Spatial.swiftmodule/arm64e-apple-macos.swiftmodule /Applications/Xcode.app/Contents/Developer/Toolchains/XcodeDefault.xctoolchain/usr/lib/swift/macosx/prebuilt-modules/27.0/QuartzCore.swiftmodule/arm64e-apple-macos.swiftmodule /Applications/Xcode.app/Contents/Developer/Toolchains/XcodeDefault.xctoolchain/usr/lib/swift/macosx/prebuilt-modules/27.0/CoreVideo.swiftmodule/arm64e-apple-macos.swiftmodule /Applications/Xcode.app/Contents/Developer/Toolchains/XcodeDefault.xctoolchain/usr/lib/swift/macosx/prebuilt-modules/27.0/_DarwinFoundation2.swiftmodule/arm64e-apple-macos.swiftmodule /Applications/Xcode.app/Contents/Developer/Toolchains/XcodeDefault.xctoolchain/usr/lib/swift/macosx/prebuilt-modules/27.0/_Concurrency.swiftmodule/arm64e-apple-macos.swiftmodule /Applications/Xcode.app/Contents/Developer/Toolchains/XcodeDefault.xctoolchain/usr/lib/swift/macosx/prebuilt-modules/27.0/Compression.swiftmodule/arm64e-apple-macos.swiftmodule /Applications/Xcode.app/Contents/Developer/Toolchains/XcodeDefault.xctoolchain/usr/lib/swift/macosx/prebuilt-modules/27.0/CoreImage.swiftmodule/arm64e-apple-macos.swiftmodule /Applications/Xcode.app/Contents/Developer/Toolchains/XcodeDefault.xctoolchain/usr/lib/swift/macosx/prebuilt-modules/27.0/Metal.swiftmodule/arm64e-apple-macos.swiftmodule /Applications/Xcode.app/Contents/Developer/Toolchains/XcodeDefault.xctoolchain/usr/lib/swift/macosx/prebuilt-modules/27.0/CoreTransferable.swiftmodule/arm64e-apple-macos.swiftmodule /Applications/Xcode.app/Contents/Developer/Toolchains/XcodeDefault.xctoolchain/usr/lib/swift/macosx/prebuilt-modules/27.0/Accelerate.swiftmodule/arm64e-apple-macos.swiftmodule /Applications/Xcode.app/Contents/Developer/Toolchains/XcodeDefault.xctoolchain/usr/lib/swift/macosx/prebuilt-modules/27.0/SwiftUICore.swiftmodule/arm64e-apple-macos.swiftmodule /Applications/Xcode.app/Contents/Developer/Toolchains/XcodeDefault.xctoolchain/usr/lib/swift/macosx/prebuilt-modules/27.0/System.swiftmodule/arm64e-apple-macos.swiftmodule /Applications/Xcode.app/Contents/Developer/Toolchains/XcodeDefault.xctoolchain/usr/lib/swift/macosx/prebuilt-modules/27.0/VideoToolbox.swiftmodule/arm64e-apple-macos.swiftmodule /Applications/Xcode.app/Contents/Developer/Toolchains/XcodeDefault.xctoolchain/usr/lib/swift/macosx/prebuilt-modules/27.0/QuickLookThumbnailing.swiftmodule/arm64e-apple-macos.swiftmodule /Applications/Xcode.app/Contents/Developer/Toolchains/XcodeDefault.xctoolchain/usr/lib/swift/macosx/prebuilt-modules/27.0/AppKit.swiftmodule/arm64e-apple-macos.swiftmodule /Applications/Xcode.app/Contents/Developer/Toolchains/XcodeDefault.xctoolchain/usr/lib/swift/macosx/prebuilt-modules/27.0/Combine.swiftmodule/arm64e-apple-macos.swiftmodule /Applications/Xcode.app/Contents/Developer/Toolchains/XcodeDefault.xctoolchain/usr/lib/swift/macosx/prebuilt-modules/27.0/ObjectiveC.swiftmodule/arm64e-apple-macos.swiftmodule /Applications/Xcode.app/Contents/Developer/Toolchains/XcodeDefault.xctoolchain/usr/lib/swift/macosx/prebuilt-modules/27.0/PDFKit.swiftmodule/arm64e-apple-macos.swiftmodule /Applications/Xcode.app/Contents/Developer/Toolchains/XcodeDefault.xctoolchain/usr/lib/swift/macosx/prebuilt-modules/27.0/_DarwinFoundation1.swiftmodule/arm64e-apple-macos.swiftmodule /Applications/Xcode.app/Contents/Developer/Toolchains/XcodeDefault.xctoolchain/usr/lib/swift/macosx/prebuilt-modules/27.0/Darwin.swiftmodule/arm64e-apple-macos.swiftmodule /Applications/Xcode.app/Contents/Developer/Toolchains/XcodeDefault.xctoolchain/usr/lib/swift/macosx/prebuilt-modules/27.0/CoreMIDI.swiftmodule/arm64e-apple-macos.swiftmodule /Applications/Xcode.app/Contents/Developer/Toolchains/XcodeDefault.xctoolchain/usr/lib/swift/macosx/prebuilt-modules/27.0/CoreText.swiftmodule/arm64e-apple-macos.swiftmodule /Applications/Xcode.app/Contents/Developer/Toolchains/XcodeDefault.xctoolchain/usr/lib/swift/macosx/prebuilt-modules/27.0/MediaToolbox.swiftmodule/arm64e-apple-macos.swiftmodule /Applications/Xcode.app/Contents/Developer/Toolchains/XcodeDefault.xctoolchain/usr/lib/swift/macosx/prebuilt-modules/27.0/Synchronization.swiftmodule/arm64e-apple-macos.swiftmodule /Applications/Xcode.app/Contents/Developer/Toolchains/XcodeDefault.xctoolchain/usr/lib/swift/macosx/prebuilt-modules/27.0/ImageIO.swiftmodule/arm64e-apple-macos.swiftmodule /Applications/Xcode.app/Contents/Developer/Toolchains/XcodeDefault.xctoolchain/usr/lib/swift/macosx/prebuilt-modules/27.0/CoreData.swiftmodule/arm64e-apple-macos.swiftmodule /Applications/Xcode.app/Contents/Developer/Toolchains/XcodeDefault.xctoolchain/usr/lib/swift/macosx/prebuilt-modules/27.0/CoreAudio.swiftmodule/arm64e-apple-macos.swiftmodule /Applications/Xcode.app/Contents/Developer/Toolchains/XcodeDefault.xctoolchain/usr/lib/swift/macosx/prebuilt-modules/27.0/CoreMedia.swiftmodule/arm64e-apple-macos.swiftmodule /Applications/Xcode.app/Contents/Developer/Toolchains/XcodeDefault.xctoolchain/usr/lib/swift/macosx/prebuilt-modules/27.0/QuickLookUI.swiftmodule/arm64e-apple-macos.swiftmodule /Applications/Xcode.app/Contents/Developer/Toolchains/XcodeDefault.xctoolchain/usr/lib/swift/macosx/prebuilt-modules/27.0/Accessibility.swiftmodule/arm64e-apple-macos.swiftmodule /Applications/Xcode.app/Contents/Developer/Toolchains/XcodeDefault.xctoolchain/usr/lib/swift/macosx/prebuilt-modules/27.0/CoreML.swiftmodule/arm64e-apple-macos.swiftmodule /Applications/Xcode.app/Contents/Developer/Toolchains/XcodeDefault.xctoolchain/usr/lib/swift/macosx/prebuilt-modules/27.0/Vision.swiftmodule/arm64e-apple-macos.swiftmodule /Applications/Xcode.app/Contents/Developer/Toolchains/XcodeDefault.xctoolchain/usr/lib/swift/macosx/prebuilt-modules/27.0/LinkPresentation.swiftmodule/arm64e-apple-macos.swiftmodule /Applications/Xcode.app/Contents/Developer/Toolchains/XcodeDefault.xctoolchain/usr/lib/swift/macosx/prebuilt-modules/27.0/os.swiftmodule/arm64e-apple-macos.swiftmodule /Applications/Xcode.app/Contents/Developer/Toolchains/XcodeDefault.xctoolchain/usr/lib/swift/macosx/prebuilt-modules/27.0/AVFoundation.swiftmodule/arm64e-apple-macos.swiftmodule /Applications/Xcode.app/Contents/Developer/Toolchains/XcodeDefault.xctoolchain/usr/lib/swift/macosx/prebuilt-modules/27.0/Dispatch.swiftmodule/arm64e-apple-macos.swiftmodule /Applications/Xcode.app/Contents/Developer/Toolchains/XcodeDefault.xctoolchain/usr/lib/swift/macosx/prebuilt-modules/27.0/IOKit.swiftmodule/arm64e-apple-macos.swiftmodule /Applications/Xcode.app/Contents/Developer/Toolchains/XcodeDefault.xctoolchain/usr/lib/swift/macosx/prebuilt-modules/27.0/UniformTypeIdentifiers.swiftmodule/arm64e-apple-macos.swiftmodule /Applications/Xcode.app/Contents/Developer/Toolchains/XcodeDefault.xctoolchain/usr/lib/swift/macosx/prebuilt-modules/27.0/XPC.swiftmodule/arm64e-apple-macos.swiftmodule /Applications/Xcode.app/Contents/Developer/Toolchains/XcodeDefault.xctoolchain/usr/lib/swift/macosx/prebuilt-modules/27.0/DeveloperToolsSupport.swiftmodule/arm64e-apple-macos.swiftmodule /Applications/Xcode.app/Contents/Developer/Toolchains/XcodeDefault.xctoolchain/usr/lib/swift/macosx/prebuilt-modules/27.0/AVKit.swiftmodule/arm64e-apple-macos.swiftmodule /Applications/Xcode.app/Contents/Developer/Toolchains/XcodeDefault.xctoolchain/usr/lib/swift/macosx/prebuilt-modules/27.0/SwiftUI.swiftmodule/arm64e-apple-macos.swiftmodule /Applications/Xcode.app/Contents/Developer/Toolchains/XcodeDefault.xctoolchain/usr/lib/swift/macosx/prebuilt-modules/27.0/Symbols.swiftmodule/arm64e-apple-macos.swiftmodule /Applications/Xcode.app/Contents/Developer/Toolchains/XcodeDefault.xctoolchain/usr/lib/swift/macosx/prebuilt-modules/27.0/OSLog.swiftmodule/arm64e-apple-macos.swiftmodule /Applications/Xcode.app/Contents/Developer/Toolchains/XcodeDefault.xctoolchain/usr/lib/swift/macosx/prebuilt-modules/27.0/CoreFoundation.swiftmodule/arm64e-apple-macos.swiftmodule /Applications/Xcode.app/Contents/Developer/Toolchains/XcodeDefault.xctoolchain/usr/lib/swift/macosx/prebuilt-modules/27.0/_StringProcessing.swiftmodule/arm64e-apple-macos.swiftmodule /Applications/Xcode.app/Contents/Developer/Toolchains/XcodeDefault.xctoolchain/usr/lib/swift/macosx/prebuilt-modules/27.0/CryptoKit.swiftmodule/arm64e-apple-macos.swiftmodule /Applications/Xcode.app/Contents/Developer/Toolchains/XcodeDefault.xctoolchain/usr/lib/swift/macosx/prebuilt-modules/27.0/Distributed.swiftmodule/arm64e-apple-macos.swiftmodule /Applications/Xcode.app/Contents/Developer/Toolchains/XcodeDefault.xctoolchain/usr/lib/swift/macosx/prebuilt-modules/27.0/_DarwinFoundation3.swiftmodule/arm64e-apple-macos.swiftmodule /Applications/Xcode.app/Contents/Developer/Toolchains/XcodeDefault.xctoolchain/usr/lib/swift/macosx/prebuilt-modules/27.0/Swift.swiftmodule/arm64e-apple-macos.swiftmodule /Applications/Xcode.app/Contents/Developer/Toolchains/XcodeDefault.xctoolchain/usr/lib/swift/macosx/prebuilt-modules/27.0/Foundation.swiftmodule/arm64e-apple-macos.swiftmodule /Users/roeylibfeld/Documents/KARI\ Creatives/DaBin/native/build/store-projects-verified-20261005T124620Z/derived-data/SDKExplicitPrecompiledModules/_DarwinFoundation3-2KXXOKJNU9L7V6Z469T2RC71G.pcm /Users/roeylibfeld/Documents/KARI\ Creatives/DaBin/native/build/store-projects-verified-20261005T124620Z/derived-data/SDKExplicitPrecompiledModules/QuickLook-7ID73G50L82KJFBGGQU0MCKKM.pcm /Users/roeylibfeld/Documents/KARI\ Creatives/DaBin/native/build/store-projects-verified-20261005T124620Z/derived-data/SDKExplicitPrecompiledModules/_Builtin_limits-58IJF8YDOFJTB6N3Z59U6NSB7.pcm /Users/roeylibfeld/Documents/KARI\ Creatives/DaBin/native/build/store-projects-verified-20261005T124620Z/derived-data/SDKExplicitPrecompiledModules/CoreGraphics-BSJ8NZW47Y685KD1FZG7KGENP.pcm /Users/roeylibfeld/Documents/KARI\ Creatives/DaBin/native/build/store-projects-verified-20261005T124620Z/derived-data/SDKExplicitPrecompiledModules/_Builtin_inttypes-APJWPGA2WAJ5S777LHOX6DS8X.pcm /Users/roeylibfeld/Documents/KARI\ Creatives/DaBin/native/build/store-projects-verified-20261005T124620Z/derived-data/SDKExplicitPrecompiledModules/QuickLookThumbnailing-54WVPDZ7DOYLBNXG2J5IJ3JG1.pcm /Users/roeylibfeld/Documents/KARI\ Creatives/DaBin/native/build/store-projects-verified-20261005T124620Z/derived-data/SDKExplicitPrecompiledModules/UserNotifications-BSG3A49F8FEIAIJUZQQECLP8A.pcm /Users/roeylibfeld/Documents/KARI\ Creatives/DaBin/native/build/store-projects-verified-20261005T124620Z/derived-data/SDKExplicitPrecompiledModules/CoreText-B2XT2QGUQD5H0LYFU9DW2WG2I.pcm /Users/roeylibfeld/Documents/KARI\ Creatives/DaBin/native/build/store-projects-verified-20261005T124620Z/derived-data/SDKExplicitPrecompiledModules/ApplicationServices-2JELH83V0LCQEQSPN3WC5XLLL.pcm /Users/roeylibfeld/Documents/KARI\ Creatives/DaBin/native/build/store-projects-verified-20261005T124620Z/derived-data/SDKExplicitPrecompiledModules/Compression-BUE9M53SSX0952MPVJ2CYA01Q.pcm /Users/roeylibfeld/Documents/KARI\ Creatives/DaBin/native/build/store-projects-verified-20261005T124620Z/derived-data/SDKExplicitPrecompiledModules/_Builtin_stdint-5MOV9K6RWW4LWU14NG7JMJGUH.pcm /Users/roeylibfeld/Documents/KARI\ Creatives/DaBin/native/build/store-projects-verified-20261005T124620Z/derived-data/SDKExplicitPrecompiledModules/_SwiftConcurrencyShims-2CQYQTOHJ8P52MI92EE5RLGCR.pcm /Users/roeylibfeld/Documents/KARI\ Creatives/DaBin/native/build/store-projects-verified-20261005T124620Z/derived-data/SDKExplicitPrecompiledModules/CoreMIDI-2AR5Y36462YE1W3E6LR5L1KDM.pcm /Users/roeylibfeld/Documents/KARI\ Creatives/DaBin/native/build/store-projects-verified-20261005T124620Z/derived-data/SDKExplicitPrecompiledModules/Vision-5VMEL3FCNR6LQUO8OL96PNBJP.pcm /Users/roeylibfeld/Documents/KARI\ Creatives/DaBin/native/build/store-projects-verified-20261005T124620Z/derived-data/SDKExplicitPrecompiledModules/ImageIO-9UBA2YTXD51AHQ5IHUW4MTZD9.pcm /Users/roeylibfeld/Documents/KARI\ Creatives/DaBin/native/build/store-projects-verified-20261005T124620Z/derived-data/SDKExplicitPrecompiledModules/Dispatch-3HNUXQEB40LLMAJ7A1UECNXSW.pcm /Users/roeylibfeld/Documents/KARI\ Creatives/DaBin/native/build/store-projects-verified-20261005T124620Z/derived-data/SDKExplicitPrecompiledModules/Cocoa-HXFI86LP5V8UG9812CREL3KF.pcm /Users/roeylibfeld/Documents/KARI\ Creatives/DaBin/native/build/store-projects-verified-20261005T124620Z/derived-data/SDKExplicitPrecompiledModules/_Builtin_stdarg-5FVJSPZ9XK35Z0WX5ZLK9E5TY.pcm /Users/roeylibfeld/Documents/KARI\ Creatives/DaBin/native/build/store-projects-verified-20261005T124620Z/derived-data/SDKExplicitPrecompiledModules/PDFKit-8HNNWIAEKF92V28AHIPHOB3PR.pcm /Users/roeylibfeld/Documents/KARI\ Creatives/DaBin/native/build/store-projects-verified-20261005T124620Z/derived-data/SDKExplicitPrecompiledModules/os-BJ7V356SDAHC677WVS21TXZ4L.pcm /Users/roeylibfeld/Documents/KARI\ Creatives/DaBin/native/build/store-projects-verified-20261005T124620Z/derived-data/SDKExplicitPrecompiledModules/string_h-CURSMFG2JS37S0K22VXOQGSFT.pcm /Users/roeylibfeld/Documents/KARI\ Creatives/DaBin/native/build/store-projects-verified-20261005T124620Z/derived-data/SDKExplicitPrecompiledModules/zlib-2322LWM0SB5NO3UK1CC69SPRT.pcm /Users/roeylibfeld/Documents/KARI\ Creatives/DaBin/native/build/store-projects-verified-20261005T124620Z/derived-data/SDKExplicitPrecompiledModules/AppKit-80DALC4PFE9WM17OF2J2LQHGK.pcm /Users/roeylibfeld/Documents/KARI\ Creatives/DaBin/native/build/store-projects-verified-20261005T124620Z/derived-data/SDKExplicitPrecompiledModules/OpenGL-BG5AVW5O79SDZGPNFPJV35GZI.pcm /Users/roeylibfeld/Documents/KARI\ Creatives/DaBin/native/build/store-projects-verified-20261005T124620Z/derived-data/SDKExplicitPrecompiledModules/os_object-3HILKSNBMN2XTJJOPFAY862Y4.pcm /Users/roeylibfeld/Documents/KARI\ Creatives/DaBin/native/build/store-projects-verified-20261005T124620Z/derived-data/SDKExplicitPrecompiledModules/CoreImage-BADESRCL5X7UJBJZ8Q1ATQO0O.pcm /Users/roeylibfeld/Documents/KARI\ Creatives/DaBin/native/build/store-projects-verified-20261005T124620Z/derived-data/SDKExplicitPrecompiledModules/Security-11PQ6UN3KWWL5OOSHPODVNN6N.pcm /Users/roeylibfeld/Documents/KARI\ Creatives/DaBin/native/build/store-projects-verified-20261005T124620Z/derived-data/SDKExplicitPrecompiledModules/IOKit-C0LTLTB6LKXMXAW3MVLWZSEBO.pcm /Users/roeylibfeld/Documents/KARI\ Creatives/DaBin/native/build/store-projects-verified-20261005T124620Z/derived-data/SDKExplicitPrecompiledModules/LocalAuthentication-5GZ4ASJONOWXF8V8HTRONXKB7.pcm /Users/roeylibfeld/Documents/KARI\ Creatives/DaBin/native/build/store-projects-verified-20261005T124620Z/derived-data/SDKExplicitPrecompiledModules/_DarwinFoundation1-25YC7FJXN6L9RO0WY6Q14OVH5.pcm /Users/roeylibfeld/Documents/KARI\ Creatives/DaBin/native/build/store-projects-verified-20261005T124620Z/derived-data/SDKExplicitPrecompiledModules/_Builtin_stdatomic-4RUVFFN049UYINTW77NX3TL4N.pcm /Users/roeylibfeld/Documents/KARI\ Creatives/DaBin/native/build/store-projects-verified-20261005T124620Z/derived-data/SDKExplicitPrecompiledModules/AudioToolbox-1W4G2AK1A1MY9YNM6QGJNX67N.pcm /Users/roeylibfeld/Documents/KARI\ Creatives/DaBin/native/build/store-projects-verified-20261005T124620Z/derived-data/SDKExplicitPrecompiledModules/ptrauth-CU44Z4GEJJUYZML4LNAUFY8V4.pcm /Users/roeylibfeld/Documents/KARI\ Creatives/DaBin/native/build/store-projects-verified-20261005T124620Z/derived-data/SDKExplicitPrecompiledModules/UniformTypeIdentifiers-3CXK4D1BMVZWCCVEWPP1H2K93.pcm /Users/roeylibfeld/Documents/KARI\ Creatives/DaBin/native/build/store-projects-verified-20261005T124620Z/derived-data/SDKExplicitPrecompiledModules/AVFoundation-DR9CCKR5VQ1686ANZOYPSZL0D.pcm /Users/roeylibfeld/Documents/KARI\ Creatives/DaBin/native/build/store-projects-verified-20261005T124620Z/derived-data/SDKExplicitPrecompiledModules/ObjectiveC-CNW8Z28XF6AUYA58RLN41C71V.pcm /Users/roeylibfeld/Documents/KARI\ Creatives/DaBin/native/build/store-projects-verified-20261005T124620Z/derived-data/SDKExplicitPrecompiledModules/Network-ESHF10ALNGI2TMDO66PIPWFV9.pcm /Users/roeylibfeld/Documents/KARI\ Creatives/DaBin/native/build/store-projects-verified-20261005T124620Z/derived-data/SDKExplicitPrecompiledModules/LinkPresentation-F2Q1KPKKA3H47AARCAYPHG92O.pcm /Users/roeylibfeld/Documents/KARI\ Creatives/DaBin/native/build/store-projects-verified-20261005T124620Z/derived-data/SDKExplicitPrecompiledModules/DataDetection-AB8TURT3NBIL2JF9H5IKKUWZK.pcm /Users/roeylibfeld/Documents/KARI\ Creatives/DaBin/native/build/store-projects-verified-20261005T124620Z/derived-data/SDKExplicitPrecompiledModules/DiskArbitration-9OQRQ0RHCOCQN39ZJGTMU47LG.pcm /Users/roeylibfeld/Documents/KARI\ Creatives/DaBin/native/build/store-projects-verified-20261005T124620Z/derived-data/SDKExplicitPrecompiledModules/ptrcheck-1CQ1C1Y9LTY13BB7WU50VYI1J.pcm /Users/roeylibfeld/Documents/KARI\ Creatives/DaBin/native/build/store-projects-verified-20261005T124620Z/derived-data/SDKExplicitPrecompiledModules/MachO-66NO5WEVCVWR6AQD47AOSM3R2.pcm /Users/roeylibfeld/Documents/KARI\ Creatives/DaBin/native/build/store-projects-verified-20261005T124620Z/derived-data/SDKExplicitPrecompiledModules/CoreAudioTypes-5NMRDCG1UZ5DWVQH85B1ELV4N.pcm /Users/roeylibfeld/Documents/KARI\ Creatives/DaBin/native/build/store-projects-verified-20261005T124620Z/derived-data/SDKExplicitPrecompiledModules/CoreVideo-59LK8IZWDW7PHH6EEG2UW40SE.pcm /Users/roeylibfeld/Documents/KARI\ Creatives/DaBin/native/build/store-projects-verified-20261005T124620Z/derived-data/SDKExplicitPrecompiledModules/libDER-7AXYKL203QCX7O9UM50QMUTTL.pcm /Users/roeylibfeld/Documents/KARI\ Creatives/DaBin/native/build/store-projects-verified-20261005T124620Z/derived-data/SDKExplicitPrecompiledModules/ColorSync-2IZ17JT1PIJRAM3V1S69XJQW9.pcm /Users/roeylibfeld/Documents/KARI\ Creatives/DaBin/native/build/store-projects-verified-20261005T124620Z/derived-data/SDKExplicitPrecompiledModules/SwiftUI-4SZ5FE0Z9RGR740GVXNSLUZUQ.pcm /Users/roeylibfeld/Documents/KARI\ Creatives/DaBin/native/build/store-projects-verified-20261005T124620Z/derived-data/SDKExplicitPrecompiledModules/SwiftShims-7TMOJGR94I3W3O60JIYP77Y7S.pcm /Users/roeylibfeld/Documents/KARI\ Creatives/DaBin/native/build/store-projects-verified-20261005T124620Z/derived-data/SDKExplicitPrecompiledModules/_Builtin_stdbool-33267FEMAL5QOSQTEUHWGHJPU.pcm /Users/roeylibfeld/Documents/KARI\ Creatives/DaBin/native/build/store-projects-verified-20261005T124620Z/derived-data/SDKExplicitPrecompiledModules/Darwin-9RS8QDZI7AI725FU19OA9ULB2.pcm /Users/roeylibfeld/Documents/KARI\ Creatives/DaBin/native/build/store-projects-verified-20261005T124620Z/derived-data/SDKExplicitPrecompiledModules/Accelerate-222DBN3SKSWKXJUPFD5YIZEM7.pcm /Users/roeylibfeld/Documents/KARI\ Creatives/DaBin/native/build/store-projects-verified-20261005T124620Z/derived-data/SDKExplicitPrecompiledModules/SwiftUICore-AZ7AMA6J77HI9BN6BU4CORARA.pcm /Users/roeylibfeld/Documents/KARI\ Creatives/DaBin/native/build/store-projects-verified-20261005T124620Z/derived-data/SDKExplicitPrecompiledModules/IOSurface-2KAE1QSQWCHYASZHGLP0NJ4QE.pcm /Users/roeylibfeld/Documents/KARI\ Creatives/DaBin/native/build/store-projects-verified-20261005T124620Z/derived-data/SDKExplicitPrecompiledModules/CoreAudio-30F8MHY7DQ4WMP7ZOR34LQ8LU.pcm /Users/roeylibfeld/Documents/KARI\ Creatives/DaBin/native/build/store-projects-verified-20261005T124620Z/derived-data/SDKExplicitPrecompiledModules/Foundation-61K1YWIAYT8LUOODKZSJ6X0DW.pcm /Users/roeylibfeld/Documents/KARI\ Creatives/DaBin/native/build/store-projects-verified-20261005T124620Z/derived-data/SDKExplicitPrecompiledModules/OSLog-7Y3PD2QZKSBRQYP13SDF90JGS.pcm /Users/roeylibfeld/Documents/KARI\ Creatives/DaBin/native/build/store-projects-verified-20261005T124620Z/derived-data/SDKExplicitPrecompiledModules/Metal-2JQ2KNDQKYXN1EARRBCJCEPBN.pcm /Users/roeylibfeld/Documents/KARI\ Creatives/DaBin/native/build/store-projects-verified-20261005T124620Z/derived-data/SDKExplicitPrecompiledModules/dnssd-EKC8Q4O6236PZW3FJX7LM626A.pcm /Users/roeylibfeld/Documents/KARI\ Creatives/DaBin/native/build/store-projects-verified-20261005T124620Z/derived-data/SDKExplicitPrecompiledModules/Accessibility-5MK2HBK4RCLHVL58Z7B8GD175.pcm /Users/roeylibfeld/Documents/KARI\ Creatives/DaBin/native/build/store-projects-verified-20261005T124620Z/derived-data/SDKExplicitPrecompiledModules/_AvailabilityInternal-D8TX7AP0YES60UVPZZJ991S87.pcm /Users/roeylibfeld/Documents/KARI\ Creatives/DaBin/native/build/store-projects-verified-20261005T124620Z/derived-data/SDKExplicitPrecompiledModules/CUPS-EFGNBV7TDW2U62ARQGAYA9YNM.pcm /Users/roeylibfeld/Documents/KARI\ Creatives/DaBin/native/build/store-projects-verified-20261005T124620Z/derived-data/SDKExplicitPrecompiledModules/DeveloperToolsSupport-IAUBK0P3XLOU4IDQ0EW8TPOE.pcm /Users/roeylibfeld/Documents/KARI\ Creatives/DaBin/native/build/store-projects-verified-20261005T124620Z/derived-data/SDKExplicitPrecompiledModules/ExtensionFoundation-E56ZR5NY1VT8F4Z49CJWRPHB4.pcm /Users/roeylibfeld/Documents/KARI\ Creatives/DaBin/native/build/store-projects-verified-20261005T124620Z/derived-data/SDKExplicitPrecompiledModules/_Builtin_tgmath-12ZOF913HE0K1JVG1W609F6J5.pcm /Users/roeylibfeld/Documents/KARI\ Creatives/DaBin/native/build/store-projects-verified-20261005T124620Z/derived-data/SDKExplicitPrecompiledModules/AVFAudio-32X49I4TMH3AOEQ0E9OZ8L8UA.pcm /Users/roeylibfeld/Documents/KARI\ Creatives/DaBin/native/build/store-projects-verified-20261005T124620Z/derived-data/SDKExplicitPrecompiledModules/simd-2H3XNI0WDH96X7LCG0ZF4QWFH.pcm /Users/roeylibfeld/Documents/KARI\ Creatives/DaBin/native/build/store-projects-verified-20261005T124620Z/derived-data/SDKExplicitPrecompiledModules/MediaToolbox-43NGL9RG6Q7OYUPKOJY791PPT.pcm /Users/roeylibfeld/Documents/KARI\ Creatives/DaBin/native/build/store-projects-verified-20261005T124620Z/derived-data/SDKExplicitPrecompiledModules/CFNetwork-11OJ5T4FQ948U90DOXHVE3RNJ.pcm /Users/roeylibfeld/Documents/KARI\ Creatives/DaBin/native/build/store-projects-verified-20261005T124620Z/derived-data/SDKExplicitPrecompiledModules/os_workgroup-9CUBZIP23EOZ5XU3APU3SX8CI.pcm /Users/roeylibfeld/Documents/KARI\ Creatives/DaBin/native/build/store-projects-verified-20261005T124620Z/derived-data/SDKExplicitPrecompiledModules/QuartzCore-1FDSJ2YLFQZTDQ8L3HWSQ7JEF.pcm /Users/roeylibfeld/Documents/KARI\ Creatives/DaBin/native/build/store-projects-verified-20261005T124620Z/derived-data/SDKExplicitPrecompiledModules/_Builtin_float-ERTZQVH9EJ4T48YLDS1RIJ93D.pcm /Users/roeylibfeld/Documents/KARI\ Creatives/DaBin/native/build/store-projects-verified-20261005T124620Z/derived-data/SDKExplicitPrecompiledModules/Spatial-2CJ0YP9J02IGX9IOXEXBZLWKC.pcm /Users/roeylibfeld/Documents/KARI\ Creatives/DaBin/native/build/store-projects-verified-20261005T124620Z/derived-data/SDKExplicitPrecompiledModules/CoreML-67XKC1CXPUDI2EPEDKM7WXVGX.pcm /Users/roeylibfeld/Documents/KARI\ Creatives/DaBin/native/build/store-projects-verified-20261005T124620Z/derived-data/SDKExplicitPrecompiledModules/CoreTransferable-9QHABLSM7UC4XMFYQ5VJGGWDU.pcm /Users/roeylibfeld/Documents/KARI\ Creatives/DaBin/native/build/store-projects-verified-20261005T124620Z/derived-data/SDKExplicitPrecompiledModules/CoreData-M9D70SNEUVAGC1GF393UARE6.pcm /Users/roeylibfeld/Documents/KARI\ Creatives/DaBin/native/build/store-projects-verified-20261005T124620Z/derived-data/SDKExplicitPrecompiledModules/_Builtin_stddef-4SRIK1SJU1M0NO0WIF7CIDRDH.pcm /Users/roeylibfeld/Documents/KARI\ Creatives/DaBin/native/build/store-projects-verified-20261005T124620Z/derived-data/SDKExplicitPrecompiledModules/_DarwinFoundation2-AZ67YPJF1BZTUI2I891R1YTZC.pcm /Users/roeylibfeld/Documents/KARI\ Creatives/DaBin/native/build/store-projects-verified-20261005T124620Z/derived-data/SDKExplicitPrecompiledModules/CoreMedia-ANFFKIHZDV5872UL749OBQCQ3.pcm /Users/roeylibfeld/Documents/KARI\ Creatives/DaBin/native/build/store-projects-verified-20261005T124620Z/derived-data/SDKExplicitPrecompiledModules/libkern-61KB9S8UJXP8HGVB3QKT2K6VM.pcm /Users/roeylibfeld/Documents/KARI\ Creatives/DaBin/native/build/store-projects-verified-20261005T124620Z/derived-data/SDKExplicitPrecompiledModules/sys_types-4RJTTL5MW8HCPM1K7NUBQPJUA.pcm /Users/roeylibfeld/Documents/KARI\ Creatives/DaBin/native/build/store-projects-verified-20261005T124620Z/derived-data/SDKExplicitPrecompiledModules/Symbols-1Z4MIM81QS6MXNMZDGIT1NGY8.pcm /Users/roeylibfeld/Documents/KARI\ Creatives/DaBin/native/build/store-projects-verified-20261005T124620Z/derived-data/SDKExplicitPrecompiledModules/CoreFoundation-7UIPHTD0UE5EA6XELOU28KMBL.pcm /Users/roeylibfeld/Documents/KARI\ Creatives/DaBin/native/build/store-projects-verified-20261005T124620Z/derived-data/SDKExplicitPrecompiledModules/QuickLookUI-4ZM4WL0CNR31YQ7IELGWKHKE3.pcm /Users/roeylibfeld/Documents/KARI\ Creatives/DaBin/native/build/store-projects-verified-20261005T124620Z/derived-data/SDKExplicitPrecompiledModules/VideoToolbox-2FDKLF08TXHQ6IG6GVVI15I7X.pcm /Users/roeylibfeld/Documents/KARI\ Creatives/DaBin/native/build/store-projects-verified-20261005T124620Z/derived-data/SDKExplicitPrecompiledModules/launch-63WUKMDXKJE0VHYYVJVVQXH9G.pcm /Users/roeylibfeld/Documents/KARI\ Creatives/DaBin/native/build/store-projects-verified-20261005T124620Z/derived-data/SDKExplicitPrecompiledModules/XPC-EWK89KIASY0QFPMJ6W1HR0UCF.pcm /Users/roeylibfeld/Documents/KARI\ Creatives/DaBin/native/build/store-projects-verified-20261005T124620Z/derived-data/SDKExplicitPrecompiledModules/Carbon-9SLWS8V8S0MW38T5Z4FT33FY0.pcm /Users/roeylibfeld/Documents/KARI\ Creatives/DaBin/native/build/store-projects-verified-20261005T124620Z/derived-data/SDKExplicitPrecompiledModules/_Builtin_intrinsics-BCAWMCFJCVXQR5CCO0BZMPNRV.pcm /Users/roeylibfeld/Documents/KARI\ Creatives/DaBin/native/build/store-projects-verified-20261005T124620Z/derived-data/SDKExplicitPrecompiledModules/CoreServices-2DN9G7X4J782R63KFF57IYZSO.pcm /Users/roeylibfeld/Documents/KARI\ Creatives/DaBin/native/build/store-projects-verified-20261005T124620Z/derived-data/SDKExplicitPrecompiledModules/AVKit-7EQR4IFY3COURRJJS9M9DJS2B.pcm /Users/roeylibfeld/Documents/KARI\ Creatives/DaBin/native/build/store-projects-verified-20261005T124620Z/derived-data/Build/Intermediates.noindex/DaBin.build/Release/DaBin.build/Objects-normal/arm64/DaBin-dependencies-1.json (in target 'DaBin' from project 'DaBin')

SwiftCompile normal arm64 (in target 'DaBin' from project 'DaBin')
    cd /Users/roeylibfeld/Documents/KARI\ Creatives/DaBin/native
    

SwiftDriverJobDiscovery normal arm64 Compiling AccessibilityAnnouncement.swift, AppDelegate.swift, AppState.swift, ApplicationCoordinator.swift, ApplicationMenu.swift, ArchiveBackup.swift, AutoCaptureFingerprint.swift, AutoCaptureRobotCelebration.swift, AutoCaptureRobotPresenter.swift, AutoCaptureService.swift, AutoCaptureSettings.swift, AutoCaptureSignMotion.swift, AutoCaptureSignRouting.swift, AutoCaptureSignView.swift, AutoRecordIndicator.swift, BoardComponents.swift, BoardResizeGeometry.swift, BoardView.swift, BoardWindowChrome.swift, BoredRobotView.swift, BuddyControls.swift, CaptureAnnotations.swift, CaptureCardGroup.swift, CaptureCards.swift, CaptureClipboard.swift, CaptureCopyButton.swift, CaptureDetailPanels.swift, CaptureExtendedCanvas.swift, CaptureExtendedWindow.swift, CaptureFilterStrip.swift, CaptureInboxActions.swift, CapturePresentation.swift, CapturePreviews.swift, CaptureProvenance.swift, CaptureRemoval.swift, CaptureRepository.swift, CaptureSourceView.swift, CaptureStore.swift, CaptureTrailView.swift, ClipboardRetentionService.swift, ClipboardRetentionSettings.swift, CollectionPreviewMosaic.swift, ContentIndexService.swift, CornerController.swift, DaBinLogo.swift, DaBinMain.swift, DailyArchive.swift, DailyCaptureView.swift, DailyScreen.swift, DayExport.swift, DayExportUI.swift, DetailScreen.swift, Domain.swift, DraftArchive.swift, ExplorerItems.swift, ExplorerQuery.swift, ExplorerScreen.swift, ExplorerTransfer.swift, ExplorerViewport.swift, FittedPDFPreview.swift, GroupedCaptureCard.swift, HourlyCaptureCard.swift, HourlyCaptureFeed.swift, HoverTooltips.swift, InboxScreen.swift, InputService.swift, IslandRobotChoreography.swift, LibraryScreen.swift, LocalDOCXTextExtractor.swift, NativeContentDrag.swift, NavigationHistory.swift, NewNoteScreen.swift, OriginalFileStorage.swift, PreviewRequest.swift, PreviewService.swift, PrivacyInformation.swift, ProjectFileArchive.swift, ProjectPickerView.swift, ProjectWorkspaceCard.swift, ProjectWorkspaceExport.swift, ProjectWorkspaceState.swift, ProjectWorkspaceTasks.swift, ProjectWorkspaceView.swift, QuickAccess.swift, QuietOrbitGeometry.swift, QuietOrbitVisualStyle.swift, ReminderAlertCoordinator.swift, ReminderClockEditor.swift, ReminderLifecycle.swift, ReminderSchedule.swift, ReminderService.swift, RemindersScreen.swift, RobotAppFrameView.swift, RobotCharacterView.swift, RobotLifecycle.swift, RobotMotion.swift, RobotPlacementSettings.swift, RobotProjectSignView.swift, RobotView.swift, ScratchpadView.swift, ScreenshotFolderMonitor.swift, SearchColumnViewport.swift, SearchDateBoard.swift, SearchResultCard.swift, SearchScreen.swift, SettingsScreen.swift, ShelfCaptureController.swift, ShelfExport.swift, SoftwareUpdateService.swift, StatusBarController.swift, TaskAttachmentsView.swift, TaskEditorScreen.swift, TaskFocusControls.swift, TaskFocusSession.swift, TaskPlanning.swift, TaskPlanningEditor.swift, TaskTimerAlarmMotion.swift, TaskTimerRobotPresenter.swift, TaskTimerRobotView.swift, ThemeSettings.swift, TimelineCalendarPicker.swift, TodayPlanningScreen.swift, TodayTaskCard.swift, TransientMessagePresentation.swift, TrashScreen.swift, UpdateHandoff.swift, WeeklyDateSelection.swift, WeeklyScopeActions.swift, WeeklyScreen.swift, WindowDragHandle.swift, WorkspaceClipboard.swift, WorkspaceInput.swift, WorkspaceItemCard.swift, WorkspaceQuery.swift, WorkspaceStore.swift, WorkspaceZoom.swift, WorkspaceZoomLayout.swift, WorkspaceZoomScrollAnchor.swift (in target 'DaBin' from project 'DaBin')

SwiftDriver\ Compilation\ Requirements DaBin normal arm64 com.apple.xcode.tools.swift.compiler (in target 'DaBin' from project 'DaBin')
    cd /Users/roeylibfeld/Documents/KARI\ Creatives/DaBin/native
    builtin-Swift-Compilation-Requirements -- /Applications/Xcode.app/Contents/Developer/Toolchains/XcodeDefault.xctoolchain/usr/bin/swiftc -module-name DaBin -O -whole-module-optimization @/Users/roeylibfeld/Documents/KARI\ Creatives/DaBin/native/build/store-projects-verified-20261005T124620Z/derived-data/Build/Intermediates.noindex/DaBin.build/Release/DaBin.build/Objects-normal/arm64/DaBin.SwiftFileList -enable-bare-slash-regex -enable-experimental-feature DebugDescriptionMacro -sdk /Applications/Xcode.app/Contents/Developer/Platforms/MacOSX.platform/Developer/SDKs/MacOSX27.0.sdk -target arm64-apple-macos14.0 -g -module-cache-path /Users/roeylibfeld/Documents/KARI\ Creatives/DaBin/native/build/store-projects-verified-20261005T124620Z/derived-data/ModuleCache.noindex -Xfrontend -serialize-debugging-options -warnings-as-errors -swift-version 5 -I /Users/roeylibfeld/Documents/KARI\ Creatives/DaBin/native/build/store-projects-verified-20261005T124620Z/derived-data/Build/Products/Release -F /Users/roeylibfeld/Documents/KARI\ Creatives/DaBin/native/build/store-projects-verified-20261005T124620Z/derived-data/Build/Products/Release -c -num-threads 15 -Xcc -ivfsstatcache -Xcc /Users/roeylibfeld/Documents/KARI\ Creatives/DaBin/native/build/store-projects-verified-20261005T124620Z/derived-data/SDKStatCaches.noindex/macosx27.0-26A425-7231f6df4def33e022ae2eb8f782df1a.sdkstatcache -output-file-map /Users/roeylibfeld/Documents/KARI\ Creatives/DaBin/native/build/store-projects-verified-20261005T124620Z/derived-data/Build/Intermediates.noindex/DaBin.build/Release/DaBin.build/Objects-normal/arm64/DaBin-OutputFileMap.json -save-temps -no-color-diagnostics -explicit-module-build -module-cache-path /Users/roeylibfeld/Documents/KARI\ Creatives/DaBin/native/build/store-projects-verified-20261005T124620Z/derived-data/Build/Intermediates.noindex/SwiftExplicitPrecompiledModules -clang-scanner-module-cache-path /Users/roeylibfeld/Documents/KARI\ Creatives/DaBin/native/build/store-projects-verified-20261005T124620Z/derived-data/ModuleCache.noindex -sdk-module-cache-path /Users/roeylibfeld/Documents/KARI\ Creatives/DaBin/native/build/store-projects-verified-20261005T124620Z/derived-data/SDKExplicitPrecompiledModules -emit-dependencies -emit-module -emit-module-path /Users/roeylibfeld/Documents/KARI\ Creatives/DaBin/native/build/store-projects-verified-20261005T124620Z/derived-data/Build/Intermediates.noindex/DaBin.build/Release/DaBin.build/Objects-normal/arm64/DaBin.swiftmodule -serialize-diagnostics -dependency-scan-serialize-diagnostics-path /Users/roeylibfeld/Documents/KARI\ Creatives/DaBin/native/build/store-projects-verified-20261005T124620Z/derived-data/Build/Intermediates.noindex/DaBin.build/Release/DaBin.build/Objects-normal/arm64/DaBin-dependency-scan.dia -validate-clang-modules-once -clang-build-session-file /Users/roeylibfeld/Documents/KARI\ Creatives/DaBin/native/build/store-projects-verified-20261005T124620Z/derived-data/ModuleCache.noindex/Session.modulevalidation -Xcc -fmodules-prune-interval\=86400 -Xcc -fmodules-prune-after\=345600 -emit-const-values -const-gather-protocols-list /Users/roeylibfeld/Documents/KARI\ Creatives/DaBin/native/build/store-projects-verified-20261005T124620Z/derived-data/Build/Intermediates.noindex/DaBin.build/Release/DaBin.build/Objects-normal/arm64/DaBin_const_extract_protocols.json -Xcc -iquote -Xcc /Users/roeylibfeld/Documents/KARI\ Creatives/DaBin/native/build/store-projects-verified-20261005T124620Z/derived-data/Build/Intermediates.noindex/DaBin.build/Release/DaBin.build/DaBin-generated-files.hmap -Xcc -I/Users/roeylibfeld/Documents/KARI\ Creatives/DaBin/native/build/store-projects-verified-20261005T124620Z/derived-data/Build/Intermediates.noindex/DaBin.build/Release/DaBin.build/DaBin-own-target-headers.hmap -Xcc -I/Users/roeylibfeld/Documents/KARI\ Creatives/DaBin/native/build/store-projects-verified-20261005T124620Z/derived-data/Build/Intermediates.noindex/DaBin.build/Release/DaBin.build/DaBin-all-target-headers.hmap -Xcc -iquote -Xcc /Users/roeylibfeld/Documents/KARI\ Creatives/DaBin/native/build/store-projects-verified-20261005T124620Z/derived-data/Build/Intermediates.noindex/DaBin.build/Release/DaBin.build/DaBin-project-headers.hmap -Xcc -I/Users/roeylibfeld/Documents/KARI\ Creatives/DaBin/native/build/store-projects-verified-20261005T124620Z/derived-data/Build/Products/Release/include -Xcc -I/Users/roeylibfeld/Documents/KARI\ Creatives/DaBin/native/build/store-projects-verified-20261005T124620Z/derived-data/Build/Intermediates.noindex/DaBin.build/Release/DaBin.build/DerivedSources-normal/arm64 -Xcc -I/Users/roeylibfeld/Documents/KARI\ Creatives/DaBin/native/build/store-projects-verified-20261005T124620Z/derived-data/Build/Intermediates.noindex/DaBin.build/Release/DaBin.build/DerivedSources/arm64 -Xcc -I/Users/roeylibfeld/Documents/KARI\ Creatives/DaBin/native/build/store-projects-verified-20261005T124620Z/derived-data/Build/Intermediates.noindex/DaBin.build/Release/DaBin.build/DerivedSources -emit-objc-header -emit-objc-header-path /Users/roeylibfeld/Documents/KARI\ Creatives/DaBin/native/build/store-projects-verified-20261005T124620Z/derived-data/Build/Intermediates.noindex/DaBin.build/Release/DaBin.build/Objects-normal/arm64/DaBin-Swift.h -working-directory /Users/roeylibfeld/Documents/KARI\ Creatives/DaBin/native -no-emit-module-separately-wmo

SwiftMergeGeneratedHeaders /Users/roeylibfeld/Documents/KARI\ Creatives/DaBin/native/build/store-projects-verified-20261005T124620Z/derived-data/Build/Intermediates.noindex/DaBin.build/Release/DaBin.build/DerivedSources/DaBin-Swift.h /Users/roeylibfeld/Documents/KARI\ Creatives/DaBin/native/build/store-projects-verified-20261005T124620Z/derived-data/Build/Intermediates.noindex/DaBin.build/Release/DaBin.build/Objects-normal/arm64/DaBin-Swift.h (in target 'DaBin' from project 'DaBin')
    cd /Users/roeylibfeld/Documents/KARI\ Creatives/DaBin/native
    builtin-swiftHeaderTool -arch arm64 /Users/roeylibfeld/Documents/KARI\ Creatives/DaBin/native/build/store-projects-verified-20261005T124620Z/derived-data/Build/Intermediates.noindex/DaBin.build/Release/DaBin.build/Objects-normal/arm64/DaBin-Swift.h -o /Users/roeylibfeld/Documents/KARI\ Creatives/DaBin/native/build/store-projects-verified-20261005T124620Z/derived-data/Build/Intermediates.noindex/DaBin.build/Release/DaBin.build/DerivedSources/DaBin-Swift.h

Copy /Users/roeylibfeld/Documents/KARI\ Creatives/DaBin/native/build/store-projects-verified-20261005T124620Z/derived-data/Build/Products/Release/DaBin.swiftmodule/arm64-apple-macos.swiftdoc /Users/roeylibfeld/Documents/KARI\ Creatives/DaBin/native/build/store-projects-verified-20261005T124620Z/derived-data/Build/Intermediates.noindex/DaBin.build/Release/DaBin.build/Objects-normal/arm64/DaBin.swiftdoc (in target 'DaBin' from project 'DaBin')
    cd /Users/roeylibfeld/Documents/KARI\ Creatives/DaBin/native
    builtin-copy -exclude .DS_Store -exclude CVS -exclude .svn -exclude .git -exclude .hg -strip-unsigned-binaries -strip-deterministic -strip-tool /Applications/Xcode.app/Contents/Developer/Toolchains/XcodeDefault.xctoolchain/usr/bin/strip -resolve-src-symlinks -rename /Users/roeylibfeld/Documents/KARI\ Creatives/DaBin/native/build/store-projects-verified-20261005T124620Z/derived-data/Build/Intermediates.noindex/DaBin.build/Release/DaBin.build/Objects-normal/arm64/DaBin.swiftdoc /Users/roeylibfeld/Documents/KARI\ Creatives/DaBin/native/build/store-projects-verified-20261005T124620Z/derived-data/Build/Products/Release/DaBin.swiftmodule/arm64-apple-macos.swiftdoc

Copy /Users/roeylibfeld/Documents/KARI\ Creatives/DaBin/native/build/store-projects-verified-20261005T124620Z/derived-data/Build/Products/Release/DaBin.swiftmodule/arm64-apple-macos.swiftmodule /Users/roeylibfeld/Documents/KARI\ Creatives/DaBin/native/build/store-projects-verified-20261005T124620Z/derived-data/Build/Intermediates.noindex/DaBin.build/Release/DaBin.build/Objects-normal/arm64/DaBin.swiftmodule (in target 'DaBin' from project 'DaBin')
    cd /Users/roeylibfeld/Documents/KARI\ Creatives/DaBin/native
    builtin-copy -exclude .DS_Store -exclude CVS -exclude .svn -exclude .git -exclude .hg -strip-unsigned-binaries -strip-deterministic -strip-tool /Applications/Xcode.app/Contents/Developer/Toolchains/XcodeDefault.xctoolchain/usr/bin/strip -resolve-src-symlinks -rename /Users/roeylibfeld/Documents/KARI\ Creatives/DaBin/native/build/store-projects-verified-20261005T124620Z/derived-data/Build/Intermediates.noindex/DaBin.build/Release/DaBin.build/Objects-normal/arm64/DaBin.swiftmodule /Users/roeylibfeld/Documents/KARI\ Creatives/DaBin/native/build/store-projects-verified-20261005T124620Z/derived-data/Build/Products/Release/DaBin.swiftmodule/arm64-apple-macos.swiftmodule

Copy /Users/roeylibfeld/Documents/KARI\ Creatives/DaBin/native/build/store-projects-verified-20261005T124620Z/derived-data/Build/Products/Release/DaBin.swiftmodule/arm64-apple-macos.abi.json /Users/roeylibfeld/Documents/KARI\ Creatives/DaBin/native/build/store-projects-verified-20261005T124620Z/derived-data/Build/Intermediates.noindex/DaBin.build/Release/DaBin.build/Objects-normal/arm64/DaBin.abi.json (in target 'DaBin' from project 'DaBin')
    cd /Users/roeylibfeld/Documents/KARI\ Creatives/DaBin/native
    builtin-copy -exclude .DS_Store -exclude CVS -exclude .svn -exclude .git -exclude .hg -strip-unsigned-binaries -strip-deterministic -strip-tool /Applications/Xcode.app/Contents/Developer/Toolchains/XcodeDefault.xctoolchain/usr/bin/strip -resolve-src-symlinks -rename /Users/roeylibfeld/Documents/KARI\ Creatives/DaBin/native/build/store-projects-verified-20261005T124620Z/derived-data/Build/Intermediates.noindex/DaBin.build/Release/DaBin.build/Objects-normal/arm64/DaBin.abi.json /Users/roeylibfeld/Documents/KARI\ Creatives/DaBin/native/build/store-projects-verified-20261005T124620Z/derived-data/Build/Products/Release/DaBin.swiftmodule/arm64-apple-macos.abi.json

Copy /Users/roeylibfeld/Documents/KARI\ Creatives/DaBin/native/build/store-projects-verified-20261005T124620Z/derived-data/Build/Products/Release/DaBin.swiftmodule/Project/arm64-apple-macos.swiftsourceinfo /Users/roeylibfeld/Documents/KARI\ Creatives/DaBin/native/build/store-projects-verified-20261005T124620Z/derived-data/Build/Intermediates.noindex/DaBin.build/Release/DaBin.build/Objects-normal/arm64/DaBin.swiftsourceinfo (in target 'DaBin' from project 'DaBin')
    cd /Users/roeylibfeld/Documents/KARI\ Creatives/DaBin/native
    builtin-copy -exclude .DS_Store -exclude CVS -exclude .svn -exclude .git -exclude .hg -strip-unsigned-binaries -strip-deterministic -strip-tool /Applications/Xcode.app/Contents/Developer/Toolchains/XcodeDefault.xctoolchain/usr/bin/strip -resolve-src-symlinks -rename /Users/roeylibfeld/Documents/KARI\ Creatives/DaBin/native/build/store-projects-verified-20261005T124620Z/derived-data/Build/Intermediates.noindex/DaBin.build/Release/DaBin.build/Objects-normal/arm64/DaBin.swiftsourceinfo /Users/roeylibfeld/Documents/KARI\ Creatives/DaBin/native/build/store-projects-verified-20261005T124620Z/derived-data/Build/Products/Release/DaBin.swiftmodule/Project/arm64-apple-macos.swiftsourceinfo

Ld /Users/roeylibfeld/Documents/KARI\ Creatives/DaBin/native/build/store-projects-verified-20261005T124620Z/derived-data/Build/Products/Release/DaBin.app/Contents/MacOS/DaBin normal (in target 'DaBin' from project 'DaBin')
    cd /Users/roeylibfeld/Documents/KARI\ Creatives/DaBin/native
    /Applications/Xcode.app/Contents/Developer/Toolchains/XcodeDefault.xctoolchain/usr/bin/clang -Xlinker -reproducible -target arm64-apple-macos14.0 -isysroot /Applications/Xcode.app/Contents/Developer/Platforms/MacOSX.platform/Developer/SDKs/MacOSX27.0.sdk -Os -Xlinker -no_warn_duplicate_libraries -L/Users/roeylibfeld/Documents/KARI\ Creatives/DaBin/native/build/store-projects-verified-20261005T124620Z/derived-data/Build/Intermediates.noindex/EagerLinkingTBDs/Release -L/Users/roeylibfeld/Documents/KARI\ Creatives/DaBin/native/build/store-projects-verified-20261005T124620Z/derived-data/Build/Products/Release -F/Users/roeylibfeld/Documents/KARI\ Creatives/DaBin/native/build/store-projects-verified-20261005T124620Z/derived-data/Build/Intermediates.noindex/EagerLinkingTBDs/Release -F/Users/roeylibfeld/Documents/KARI\ Creatives/DaBin/native/build/store-projects-verified-20261005T124620Z/derived-data/Build/Products/Release -filelist /Users/roeylibfeld/Documents/KARI\ Creatives/DaBin/native/build/store-projects-verified-20261005T124620Z/derived-data/Build/Intermediates.noindex/DaBin.build/Release/DaBin.build/Objects-normal/arm64/DaBin.LinkFileList -Xlinker -rpath -Xlinker /usr/lib/swift -Xlinker -object_path_lto -Xlinker /Users/roeylibfeld/Documents/KARI\ Creatives/DaBin/native/build/store-projects-verified-20261005T124620Z/derived-data/Build/Intermediates.noindex/DaBin.build/Release/DaBin.build/Objects-normal/arm64/DaBin_lto.o -Xlinker -dependency_info -Xlinker /Users/roeylibfeld/Documents/KARI\ Creatives/DaBin/native/build/store-projects-verified-20261005T124620Z/derived-data/Build/Intermediates.noindex/DaBin.build/Release/DaBin.build/Objects-normal/arm64/DaBin_dependency_info.dat -fobjc-link-runtime -L/Applications/Xcode.app/Contents/Developer/Toolchains/XcodeDefault.xctoolchain/usr/lib/swift/macosx -L/usr/lib/swift -Xlinker -add_ast_path -Xlinker /Users/roeylibfeld/Documents/KARI\ Creatives/DaBin/native/build/store-projects-verified-20261005T124620Z/derived-data/Build/Intermediates.noindex/DaBin.build/Release/DaBin.build/Objects-normal/arm64/DaBin.swiftmodule -o /Users/roeylibfeld/Documents/KARI\ Creatives/DaBin/native/build/store-projects-verified-20261005T124620Z/derived-data/Build/Products/Release/DaBin.app/Contents/MacOS/DaBin

CopySwiftLibs /Users/roeylibfeld/Documents/KARI\ Creatives/DaBin/native/build/store-projects-verified-20261005T124620Z/derived-data/Build/Products/Release/DaBin.app (in target 'DaBin' from project 'DaBin')
    cd /Users/roeylibfeld/Documents/KARI\ Creatives/DaBin/native
    builtin-swiftStdLibTool --copy --verbose --scan-executable /Users/roeylibfeld/Documents/KARI\ Creatives/DaBin/native/build/store-projects-verified-20261005T124620Z/derived-data/Build/Products/Release/DaBin.app/Contents/MacOS/DaBin --scan-folder /Users/roeylibfeld/Documents/KARI\ Creatives/DaBin/native/build/store-projects-verified-20261005T124620Z/derived-data/Build/Products/Release/DaBin.app/Contents/Frameworks --scan-folder /Users/roeylibfeld/Documents/KARI\ Creatives/DaBin/native/build/store-projects-verified-20261005T124620Z/derived-data/Build/Products/Release/DaBin.app/Contents/PlugIns --scan-folder /Users/roeylibfeld/Documents/KARI\ Creatives/DaBin/native/build/store-projects-verified-20261005T124620Z/derived-data/Build/Products/Release/DaBin.app/Contents/Library/SystemExtensions --scan-folder /Users/roeylibfeld/Documents/KARI\ Creatives/DaBin/native/build/store-projects-verified-20261005T124620Z/derived-data/Build/Products/Release/DaBin.app/Contents/Extensions --platform macosx --toolchain /Applications/Xcode.app/Contents/Developer/Toolchains/XcodeDefault.xctoolchain --destination /Users/roeylibfeld/Documents/KARI\ Creatives/DaBin/native/build/store-projects-verified-20261005T124620Z/derived-data/Build/Products/Release/DaBin.app/Contents/Frameworks --strip-bitcode --strip-bitcode-tool /Applications/Xcode.app/Contents/Developer/Toolchains/XcodeDefault.xctoolchain/usr/bin/bitcode_strip --emit-dependency-info /Users/roeylibfeld/Documents/KARI\ Creatives/DaBin/native/build/store-projects-verified-20261005T124620Z/derived-data/Build/Intermediates.noindex/DaBin.build/Release/DaBin.build/SwiftStdLibToolInputDependencies.dep --filter-for-swift-os --back-deploy-swift-span
Ignoring --strip-bitcode because --sign was not passed

ExtractAppIntentsMetadata (in target 'DaBin' from project 'DaBin')
    cd /Users/roeylibfeld/Documents/KARI\ Creatives/DaBin/native
    /Applications/Xcode.app/Contents/Developer/Toolchains/XcodeDefault.xctoolchain/usr/bin/appintentsmetadataprocessor --toolchain-dir /Applications/Xcode.app/Contents/Developer/Toolchains/XcodeDefault.xctoolchain --module-name DaBin --sdk-root /Applications/Xcode.app/Contents/Developer/Platforms/MacOSX.platform/Developer/SDKs/MacOSX27.0.sdk --xcode-version 27A266a --platform-family macOS --deployment-target 14.0 --bundle-identifier com.dabin.mac --output /Users/roeylibfeld/Documents/KARI\ Creatives/DaBin/native/build/store-projects-verified-20261005T124620Z/derived-data/Build/Products/Release/DaBin.app/Contents/Resources --target-triple arm64-apple-macos14.0 --binary-file /Users/roeylibfeld/Documents/KARI\ Creatives/DaBin/native/build/store-projects-verified-20261005T124620Z/derived-data/Build/Products/Release/DaBin.app/Contents/MacOS/DaBin --dependency-file /Users/roeylibfeld/Documents/KARI\ Creatives/DaBin/native/build/store-projects-verified-20261005T124620Z/derived-data/Build/Intermediates.noindex/DaBin.build/Release/DaBin.build/Objects-normal/arm64/DaBin_dependency_info.dat --stringsdata-file /Users/roeylibfeld/Documents/KARI\ Creatives/DaBin/native/build/store-projects-verified-20261005T124620Z/derived-data/Build/Intermediates.noindex/DaBin.build/Release/DaBin.build/Objects-normal/arm64/ExtractedAppShortcutsMetadata.stringsdata --source-file-list /Users/roeylibfeld/Documents/KARI\ Creatives/DaBin/native/build/store-projects-verified-20261005T124620Z/derived-data/Build/Intermediates.noindex/DaBin.build/Release/DaBin.build/Objects-normal/arm64/DaBin.SwiftFileList --metadata-file-list /Users/roeylibfeld/Documents/KARI\ Creatives/DaBin/native/build/store-projects-verified-20261005T124620Z/derived-data/Build/Intermediates.noindex/DaBin.build/Release/DaBin.build/DaBin.DependencyMetadataFileList --static-metadata-file-list /Users/roeylibfeld/Documents/KARI\ Creatives/DaBin/native/build/store-projects-verified-20261005T124620Z/derived-data/Build/Intermediates.noindex/DaBin.build/Release/DaBin.build/DaBin.DependencyStaticMetadataFileList --swift-const-vals-list /Users/roeylibfeld/Documents/KARI\ Creatives/DaBin/native/build/store-projects-verified-20261005T124620Z/derived-data/Build/Intermediates.noindex/DaBin.build/Release/DaBin.build/Objects-normal/arm64/DaBin.SwiftConstValuesFileList --compile-time-extraction --deployment-aware-processing --no-app-shortcuts-localization
2026-10-05 15:48:23.641 appintentsmetadataprocessor[68322:28002390] Starting appintentsmetadataprocessor export
2026-10-05 15:48:23.643 appintentsmetadataprocessor[68322:28002390] warning: Metadata extraction skipped, no AppIntents.framework dependency found

GenerateDSYMFile /Users/roeylibfeld/Documents/KARI\ Creatives/DaBin/native/build/store-projects-verified-20261005T124620Z/derived-data/Build/Products/Release/DaBin.app.dSYM /Users/roeylibfeld/Documents/KARI\ Creatives/DaBin/native/build/store-projects-verified-20261005T124620Z/derived-data/Build/Products/Release/DaBin.app/Contents/MacOS/DaBin (in target 'DaBin' from project 'DaBin')
    cd /Users/roeylibfeld/Documents/KARI\ Creatives/DaBin/native
    export PATH\=/Applications/Xcode.app/Contents/SharedFrameworks/SwiftBuild.framework/Versions/A/PlugIns/SWBBuildService.bundle/Contents/PlugIns/SWBUniversalPlatformPlugin.bundle/Contents/Frameworks/SWBUniversalPlatform.framework/Resources:/Applications/Xcode.app/Contents/Developer/Toolchains/XcodeDefault.xctoolchain/usr/bin:/Applications/Xcode.app/Contents/Developer/Toolchains/XcodeDefault.xctoolchain/usr/local/bin:/Applications/Xcode.app/Contents/Developer/Toolchains/XcodeDefault.xctoolchain/usr/libexec:/Applications/Xcode.app/Contents/Developer/Platforms/MacOSX.platform/usr/bin:/Applications/Xcode.app/Contents/Developer/Platforms/MacOSX.platform/usr/local/bin:/Applications/Xcode.app/Contents/Developer/Platforms/MacOSX.platform/Developer/usr/bin:/Applications/Xcode.app/Contents/Developer/Platforms/MacOSX.platform/Developer/usr/local/bin:/Applications/Xcode.app/Contents/Developer/usr/bin:/Applications/Xcode.app/Contents/Developer/usr/local/bin:/Users/roeylibfeld/.local/bin:/opt/homebrew/bin:/opt/homebrew/sbin:/usr/local/bin:/System/Cryptexes/App/usr/bin:/usr/bin:/bin:/usr/sbin:/sbin:/var/run/com.apple.security.cryptexd/codex.system/bootstrap/usr/local/bin:/var/run/com.apple.security.cryptexd/codex.system/bootstrap/usr/bin:/var/run/com.apple.security.cryptexd/codex.system/bootstrap/usr/appleinternal/bin:/pkg/env/global/bin:/Library/Apple/usr/bin:/Applications/ChatGPT.app/Contents/Resources/codex-cli/codex-path:/Users/roeylibfeld/.codex/tmp/arg0/codex-arg0EwsPZK:/Users/roeylibfeld/.cache/codex-runtimes/codex-primary-runtime/dependencies/bin/override:/Users/roeylibfeld/.cache/codex-runtimes/codex-primary-runtime/dependencies/bin/fallback:/Applications/ChatGPT.app/Contents/Resources:/Applications/ChatGPT.app/Contents/Resources/codex-cli/CodexCLI.app/Contents/MacOS
    /Applications/Xcode.app/Contents/Developer/Toolchains/XcodeDefault.xctoolchain/usr/bin/dsymutil /Users/roeylibfeld/Documents/KARI\ Creatives/DaBin/native/build/store-projects-verified-20261005T124620Z/derived-data/Build/Products/Release/DaBin.app/Contents/MacOS/DaBin -o /Users/roeylibfeld/Documents/KARI\ Creatives/DaBin/native/build/store-projects-verified-20261005T124620Z/derived-data/Build/Products/Release/DaBin.app.dSYM

RegisterExecutionPolicyException /Users/roeylibfeld/Documents/KARI\ Creatives/DaBin/native/build/store-projects-verified-20261005T124620Z/derived-data/Build/Products/Release/DaBin.app (in target 'DaBin' from project 'DaBin')
    cd /Users/roeylibfeld/Documents/KARI\ Creatives/DaBin/native
    builtin-RegisterExecutionPolicyException /Users/roeylibfeld/Documents/KARI\ Creatives/DaBin/native/build/store-projects-verified-20261005T124620Z/derived-data/Build/Products/Release/DaBin.app

Validate /Users/roeylibfeld/Documents/KARI\ Creatives/DaBin/native/build/store-projects-verified-20261005T124620Z/derived-data/Build/Products/Release/DaBin.app (in target 'DaBin' from project 'DaBin')
    cd /Users/roeylibfeld/Documents/KARI\ Creatives/DaBin/native
    builtin-validationUtility /Users/roeylibfeld/Documents/KARI\ Creatives/DaBin/native/build/store-projects-verified-20261005T124620Z/derived-data/Build/Products/Release/DaBin.app -no-validate-extension -infoplist-subpath Contents/Info.plist

Touch /Users/roeylibfeld/Documents/KARI\ Creatives/DaBin/native/build/store-projects-verified-20261005T124620Z/derived-data/Build/Products/Release/DaBin.app (in target 'DaBin' from project 'DaBin')
    cd /Users/roeylibfeld/Documents/KARI\ Creatives/DaBin/native
    /usr/bin/touch -c /Users/roeylibfeld/Documents/KARI\ Creatives/DaBin/native/build/store-projects-verified-20261005T124620Z/derived-data/Build/Products/Release/DaBin.app

RegisterWithLaunchServices /Users/roeylibfeld/Documents/KARI\ Creatives/DaBin/native/build/store-projects-verified-20261005T124620Z/derived-data/Build/Products/Release/DaBin.app (in target 'DaBin' from project 'DaBin')
    cd /Users/roeylibfeld/Documents/KARI\ Creatives/DaBin/native
    builtin-lsregisterurl --record-path /Users/roeylibfeld/Documents/KARI\ Creatives/DaBin/native/build/store-projects-verified-20261005T124620Z/derived-data/Build/Intermediates.noindex/XCBuildData/registered-launchservices.txt -- /System/Library/Frameworks/CoreServices.framework/Versions/Current/Frameworks/LaunchServices.framework/Versions/Current/Support/lsregister -f -R -trusted /Users/roeylibfeld/Documents/KARI\ Creatives/DaBin/native/build/store-projects-verified-20261005T124620Z/derived-data/Build/Products/Release/DaBin.app

PruneExplicitPrecompiledModules /Users/roeylibfeld/Documents/KARI Creatives/DaBin/native/build/store-projects-verified-20261005T124620Z/derived-data/Build/Intermediates.noindex/SwiftExplicitPrecompiledModules

PruneExplicitPrecompiledModules /Users/roeylibfeld/Documents/KARI Creatives/DaBin/native/build/store-projects-verified-20261005T124620Z/derived-data/Build/Intermediates.noindex/ExplicitPrecompiledModules

PruneExplicitPrecompiledModules /Users/roeylibfeld/Documents/KARI Creatives/DaBin/native/build/store-projects-verified-20261005T124620Z/derived-data/SDKExplicitPrecompiledModules

** BUILD SUCCEEDED **

